Response_ID,Submitted_DateTime,WO_No,Machine_ID,Cell_ID,Checklist_ID,Item_No,Check_Point,Result,Measured_Value,Observation,Photo_Link,Action_Taken,Tech_ID,Follow_Up_Required,Follow_Up_WO
CR-90001,2025-09-10T08:57:00,WO-1001,MC-01-001,CELL-01,CL-PRESS,1,Slide / ram guideway lubrication,OK,,Within standard,,No action,TECH-01,No,
CR-90002,2025-09-10T08:57:00,WO-1001,MC-01-001,CELL-01,CL-PRESS,2,Clutch & brake air pressure,OK,30.2,Within standard,,No action,TECH-01,No,
CR-90003,2025-09-10T08:57:00,WO-1001,MC-01-001,CELL-01,CL-PRESS,3,Die clamping bolt torque,OK,15.4,Within standard,,No action,TECH-01,No,
CR-90004,2025-09-10T08:57:00,WO-1001,MC-01-001,CELL-01,CL-PRESS,4,Safety light curtain function,OK,,Within standard,,No action,TECH-01,No,
CR-90005,2025-09-10T08:57:00,WO-1001,MC-01-001,CELL-01,CL-PRESS,5,Flywheel bearing temperature,OK,39.7,Within standard,,No action,TECH-01,No,
CR-90006,2025-09-10T08:57:00,WO-1001,MC-01-001,CELL-01,CL-PRESS,6,Oil level in gearbox,OK,,Within standard,,No action,TECH-01,No,
CR-90007,2025-09-10T08:57:00,WO-1001,MC-01-001,CELL-01,CL-PRESS,7,Air line FRL water drain,NOT OK,,"Deviation observed, corrected on the spot",https://epqpl.sharepoint.com/sites/Maintenance/PM_Photos/MC-01-001_7.jpg,Adjusted and re-verified,TECH-01,Yes,
CR-90008,2025-09-10T08:57:00,WO-1001,MC-01-001,CELL-01,CL-PRESS,8,Emergency stop function,OK,,Within standard,,No action,TECH-01,No,
CR-90009,2025-09-10T10:18:00,WO-1001,MC-01-002,CELL-01,CL-FEED,1,Feed roller wear,OK,,Within standard,,No action,TECH-01,No,
CR-90010,2025-09-10T10:18:00,WO-1001,MC-01-002,CELL-01,CL-FEED,2,Servo backlash check,OK,42.1,Within standard,,No action,TECH-01,No,
CR-90011,2025-09-10T10:18:00,WO-1001,MC-01-002,CELL-01,CL-FEED,3,Strip guide alignment,OK,28.4,Within standard,,No action,TECH-01,No,
CR-90012,2025-09-10T10:18:00,WO-1001,MC-01-002,CELL-01,CL-FEED,4,Lubrication unit level,OK,,Within standard,,No action,TECH-01,No,
CR-90013,2025-09-10T11:38:00,WO-1001,MC-01-003,CELL-01,CL-GEN,1,General cleanliness and 5S,OK,,Within standard,,No action,TECH-05,No,
CR-90014,2025-09-10T11:38:00,WO-1001,MC-01-003,CELL-01,CL-GEN,2,Fastener tightness check,OK,,Within standard,,No action,TECH-05,No,
CR-90015,2025-09-10T11:38:00,WO-1001,MC-01-003,CELL-01,CL-GEN,3,Guard and interlock function,OK,,Within standard,,No action,TECH-05,No,
CR-90016,2025-09-10T11:38:00,WO-1001,MC-01-003,CELL-01,CL-GEN,4,Lubrication as per chart,OK,,Within standard,,No action,TECH-05,No,
CR-90017,2025-09-10T11:38:00,WO-1001,MC-01-003,CELL-01,CL-GEN,5,Electrical panel inspection,OK,,Within standard,,No action,TECH-05,No,
CR-90018,2025-09-10T11:38:00,WO-1001,MC-01-003,CELL-01,CL-GEN,6,Abnormal noise / vibration,OK,,Within standard,,No action,TECH-05,No,
CR-90019,2025-09-10T12:24:00,WO-1001,MC-01-004,CELL-01,CL-GEN,1,General cleanliness and 5S,OK,,Within standard,,No action,TECH-04,No,
CR-90020,2025-09-10T12:24:00,WO-1001,MC-01-004,CELL-01,CL-GEN,2,Fastener tightness check,OK,,Within standard,,No action,TECH-04,No,
CR-90021,2025-09-10T12:24:00,WO-1001,MC-01-004,CELL-01,CL-GEN,3,Guard and interlock function,OK,,Within standard,,No action,TECH-04,No,
CR-90022,2025-09-10T12:24:00,WO-1001,MC-01-004,CELL-01,CL-GEN,4,Lubrication as per chart,NOT OK,,"Deviation observed, corrected on the spot",https://epqpl.sharepoint.com/sites/Maintenance/PM_Photos/MC-01-004_4.jpg,Adjusted and re-verified,TECH-04,No,
CR-90023,2025-09-10T12:24:00,WO-1001,MC-01-004,CELL-01,CL-GEN,5,Electrical panel inspection,NOT OK,,"Deviation observed, corrected on the spot",https://epqpl.sharepoint.com/sites/Maintenance/PM_Photos/MC-01-004_5.jpg,Adjusted and re-verified,TECH-04,No,
CR-90024,2025-09-10T12:24:00,WO-1001,MC-01-004,CELL-01,CL-GEN,6,Abnormal noise / vibration,NOT OK,,"Deviation observed, corrected on the spot",https://epqpl.sharepoint.com/sites/Maintenance/PM_Photos/MC-01-004_6.jpg,Adjusted and re-verified,TECH-04,No,
CR-90025,2025-09-25T09:10:00,WO-1002,MC-02-005,CELL-02,CL-WELD,1,Electrode tip dressing condition,OK,,Within standard,,No action,TECH-04,No,
CR-90026,2025-09-25T09:10:00,WO-1002,MC-02-005,CELL-02,CL-WELD,2,Weld current calibration,OK,19.9,Within standard,,No action,TECH-04,No,
CR-90027,2025-09-25T09:10:00,WO-1002,MC-02-005,CELL-02,CL-WELD,3,Cooling water flow rate,OK,32.9,Within standard,,No action,TECH-04,No,
CR-90028,2025-09-25T09:10:00,WO-1002,MC-02-005,CELL-02,CL-WELD,4,Transformer terminal tightness,OK,,Within standard,,No action,TECH-04,No,
CR-90029,2025-09-25T09:10:00,WO-1002,MC-02-005,CELL-02,CL-WELD,5,Pneumatic cylinder leak check,OK,,Within standard,,No action,TECH-04,No,
CR-90030,2025-09-25T09:10:00,WO-1002,MC-02-005,CELL-02,CL-WELD,6,Earth continuity,OK,9.2,Within standard,,No action,TECH-04,No,
CR-90031,2025-09-25T10:27:00,WO-1002,MC-02-006,CELL-02,CL-GEN,1,General cleanliness and 5S,OK,,Within standard,,No action,TECH-02,No,
CR-90032,2025-09-25T10:27:00,WO-1002,MC-02-006,CELL-02,CL-GEN,2,Fastener tightness check,OK,,Within standard,,No action,TECH-02,No,
CR-90033,2025-09-25T10:27:00,WO-1002,MC-02-006,CELL-02,CL-GEN,3,Guard and interlock function,OK,,Within standard,,No action,TECH-02,No,
CR-90034,2025-09-25T10:27:00,WO-1002,MC-02-006,CELL-02,CL-GEN,4,Lubrication as per chart,OK,,Within standard,,No action,TECH-02,No,
CR-90035,2025-09-25T10:27:00,WO-1002,MC-02-006,CELL-02,CL-GEN,5,Electrical panel inspection,OK,,Within standard,,No action,TECH-02,No,
CR-90036,2025-09-25T10:27:00,WO-1002,MC-02-006,CELL-02,CL-GEN,6,Abnormal noise / vibration,OK,,Within standard,,No action,TECH-02,No,
CR-90037,2025-09-25T10:43:00,WO-1002,MC-02-007,CELL-02,CL-GEN,1,General cleanliness and 5S,OK,,Within standard,,No action,TECH-04,No,
CR-90038,2025-09-25T10:43:00,WO-1002,MC-02-007,CELL-02,CL-GEN,2,Fastener tightness check,OK,,Within standard,,No action,TECH-04,No,
CR-90039,2025-09-25T10:43:00,WO-1002,MC-02-007,CELL-02,CL-GEN,3,Guard and interlock function,OK,,Within standard,,No action,TECH-04,No,
CR-90040,2025-09-25T10:43:00,WO-1002,MC-02-007,CELL-02,CL-GEN,4,Lubrication as per chart,OK,,Within standard,,No action,TECH-04,No,
CR-90041,2025-09-25T10:43:00,WO-1002,MC-02-007,CELL-02,CL-GEN,5,Electrical panel inspection,OK,,Within standard,,No action,TECH-04,No,
CR-90042,2025-09-25T10:43:00,WO-1002,MC-02-007,CELL-02,CL-GEN,6,Abnormal noise / vibration,OK,,Within standard,,No action,TECH-04,No,
CR-90043,2025-09-25T11:50:00,WO-1002,MC-02-008,CELL-02,CL-VISION,1,Camera lens cleanliness,NOT OK,,"Deviation observed, corrected on the spot",https://epqpl.sharepoint.com/sites/Maintenance/PM_Photos/MC-02-008_1.jpg,Adjusted and re-verified,TECH-02,Yes,
CR-90044,2025-09-25T11:50:00,WO-1002,MC-02-008,CELL-02,CL-VISION,2,Lighting intensity,OK,1.3,Within standard,,No action,TECH-02,No,
CR-90045,2025-09-25T11:50:00,WO-1002,MC-02-008,CELL-02,CL-VISION,3,Reject gate actuation,NOT OK,,"Deviation observed, corrected on the spot",https://epqpl.sharepoint.com/sites/Maintenance/PM_Photos/MC-02-008_3.jpg,Adjusted and re-verified,TECH-02,Yes,
CR-90046,2025-09-25T11:50:00,WO-1002,MC-02-008,CELL-02,CL-VISION,4,Master sample pass/fail check,OK,,Within standard,,No action,TECH-02,No,
CR-90047,2025-09-30T08:42:00,WO-1003,MC-03-009,CELL-03,CL-PRESS,1,Slide / ram guideway lubrication,OK,,Within standard,,No action,TECH-01,No,
CR-90048,2025-09-30T08:42:00,WO-1003,MC-03-009,CELL-03,CL-PRESS,2,Clutch & brake air pressure,OK,50.6,Within standard,,No action,TECH-01,No,
CR-90049,2025-09-30T08:42:00,WO-1003,MC-03-009,CELL-03,CL-PRESS,3,Die clamping bolt torque,NOT OK,55.3,"Deviation observed, corrected on the spot",https://epqpl.sharepoint.com/sites/Maintenance/PM_Photos/MC-03-009_3.jpg,Adjusted and re-verified,TECH-01,No,
CR-90050,2025-09-30T08:42:00,WO-1003,MC-03-009,CELL-03,CL-PRESS,4,Safety light curtain function,OK,,Within standard,,No action,TECH-01,No,
CR-90051,2025-09-30T08:42:00,WO-1003,MC-03-009,CELL-03,CL-PRESS,5,Flywheel bearing temperature,OK,32.5,Within standard,,No action,TECH-01,No,
CR-90052,2025-09-30T08:42:00,WO-1003,MC-03-009,CELL-03,CL-PRESS,6,Oil level in gearbox,OK,,Within standard,,No action,TECH-01,No,
CR-90053,2025-09-30T08:42:00,WO-1003,MC-03-009,CELL-03,CL-PRESS,7,Air line FRL water drain,OK,,Within standard,,No action,TECH-01,No,
CR-90054,2025-09-30T08:42:00,WO-1003,MC-03-009,CELL-03,CL-PRESS,8,Emergency stop function,OK,,Within standard,,No action,TECH-01,No,
CR-90055,2025-09-30T10:24:00,WO-1003,MC-03-010,CELL-03,CL-GEN,1,General cleanliness and 5S,OK,,Within standard,,No action,TECH-04,No,
CR-90056,2025-09-30T10:24:00,WO-1003,MC-03-010,CELL-03,CL-GEN,2,Fastener tightness check,OK,,Within standard,,No action,TECH-04,No,
CR-90057,2025-09-30T10:24:00,WO-1003,MC-03-010,CELL-03,CL-GEN,3,Guard and interlock function,OK,,Within standard,,No action,TECH-04,No,
CR-90058,2025-09-30T10:24:00,WO-1003,MC-03-010,CELL-03,CL-GEN,4,Lubrication as per chart,NOT OK,,"Deviation observed, corrected on the spot",https://epqpl.sharepoint.com/sites/Maintenance/PM_Photos/MC-03-010_4.jpg,Adjusted and re-verified,TECH-04,Yes,
CR-90059,2025-09-30T10:24:00,WO-1003,MC-03-010,CELL-03,CL-GEN,5,Electrical panel inspection,OK,,Within standard,,No action,TECH-04,No,
CR-90060,2025-09-30T10:24:00,WO-1003,MC-03-010,CELL-03,CL-GEN,6,Abnormal noise / vibration,OK,,Within standard,,No action,TECH-04,No,
CR-90061,2025-09-30T09:52:00,WO-1003,MC-03-011,CELL-03,CL-PRESS,1,Slide / ram guideway lubrication,OK,,Within standard,,No action,TECH-04,No,
CR-90062,2025-09-30T09:52:00,WO-1003,MC-03-011,CELL-03,CL-PRESS,2,Clutch & brake air pressure,OK,27.8,Within standard,,No action,TECH-04,No,
CR-90063,2025-09-30T09:52:00,WO-1003,MC-03-011,CELL-03,CL-PRESS,3,Die clamping bolt torque,OK,20.9,Within standard,,No action,TECH-04,No,
CR-90064,2025-09-30T09:52:00,WO-1003,MC-03-011,CELL-03,CL-PRESS,4,Safety light curtain function,OK,,Within standard,,No action,TECH-04,No,
CR-90065,2025-09-30T09:52:00,WO-1003,MC-03-011,CELL-03,CL-PRESS,5,Flywheel bearing temperature,OK,52.9,Within standard,,No action,TECH-04,No,
CR-90066,2025-09-30T09:52:00,WO-1003,MC-03-011,CELL-03,CL-PRESS,6,Oil level in gearbox,OK,,Within standard,,No action,TECH-04,No,
CR-90067,2025-09-30T09:52:00,WO-1003,MC-03-011,CELL-03,CL-PRESS,7,Air line FRL water drain,OK,,Within standard,,No action,TECH-04,No,
CR-90068,2025-09-30T09:52:00,WO-1003,MC-03-011,CELL-03,CL-PRESS,8,Emergency stop function,OK,,Within standard,,No action,TECH-04,No,
CR-90069,2025-09-30T13:09:00,WO-1003,MC-03-012,CELL-03,CL-TEST,1,Calibration validity,OK,,Within standard,,No action,TECH-03,No,
CR-90070,2025-09-30T13:09:00,WO-1003,MC-03-012,CELL-03,CL-TEST,2,Test lead / probe condition,OK,,Within standard,,No action,TECH-03,No,
CR-90071,2025-09-30T13:09:00,WO-1003,MC-03-012,CELL-03,CL-TEST,3,Reference standard verification,OK,28.7,Within standard,,No action,TECH-03,No,
CR-90072,2025-09-30T13:09:00,WO-1003,MC-03-012,CELL-03,CL-TEST,4,Earthing of test bench,OK,45.2,Within standard,,No action,TECH-03,No,
CR-90073,2025-09-30T13:09:00,WO-1003,MC-03-012,CELL-03,CL-TEST,5,Interlock and guard function,OK,,Within standard,,No action,TECH-03,No,
CR-90074,2025-10-03T09:30:00,WO-1004,MC-04-013,CELL-04,CL-FILL,1,Vibrator motor mounting bolts,OK,,Within standard,,No action,TECH-02,No,
CR-90075,2025-10-03T09:30:00,WO-1004,MC-04-013,CELL-04,CL-FILL,2,Sand hopper level sensor,OK,,Within standard,,No action,TECH-02,No,
CR-90076,2025-10-03T09:30:00,WO-1004,MC-04-013,CELL-04,CL-FILL,3,Filling nozzle wear,OK,28.4,Within standard,,No action,TECH-02,No,
CR-90077,2025-10-03T09:30:00,WO-1004,MC-04-013,CELL-04,CL-FILL,4,Compaction cycle time,OK,16.1,Within standard,,No action,TECH-02,No,
CR-90078,2025-10-03T09:30:00,WO-1004,MC-04-013,CELL-04,CL-FILL,5,Dust extraction suction,OK,22.8,Within standard,,No action,TECH-02,No,
CR-90079,2025-10-03T09:30:00,WO-1004,MC-04-013,CELL-04,CL-FILL,6,Conveyor belt tracking,OK,,Within standard,,No action,TECH-02,No,
CR-90080,2025-10-03T09:30:00,WO-1004,MC-04-013,CELL-04,CL-FILL,7,PLC battery status,OK,,Within standard,,No action,TECH-02,No,
CR-90081,2025-10-03T10:48:00,WO-1004,MC-04-014,CELL-04,CL-FILL,1,Vibrator motor mounting bolts,OK,,Within standard,,No action,TECH-05,No,
CR-90082,2025-10-03T10:48:00,WO-1004,MC-04-014,CELL-04,CL-FILL,2,Sand hopper level sensor,NOT OK,,"Deviation observed, corrected on the spot",https://epqpl.sharepoint.com/sites/Maintenance/PM_Photos/MC-04-014_2.jpg,Adjusted and re-verified,TECH-05,No,
CR-90083,2025-10-03T10:48:00,WO-1004,MC-04-014,CELL-04,CL-FILL,3,Filling nozzle wear,OK,7.4,Within standard,,No action,TECH-05,No,
CR-90084,2025-10-03T10:48:00,WO-1004,MC-04-014,CELL-04,CL-FILL,4,Compaction cycle time,OK,2.5,Within standard,,No action,TECH-05,No,
CR-90085,2025-10-03T10:48:00,WO-1004,MC-04-014,CELL-04,CL-FILL,5,Dust extraction suction,OK,19.4,Within standard,,No action,TECH-05,No,
CR-90086,2025-10-03T10:48:00,WO-1004,MC-04-014,CELL-04,CL-FILL,6,Conveyor belt tracking,OK,,Within standard,,No action,TECH-05,No,
CR-90087,2025-10-03T10:48:00,WO-1004,MC-04-014,CELL-04,CL-FILL,7,PLC battery status,OK,,Within standard,,No action,TECH-05,No,
CR-90088,2025-10-03T10:49:00,WO-1004,MC-04-015,CELL-04,CL-OVEN,1,Door gasket condition,OK,,Within standard,,No action,TECH-06,No,
CR-90089,2025-10-03T10:49:00,WO-1004,MC-04-015,CELL-04,CL-OVEN,2,Steam trap operation,NOT OK,,"Deviation observed, corrected on the spot",https://epqpl.sharepoint.com/sites/Maintenance/PM_Photos/MC-04-015_2.jpg,Adjusted and re-verified,TECH-06,Yes,
CR-90090,2025-10-03T10:49:00,WO-1004,MC-04-015,CELL-04,CL-OVEN,3,Temperature sensor calibration,OK,46.6,Within standard,,No action,TECH-06,No,
CR-90091,2025-10-03T10:49:00,WO-1004,MC-04-015,CELL-04,CL-OVEN,4,Safety relief valve test,OK,,Within standard,,No action,TECH-06,No,
CR-90092,2025-10-03T10:49:00,WO-1004,MC-04-015,CELL-04,CL-OVEN,5,Insulation surface temperature,NOT OK,51.2,"Deviation observed, corrected on the spot",https://epqpl.sharepoint.com/sites/Maintenance/PM_Photos/MC-04-015_5.jpg,Adjusted and re-verified,TECH-06,No,
CR-90093,2025-10-03T10:49:00,WO-1004,MC-04-015,CELL-04,CL-OVEN,6,Condensate drain line,OK,,Within standard,,No action,TECH-06,No,
CR-90094,2025-10-03T12:37:00,WO-1004,MC-04-016,CELL-04,CL-UTIL,1,Motor current draw,OK,40,Within standard,,No action,TECH-01,No,
CR-90095,2025-10-03T12:37:00,WO-1004,MC-04-016,CELL-04,CL-UTIL,2,Vibration level at bearing,OK,5.1,Within standard,,No action,TECH-01,No,
CR-90096,2025-10-03T12:37:00,WO-1004,MC-04-016,CELL-04,CL-UTIL,3,Coupling / belt condition,OK,,Within standard,,No action,TECH-01,No,
CR-90097,2025-10-03T12:37:00,WO-1004,MC-04-016,CELL-04,CL-UTIL,4,Panel cleanliness and glands,NOT OK,,"Deviation observed, corrected on the spot",https://epqpl.sharepoint.com/sites/Maintenance/PM_Photos/MC-04-016_4.jpg,Adjusted and re-verified,TECH-01,No,
CR-90098,2025-10-03T12:37:00,WO-1004,MC-04-016,CELL-04,CL-UTIL,5,Leak check on all joints,OK,,Within standard,,No action,TECH-01,No,
CR-90099,2025-10-16T09:10:00,WO-1005,MC-05-017,CELL-05,CL-OVEN,1,Door gasket condition,OK,,Within standard,,No action,TECH-06,No,
CR-90100,2025-10-16T09:10:00,WO-1005,MC-05-017,CELL-05,CL-OVEN,2,Steam trap operation,OK,,Within standard,,No action,TECH-06,No,
CR-90101,2025-10-16T09:10:00,WO-1005,MC-05-017,CELL-05,CL-OVEN,3,Temperature sensor calibration,OK,28.4,Within standard,,No action,TECH-06,No,
CR-90102,2025-10-16T09:10:00,WO-1005,MC-05-017,CELL-05,CL-OVEN,4,Safety relief valve test,NOT OK,,"Deviation observed, corrected on the spot",https://epqpl.sharepoint.com/sites/Maintenance/PM_Photos/MC-05-017_4.jpg,Adjusted and re-verified,TECH-06,No,
CR-90103,2025-10-16T09:10:00,WO-1005,MC-05-017,CELL-05,CL-OVEN,5,Insulation surface temperature,OK,36,Within standard,,No action,TECH-06,No,
CR-90104,2025-10-16T09:10:00,WO-1005,MC-05-017,CELL-05,CL-OVEN,6,Condensate drain line,OK,,Within standard,,No action,TECH-06,No,
CR-90105,2025-10-16T10:36:00,WO-1005,MC-05-018,CELL-05,CL-OVEN,1,Door gasket condition,OK,,Within standard,,No action,TECH-03,No,
CR-90106,2025-10-16T10:36:00,WO-1005,MC-05-018,CELL-05,CL-OVEN,2,Steam trap operation,NOT OK,,"Deviation observed, corrected on the spot",https://epqpl.sharepoint.com/sites/Maintenance/PM_Photos/MC-05-018_2.jpg,Adjusted and re-verified,TECH-03,No,
CR-90107,2025-10-16T10:36:00,WO-1005,MC-05-018,CELL-05,CL-OVEN,3,Temperature sensor calibration,OK,34.6,Within standard,,No action,TECH-03,No,
CR-90108,2025-10-16T10:36:00,WO-1005,MC-05-018,CELL-05,CL-OVEN,4,Safety relief valve test,NOT OK,,"Deviation observed, corrected on the spot",https://epqpl.sharepoint.com/sites/Maintenance/PM_Photos/MC-05-018_4.jpg,Adjusted and re-verified,TECH-03,No,
CR-90109,2025-10-16T10:36:00,WO-1005,MC-05-018,CELL-05,CL-OVEN,5,Insulation surface temperature,OK,20.8,Within standard,,No action,TECH-03,No,
CR-90110,2025-10-16T10:36:00,WO-1005,MC-05-018,CELL-05,CL-OVEN,6,Condensate drain line,OK,,Within standard,,No action,TECH-03,No,
CR-90111,2025-10-16T10:18:00,WO-1005,MC-05-019,CELL-05,CL-UTIL,1,Motor current draw,OK,16.2,Within standard,,No action,TECH-04,No,
CR-90112,2025-10-16T10:18:00,WO-1005,MC-05-019,CELL-05,CL-UTIL,2,Vibration level at bearing,OK,17.5,Within standard,,No action,TECH-04,No,
CR-90113,2025-10-16T10:18:00,WO-1005,MC-05-019,CELL-05,CL-UTIL,3,Coupling / belt condition,OK,,Within standard,,No action,TECH-04,No,
CR-90114,2025-10-16T10:18:00,WO-1005,MC-05-019,CELL-05,CL-UTIL,4,Panel cleanliness and glands,OK,,Within standard,,No action,TECH-04,No,
CR-90115,2025-10-16T10:18:00,WO-1005,MC-05-019,CELL-05,CL-UTIL,5,Leak check on all joints,OK,,Within standard,,No action,TECH-04,No,
CR-90116,2025-10-16T13:11:00,WO-1005,MC-05-020,CELL-05,CL-UTIL,1,Motor current draw,OK,56.9,Within standard,,No action,TECH-05,No,
CR-90117,2025-10-16T13:11:00,WO-1005,MC-05-020,CELL-05,CL-UTIL,2,Vibration level at bearing,OK,6.1,Within standard,,No action,TECH-05,No,
CR-90118,2025-10-16T13:11:00,WO-1005,MC-05-020,CELL-05,CL-UTIL,3,Coupling / belt condition,OK,,Within standard,,No action,TECH-05,No,
CR-90119,2025-10-16T13:11:00,WO-1005,MC-05-020,CELL-05,CL-UTIL,4,Panel cleanliness and glands,OK,,Within standard,,No action,TECH-05,No,
CR-90120,2025-10-16T13:11:00,WO-1005,MC-05-020,CELL-05,CL-UTIL,5,Leak check on all joints,OK,,Within standard,,No action,TECH-05,No,
CR-90121,2025-10-23T08:21:00,WO-1006,MC-06-021,CELL-06,CL-GEN,1,General cleanliness and 5S,OK,,Within standard,,No action,TECH-01,No,
CR-90122,2025-10-23T08:21:00,WO-1006,MC-06-021,CELL-06,CL-GEN,2,Fastener tightness check,OK,,Within standard,,No action,TECH-01,No,
CR-90123,2025-10-23T08:21:00,WO-1006,MC-06-021,CELL-06,CL-GEN,3,Guard and interlock function,OK,,Within standard,,No action,TECH-01,No,
CR-90124,2025-10-23T08:21:00,WO-1006,MC-06-021,CELL-06,CL-GEN,4,Lubrication as per chart,OK,,Within standard,,No action,TECH-01,No,
CR-90125,2025-10-23T08:21:00,WO-1006,MC-06-021,CELL-06,CL-GEN,5,Electrical panel inspection,OK,,Within standard,,No action,TECH-01,No,
CR-90126,2025-10-23T08:21:00,WO-1006,MC-06-021,CELL-06,CL-GEN,6,Abnormal noise / vibration,OK,,Within standard,,No action,TECH-01,No,
CR-90127,2025-10-23T09:59:00,WO-1006,MC-06-022,CELL-06,CL-PRESS,1,Slide / ram guideway lubrication,OK,,Within standard,,No action,TECH-06,No,
CR-90128,2025-10-23T09:59:00,WO-1006,MC-06-022,CELL-06,CL-PRESS,2,Clutch & brake air pressure,OK,26.1,Within standard,,No action,TECH-06,No,
CR-90129,2025-10-23T09:59:00,WO-1006,MC-06-022,CELL-06,CL-PRESS,3,Die clamping bolt torque,OK,45,Within standard,,No action,TECH-06,No,
CR-90130,2025-10-23T09:59:00,WO-1006,MC-06-022,CELL-06,CL-PRESS,4,Safety light curtain function,OK,,Within standard,,No action,TECH-06,No,
CR-90131,2025-10-23T09:59:00,WO-1006,MC-06-022,CELL-06,CL-PRESS,5,Flywheel bearing temperature,OK,20.5,Within standard,,No action,TECH-06,No,
CR-90132,2025-10-23T09:59:00,WO-1006,MC-06-022,CELL-06,CL-PRESS,6,Oil level in gearbox,OK,,Within standard,,No action,TECH-06,No,
CR-90133,2025-10-23T09:59:00,WO-1006,MC-06-022,CELL-06,CL-PRESS,7,Air line FRL water drain,OK,,Within standard,,No action,TECH-06,No,
CR-90134,2025-10-23T09:59:00,WO-1006,MC-06-022,CELL-06,CL-PRESS,8,Emergency stop function,OK,,Within standard,,No action,TECH-06,No,
CR-90135,2025-10-23T10:38:00,WO-1006,MC-06-023,CELL-06,CL-GEN,1,General cleanliness and 5S,OK,,Within standard,,No action,TECH-06,No,
CR-90136,2025-10-23T10:38:00,WO-1006,MC-06-023,CELL-06,CL-GEN,2,Fastener tightness check,OK,,Within standard,,No action,TECH-06,No,
CR-90137,2025-10-23T10:38:00,WO-1006,MC-06-023,CELL-06,CL-GEN,3,Guard and interlock function,OK,,Within standard,,No action,TECH-06,No,
CR-90138,2025-10-23T10:38:00,WO-1006,MC-06-023,CELL-06,CL-GEN,4,Lubrication as per chart,OK,,Within standard,,No action,TECH-06,No,
CR-90139,2025-10-23T10:38:00,WO-1006,MC-06-023,CELL-06,CL-GEN,5,Electrical panel inspection,OK,,Within standard,,No action,TECH-06,No,
CR-90140,2025-10-23T10:38:00,WO-1006,MC-06-023,CELL-06,CL-GEN,6,Abnormal noise / vibration,OK,,Within standard,,No action,TECH-06,No,
CR-90141,2025-10-23T11:27:00,WO-1006,MC-06-024,CELL-06,CL-TEST,1,Calibration validity,OK,,Within standard,,No action,TECH-06,No,
CR-90142,2025-10-23T11:27:00,WO-1006,MC-06-024,CELL-06,CL-TEST,2,Test lead / probe condition,OK,,Within standard,,No action,TECH-06,No,
CR-90143,2025-10-23T11:27:00,WO-1006,MC-06-024,CELL-06,CL-TEST,3,Reference standard verification,OK,46,Within standard,,No action,TECH-06,No,
CR-90144,2025-10-23T11:27:00,WO-1006,MC-06-024,CELL-06,CL-TEST,4,Earthing of test bench,OK,11.9,Within standard,,No action,TECH-06,No,
CR-90145,2025-10-23T11:27:00,WO-1006,MC-06-024,CELL-06,CL-TEST,5,Interlock and guard function,OK,,Within standard,,No action,TECH-06,No,
CR-90146,2025-10-27T08:25:00,WO-1007,MC-07-025,CELL-07,CL-TEST,1,Calibration validity,OK,,Within standard,,No action,TECH-06,No,
CR-90147,2025-10-27T08:25:00,WO-1007,MC-07-025,CELL-07,CL-TEST,2,Test lead / probe condition,OK,,Within standard,,No action,TECH-06,No,
CR-90148,2025-10-27T08:25:00,WO-1007,MC-07-025,CELL-07,CL-TEST,3,Reference standard verification,OK,33.6,Within standard,,No action,TECH-06,No,
CR-90149,2025-10-27T08:25:00,WO-1007,MC-07-025,CELL-07,CL-TEST,4,Earthing of test bench,OK,42.1,Within standard,,No action,TECH-06,No,
CR-90150,2025-10-27T08:25:00,WO-1007,MC-07-025,CELL-07,CL-TEST,5,Interlock and guard function,OK,,Within standard,,No action,TECH-06,No,
CR-90151,2025-10-27T11:06:00,WO-1007,MC-07-026,CELL-07,CL-TEST,1,Calibration validity,NOT OK,,"Deviation observed, corrected on the spot",https://epqpl.sharepoint.com/sites/Maintenance/PM_Photos/MC-07-026_1.jpg,Adjusted and re-verified,TECH-02,No,
CR-90152,2025-10-27T11:06:00,WO-1007,MC-07-026,CELL-07,CL-TEST,2,Test lead / probe condition,OK,,Within standard,,No action,TECH-02,No,
CR-90153,2025-10-27T11:06:00,WO-1007,MC-07-026,CELL-07,CL-TEST,3,Reference standard verification,OK,28.7,Within standard,,No action,TECH-02,No,
CR-90154,2025-10-27T11:06:00,WO-1007,MC-07-026,CELL-07,CL-TEST,4,Earthing of test bench,OK,27,Within standard,,No action,TECH-02,No,
CR-90155,2025-10-27T11:06:00,WO-1007,MC-07-026,CELL-07,CL-TEST,5,Interlock and guard function,OK,,Within standard,,No action,TECH-02,No,
CR-90156,2025-10-27T10:10:00,WO-1007,MC-07-027,CELL-07,CL-TEST,1,Calibration validity,NOT OK,,"Deviation observed, corrected on the spot",https://epqpl.sharepoint.com/sites/Maintenance/PM_Photos/MC-07-027_1.jpg,Adjusted and re-verified,TECH-02,No,
CR-90157,2025-10-27T10:10:00,WO-1007,MC-07-027,CELL-07,CL-TEST,2,Test lead / probe condition,OK,,Within standard,,No action,TECH-02,No,
CR-90158,2025-10-27T10:10:00,WO-1007,MC-07-027,CELL-07,CL-TEST,3,Reference standard verification,OK,35,Within standard,,No action,TECH-02,No,
CR-90159,2025-10-27T10:10:00,WO-1007,MC-07-027,CELL-07,CL-TEST,4,Earthing of test bench,NOT OK,41.5,"Deviation observed, corrected on the spot",https://epqpl.sharepoint.com/sites/Maintenance/PM_Photos/MC-07-027_4.jpg,Adjusted and re-verified,TECH-02,Yes,
CR-90160,2025-10-27T10:10:00,WO-1007,MC-07-027,CELL-07,CL-TEST,5,Interlock and guard function,OK,,Within standard,,No action,TECH-02,No,
CR-90161,2025-11-13T08:27:00,WO-1009,MC-01-001,CELL-01,CL-PRESS,1,Slide / ram guideway lubrication,OK,,Within standard,,No action,TECH-03,No,
CR-90162,2025-11-13T08:27:00,WO-1009,MC-01-001,CELL-01,CL-PRESS,2,Clutch & brake air pressure,OK,5.4,Within standard,,No action,TECH-03,No,
CR-90163,2025-11-13T08:27:00,WO-1009,MC-01-001,CELL-01,CL-PRESS,3,Die clamping bolt torque,OK,1.2,Within standard,,No action,TECH-03,No,
CR-90164,2025-11-13T08:27:00,WO-1009,MC-01-001,CELL-01,CL-PRESS,4,Safety light curtain function,OK,,Within standard,,No action,TECH-03,No,
CR-90165,2025-11-13T08:27:00,WO-1009,MC-01-001,CELL-01,CL-PRESS,5,Flywheel bearing temperature,OK,27.6,Within standard,,No action,TECH-03,No,
CR-90166,2025-11-13T08:27:00,WO-1009,MC-01-001,CELL-01,CL-PRESS,6,Oil level in gearbox,OK,,Within standard,,No action,TECH-03,No,
CR-90167,2025-11-13T08:27:00,WO-1009,MC-01-001,CELL-01,CL-PRESS,7,Air line FRL water drain,OK,,Within standard,,No action,TECH-03,No,
CR-90168,2025-11-13T08:27:00,WO-1009,MC-01-001,CELL-01,CL-PRESS,8,Emergency stop function,OK,,Within standard,,No action,TECH-03,No,
CR-90169,2025-11-13T09:42:00,WO-1009,MC-01-002,CELL-01,CL-FEED,1,Feed roller wear,OK,,Within standard,,No action,TECH-05,No,
CR-90170,2025-11-13T09:42:00,WO-1009,MC-01-002,CELL-01,CL-FEED,2,Servo backlash check,OK,17.7,Within standard,,No action,TECH-05,No,
CR-90171,2025-11-13T09:42:00,WO-1009,MC-01-002,CELL-01,CL-FEED,3,Strip guide alignment,OK,51.7,Within standard,,No action,TECH-05,No,
CR-90172,2025-11-13T09:42:00,WO-1009,MC-01-002,CELL-01,CL-FEED,4,Lubrication unit level,OK,,Within standard,,No action,TECH-05,No,
CR-90173,2025-11-13T10:47:00,WO-1009,MC-01-003,CELL-01,CL-GEN,1,General cleanliness and 5S,OK,,Within standard,,No action,TECH-01,No,
CR-90174,2025-11-13T10:47:00,WO-1009,MC-01-003,CELL-01,CL-GEN,2,Fastener tightness check,OK,,Within standard,,No action,TECH-01,No,
CR-90175,2025-11-13T10:47:00,WO-1009,MC-01-003,CELL-01,CL-GEN,3,Guard and interlock function,OK,,Within standard,,No action,TECH-01,No,
CR-90176,2025-11-13T10:47:00,WO-1009,MC-01-003,CELL-01,CL-GEN,4,Lubrication as per chart,OK,,Within standard,,No action,TECH-01,No,
CR-90177,2025-11-13T10:47:00,WO-1009,MC-01-003,CELL-01,CL-GEN,5,Electrical panel inspection,NOT OK,,"Deviation observed, corrected on the spot",https://epqpl.sharepoint.com/sites/Maintenance/PM_Photos/MC-01-003_5.jpg,Adjusted and re-verified,TECH-01,No,
CR-90178,2025-11-13T10:47:00,WO-1009,MC-01-003,CELL-01,CL-GEN,6,Abnormal noise / vibration,NOT OK,,"Deviation observed, corrected on the spot",https://epqpl.sharepoint.com/sites/Maintenance/PM_Photos/MC-01-003_6.jpg,Adjusted and re-verified,TECH-01,No,
CR-90179,2025-11-13T11:51:00,WO-1009,MC-01-004,CELL-01,CL-GEN,1,General cleanliness and 5S,OK,,Within standard,,No action,TECH-04,No,
CR-90180,2025-11-13T11:51:00,WO-1009,MC-01-004,CELL-01,CL-GEN,2,Fastener tightness check,OK,,Within standard,,No action,TECH-04,No,
CR-90181,2025-11-13T11:51:00,WO-1009,MC-01-004,CELL-01,CL-GEN,3,Guard and interlock function,OK,,Within standard,,No action,TECH-04,No,
CR-90182,2025-11-13T11:51:00,WO-1009,MC-01-004,CELL-01,CL-GEN,4,Lubrication as per chart,OK,,Within standard,,No action,TECH-04,No,
CR-90183,2025-11-13T11:51:00,WO-1009,MC-01-004,CELL-01,CL-GEN,5,Electrical panel inspection,OK,,Within standard,,No action,TECH-04,No,
CR-90184,2025-11-13T11:51:00,WO-1009,MC-01-004,CELL-01,CL-GEN,6,Abnormal noise / vibration,OK,,Within standard,,No action,TECH-04,No,
CR-90185,2025-11-17T09:23:00,WO-1010,MC-02-005,CELL-02,CL-WELD,1,Electrode tip dressing condition,OK,,Within standard,,No action,TECH-06,No,
CR-90186,2025-11-17T09:23:00,WO-1010,MC-02-005,CELL-02,CL-WELD,2,Weld current calibration,OK,32.9,Within standard,,No action,TECH-06,No,
CR-90187,2025-11-17T09:23:00,WO-1010,MC-02-005,CELL-02,CL-WELD,3,Cooling water flow rate,OK,26.8,Within standard,,No action,TECH-06,No,
CR-90188,2025-11-17T09:23:00,WO-1010,MC-02-005,CELL-02,CL-WELD,4,Transformer terminal tightness,OK,,Within standard,,No action,TECH-06,No,
CR-90189,2025-11-17T09:23:00,WO-1010,MC-02-005,CELL-02,CL-WELD,5,Pneumatic cylinder leak check,OK,,Within standard,,No action,TECH-06,No,
CR-90190,2025-11-17T09:23:00,WO-1010,MC-02-005,CELL-02,CL-WELD,6,Earth continuity,OK,36.3,Within standard,,No action,TECH-06,No,
CR-90191,2025-11-17T10:03:00,WO-1010,MC-02-006,CELL-02,CL-GEN,1,General cleanliness and 5S,OK,,Within standard,,No action,TECH-04,No,
CR-90192,2025-11-17T10:03:00,WO-1010,MC-02-006,CELL-02,CL-GEN,2,Fastener tightness check,OK,,Within standard,,No action,TECH-04,No,
CR-90193,2025-11-17T10:03:00,WO-1010,MC-02-006,CELL-02,CL-GEN,3,Guard and interlock function,OK,,Within standard,,No action,TECH-04,No,
CR-90194,2025-11-17T10:03:00,WO-1010,MC-02-006,CELL-02,CL-GEN,4,Lubrication as per chart,OK,,Within standard,,No action,TECH-04,No,
CR-90195,2025-11-17T10:03:00,WO-1010,MC-02-006,CELL-02,CL-GEN,5,Electrical panel inspection,OK,,Within standard,,No action,TECH-04,No,
CR-90196,2025-11-17T10:03:00,WO-1010,MC-02-006,CELL-02,CL-GEN,6,Abnormal noise / vibration,OK,,Within standard,,No action,TECH-04,No,
CR-90197,2025-11-17T12:05:00,WO-1010,MC-02-007,CELL-02,CL-GEN,1,General cleanliness and 5S,NOT OK,,"Deviation observed, corrected on the spot",https://epqpl.sharepoint.com/sites/Maintenance/PM_Photos/MC-02-007_1.jpg,Adjusted and re-verified,TECH-02,No,
CR-90198,2025-11-17T12:05:00,WO-1010,MC-02-007,CELL-02,CL-GEN,2,Fastener tightness check,OK,,Within standard,,No action,TECH-02,No,
CR-90199,2025-11-17T12:05:00,WO-1010,MC-02-007,CELL-02,CL-GEN,3,Guard and interlock function,OK,,Within standard,,No action,TECH-02,No,
CR-90200,2025-11-17T12:05:00,WO-1010,MC-02-007,CELL-02,CL-GEN,4,Lubrication as per chart,OK,,Within standard,,No action,TECH-02,No,
CR-90201,2025-11-17T12:05:00,WO-1010,MC-02-007,CELL-02,CL-GEN,5,Electrical panel inspection,OK,,Within standard,,No action,TECH-02,No,
CR-90202,2025-11-17T12:05:00,WO-1010,MC-02-007,CELL-02,CL-GEN,6,Abnormal noise / vibration,OK,,Within standard,,No action,TECH-02,No,
CR-90203,2025-11-17T12:05:00,WO-1010,MC-02-008,CELL-02,CL-VISION,1,Camera lens cleanliness,OK,,Within standard,,No action,TECH-06,No,
CR-90204,2025-11-17T12:05:00,WO-1010,MC-02-008,CELL-02,CL-VISION,2,Lighting intensity,OK,28.8,Within standard,,No action,TECH-06,No,
CR-90205,2025-11-17T12:05:00,WO-1010,MC-02-008,CELL-02,CL-VISION,3,Reject gate actuation,OK,,Within standard,,No action,TECH-06,No,
CR-90206,2025-11-17T12:05:00,WO-1010,MC-02-008,CELL-02,CL-VISION,4,Master sample pass/fail check,OK,,Within standard,,No action,TECH-06,No,
CR-90207,2025-12-06T08:09:00,WO-1012,MC-04-013,CELL-04,CL-FILL,1,Vibrator motor mounting bolts,NOT OK,,"Deviation observed, corrected on the spot",https://epqpl.sharepoint.com/sites/Maintenance/PM_Photos/MC-04-013_1.jpg,Adjusted and re-verified,TECH-03,No,
CR-90208,2025-12-06T08:09:00,WO-1012,MC-04-013,CELL-04,CL-FILL,2,Sand hopper level sensor,OK,,Within standard,,No action,TECH-03,No,
CR-90209,2025-12-06T08:09:00,WO-1012,MC-04-013,CELL-04,CL-FILL,3,Filling nozzle wear,OK,4.2,Within standard,,No action,TECH-03,No,
CR-90210,2025-12-06T08:09:00,WO-1012,MC-04-013,CELL-04,CL-FILL,4,Compaction cycle time,OK,31.6,Within standard,,No action,TECH-03,No,
CR-90211,2025-12-06T08:09:00,WO-1012,MC-04-013,CELL-04,CL-FILL,5,Dust extraction suction,NOT OK,37.7,"Deviation observed, corrected on the spot",https://epqpl.sharepoint.com/sites/Maintenance/PM_Photos/MC-04-013_5.jpg,Adjusted and re-verified,TECH-03,No,
CR-90212,2025-12-06T08:09:00,WO-1012,MC-04-013,CELL-04,CL-FILL,6,Conveyor belt tracking,OK,,Within standard,,No action,TECH-03,No,
CR-90213,2025-12-06T08:09:00,WO-1012,MC-04-013,CELL-04,CL-FILL,7,PLC battery status,NOT OK,,"Deviation observed, corrected on the spot",https://epqpl.sharepoint.com/sites/Maintenance/PM_Photos/MC-04-013_7.jpg,Adjusted and re-verified,TECH-03,No,
CR-90214,2025-12-06T09:22:00,WO-1012,MC-04-014,CELL-04,CL-FILL,1,Vibrator motor mounting bolts,OK,,Within standard,,No action,TECH-01,No,
CR-90215,2025-12-06T09:22:00,WO-1012,MC-04-014,CELL-04,CL-FILL,2,Sand hopper level sensor,OK,,Within standard,,No action,TECH-01,No,
CR-90216,2025-12-06T09:22:00,WO-1012,MC-04-014,CELL-04,CL-FILL,3,Filling nozzle wear,OK,26.8,Within standard,,No action,TECH-01,No,
CR-90217,2025-12-06T09:22:00,WO-1012,MC-04-014,CELL-04,CL-FILL,4,Compaction cycle time,OK,42.2,Within standard,,No action,TECH-01,No,
CR-90218,2025-12-06T09:22:00,WO-1012,MC-04-014,CELL-04,CL-FILL,5,Dust extraction suction,OK,8.2,Within standard,,No action,TECH-01,No,
CR-90219,2025-12-06T09:22:00,WO-1012,MC-04-014,CELL-04,CL-FILL,6,Conveyor belt tracking,OK,,Within standard,,No action,TECH-01,No,
CR-90220,2025-12-06T09:22:00,WO-1012,MC-04-014,CELL-04,CL-FILL,7,PLC battery status,OK,,Within standard,,No action,TECH-01,No,
CR-90221,2025-12-06T11:55:00,WO-1012,MC-04-015,CELL-04,CL-OVEN,1,Door gasket condition,OK,,Within standard,,No action,TECH-06,No,
CR-90222,2025-12-06T11:55:00,WO-1012,MC-04-015,CELL-04,CL-OVEN,2,Steam trap operation,OK,,Within standard,,No action,TECH-06,No,
CR-90223,2025-12-06T11:55:00,WO-1012,MC-04-015,CELL-04,CL-OVEN,3,Temperature sensor calibration,OK,33.5,Within standard,,No action,TECH-06,No,
CR-90224,2025-12-06T11:55:00,WO-1012,MC-04-015,CELL-04,CL-OVEN,4,Safety relief valve test,OK,,Within standard,,No action,TECH-06,No,
CR-90225,2025-12-06T11:55:00,WO-1012,MC-04-015,CELL-04,CL-OVEN,5,Insulation surface temperature,OK,33.6,Within standard,,No action,TECH-06,No,
CR-90226,2025-12-06T11:55:00,WO-1012,MC-04-015,CELL-04,CL-OVEN,6,Condensate drain line,OK,,Within standard,,No action,TECH-06,No,
CR-90227,2025-12-06T12:36:00,WO-1012,MC-04-016,CELL-04,CL-UTIL,1,Motor current draw,NOT OK,30.4,"Deviation observed, corrected on the spot",https://epqpl.sharepoint.com/sites/Maintenance/PM_Photos/MC-04-016_1.jpg,Adjusted and re-verified,TECH-01,No,
CR-90228,2025-12-06T12:36:00,WO-1012,MC-04-016,CELL-04,CL-UTIL,2,Vibration level at bearing,NOT OK,31,"Deviation observed, corrected on the spot",https://epqpl.sharepoint.com/sites/Maintenance/PM_Photos/MC-04-016_2.jpg,Adjusted and re-verified,TECH-01,Yes,
CR-90229,2025-12-06T12:36:00,WO-1012,MC-04-016,CELL-04,CL-UTIL,3,Coupling / belt condition,OK,,Within standard,,No action,TECH-01,No,
CR-90230,2025-12-06T12:36:00,WO-1012,MC-04-016,CELL-04,CL-UTIL,4,Panel cleanliness and glands,OK,,Within standard,,No action,TECH-01,No,
CR-90231,2025-12-06T12:36:00,WO-1012,MC-04-016,CELL-04,CL-UTIL,5,Leak check on all joints,OK,,Within standard,,No action,TECH-01,No,
CR-90232,2025-12-13T09:36:00,WO-1013,MC-05-017,CELL-05,CL-OVEN,1,Door gasket condition,OK,,Within standard,,No action,TECH-04,No,
CR-90233,2025-12-13T09:36:00,WO-1013,MC-05-017,CELL-05,CL-OVEN,2,Steam trap operation,OK,,Within standard,,No action,TECH-04,No,
CR-90234,2025-12-13T09:36:00,WO-1013,MC-05-017,CELL-05,CL-OVEN,3,Temperature sensor calibration,OK,17.7,Within standard,,No action,TECH-04,No,
CR-90235,2025-12-13T09:36:00,WO-1013,MC-05-017,CELL-05,CL-OVEN,4,Safety relief valve test,OK,,Within standard,,No action,TECH-04,No,
CR-90236,2025-12-13T09:36:00,WO-1013,MC-05-017,CELL-05,CL-OVEN,5,Insulation surface temperature,OK,18.6,Within standard,,No action,TECH-04,No,
CR-90237,2025-12-13T09:36:00,WO-1013,MC-05-017,CELL-05,CL-OVEN,6,Condensate drain line,OK,,Within standard,,No action,TECH-04,No,
CR-90238,2025-12-13T10:36:00,WO-1013,MC-05-018,CELL-05,CL-OVEN,1,Door gasket condition,OK,,Within standard,,No action,TECH-05,No,
CR-90239,2025-12-13T10:36:00,WO-1013,MC-05-018,CELL-05,CL-OVEN,2,Steam trap operation,OK,,Within standard,,No action,TECH-05,No,
CR-90240,2025-12-13T10:36:00,WO-1013,MC-05-018,CELL-05,CL-OVEN,3,Temperature sensor calibration,OK,32.8,Within standard,,No action,TECH-05,No,
CR-90241,2025-12-13T10:36:00,WO-1013,MC-05-018,CELL-05,CL-OVEN,4,Safety relief valve test,OK,,Within standard,,No action,TECH-05,No,
CR-90242,2025-12-13T10:36:00,WO-1013,MC-05-018,CELL-05,CL-OVEN,5,Insulation surface temperature,OK,21.4,Within standard,,No action,TECH-05,No,
CR-90243,2025-12-13T10:36:00,WO-1013,MC-05-018,CELL-05,CL-OVEN,6,Condensate drain line,OK,,Within standard,,No action,TECH-05,No,
CR-90244,2025-12-13T11:32:00,WO-1013,MC-05-019,CELL-05,CL-UTIL,1,Motor current draw,OK,52.3,Within standard,,No action,TECH-05,No,
CR-90245,2025-12-13T11:32:00,WO-1013,MC-05-019,CELL-05,CL-UTIL,2,Vibration level at bearing,OK,58.9,Within standard,,No action,TECH-05,No,
CR-90246,2025-12-13T11:32:00,WO-1013,MC-05-019,CELL-05,CL-UTIL,3,Coupling / belt condition,OK,,Within standard,,No action,TECH-05,No,
CR-90247,2025-12-13T11:32:00,WO-1013,MC-05-019,CELL-05,CL-UTIL,4,Panel cleanliness and glands,OK,,Within standard,,No action,TECH-05,No,
CR-90248,2025-12-13T11:32:00,WO-1013,MC-05-019,CELL-05,CL-UTIL,5,Leak check on all joints,OK,,Within standard,,No action,TECH-05,No,
CR-90249,2025-12-13T12:00:00,WO-1013,MC-05-020,CELL-05,CL-UTIL,1,Motor current draw,OK,3.6,Within standard,,No action,TECH-02,No,
CR-90250,2025-12-13T12:00:00,WO-1013,MC-05-020,CELL-05,CL-UTIL,2,Vibration level at bearing,OK,44.9,Within standard,,No action,TECH-02,No,
CR-90251,2025-12-13T12:00:00,WO-1013,MC-05-020,CELL-05,CL-UTIL,3,Coupling / belt condition,OK,,Within standard,,No action,TECH-02,No,
CR-90252,2025-12-13T12:00:00,WO-1013,MC-05-020,CELL-05,CL-UTIL,4,Panel cleanliness and glands,OK,,Within standard,,No action,TECH-02,No,
CR-90253,2025-12-13T12:00:00,WO-1013,MC-05-020,CELL-05,CL-UTIL,5,Leak check on all joints,OK,,Within standard,,No action,TECH-02,No,
CR-90254,2025-12-30T08:26:00,WO-1015,MC-07-025,CELL-07,CL-TEST,1,Calibration validity,OK,,Within standard,,No action,TECH-04,No,
CR-90255,2025-12-30T08:26:00,WO-1015,MC-07-025,CELL-07,CL-TEST,2,Test lead / probe condition,OK,,Within standard,,No action,TECH-04,No,
CR-90256,2025-12-30T08:26:00,WO-1015,MC-07-025,CELL-07,CL-TEST,3,Reference standard verification,OK,23.4,Within standard,,No action,TECH-04,No,
CR-90257,2025-12-30T08:26:00,WO-1015,MC-07-025,CELL-07,CL-TEST,4,Earthing of test bench,OK,19.7,Within standard,,No action,TECH-04,No,
CR-90258,2025-12-30T08:26:00,WO-1015,MC-07-025,CELL-07,CL-TEST,5,Interlock and guard function,NOT OK,,"Deviation observed, corrected on the spot",https://epqpl.sharepoint.com/sites/Maintenance/PM_Photos/MC-07-025_5.jpg,Adjusted and re-verified,TECH-04,No,
CR-90259,2025-12-30T09:13:00,WO-1015,MC-07-026,CELL-07,CL-TEST,1,Calibration validity,OK,,Within standard,,No action,TECH-04,No,
CR-90260,2025-12-30T09:13:00,WO-1015,MC-07-026,CELL-07,CL-TEST,2,Test lead / probe condition,OK,,Within standard,,No action,TECH-04,No,
CR-90261,2025-12-30T09:13:00,WO-1015,MC-07-026,CELL-07,CL-TEST,3,Reference standard verification,OK,41.4,Within standard,,No action,TECH-04,No,
CR-90262,2025-12-30T09:13:00,WO-1015,MC-07-026,CELL-07,CL-TEST,4,Earthing of test bench,OK,18,Within standard,,No action,TECH-04,No,
CR-90263,2025-12-30T09:13:00,WO-1015,MC-07-026,CELL-07,CL-TEST,5,Interlock and guard function,OK,,Within standard,,No action,TECH-04,No,
CR-90264,2025-12-30T10:33:00,WO-1015,MC-07-027,CELL-07,CL-TEST,1,Calibration validity,OK,,Within standard,,No action,TECH-02,No,
CR-90265,2025-12-30T10:33:00,WO-1015,MC-07-027,CELL-07,CL-TEST,2,Test lead / probe condition,OK,,Within standard,,No action,TECH-02,No,
CR-90266,2025-12-30T10:33:00,WO-1015,MC-07-027,CELL-07,CL-TEST,3,Reference standard verification,OK,38.4,Within standard,,No action,TECH-02,No,
CR-90267,2025-12-30T10:33:00,WO-1015,MC-07-027,CELL-07,CL-TEST,4,Earthing of test bench,OK,52.5,Within standard,,No action,TECH-02,No,
CR-90268,2025-12-30T10:33:00,WO-1015,MC-07-027,CELL-07,CL-TEST,5,Interlock and guard function,OK,,Within standard,,No action,TECH-02,No,
CR-90269,2026-01-01T09:59:00,WO-1016,MC-08-028,CELL-08,CL-GEN,1,General cleanliness and 5S,OK,,Within standard,,No action,TECH-05,No,
CR-90270,2026-01-01T09:59:00,WO-1016,MC-08-028,CELL-08,CL-GEN,2,Fastener tightness check,OK,,Within standard,,No action,TECH-05,No,
CR-90271,2026-01-01T09:59:00,WO-1016,MC-08-028,CELL-08,CL-GEN,3,Guard and interlock function,OK,,Within standard,,No action,TECH-05,No,
CR-90272,2026-01-01T09:59:00,WO-1016,MC-08-028,CELL-08,CL-GEN,4,Lubrication as per chart,OK,,Within standard,,No action,TECH-05,No,
CR-90273,2026-01-01T09:59:00,WO-1016,MC-08-028,CELL-08,CL-GEN,5,Electrical panel inspection,OK,,Within standard,,No action,TECH-05,No,
CR-90274,2026-01-01T09:59:00,WO-1016,MC-08-028,CELL-08,CL-GEN,6,Abnormal noise / vibration,OK,,Within standard,,No action,TECH-05,No,
CR-90275,2026-01-01T10:18:00,WO-1016,MC-08-029,CELL-08,CL-GEN,1,General cleanliness and 5S,OK,,Within standard,,No action,TECH-05,No,
CR-90276,2026-01-01T10:18:00,WO-1016,MC-08-029,CELL-08,CL-GEN,2,Fastener tightness check,OK,,Within standard,,No action,TECH-05,No,
CR-90277,2026-01-01T10:18:00,WO-1016,MC-08-029,CELL-08,CL-GEN,3,Guard and interlock function,OK,,Within standard,,No action,TECH-05,No,
CR-90278,2026-01-01T10:18:00,WO-1016,MC-08-029,CELL-08,CL-GEN,4,Lubrication as per chart,OK,,Within standard,,No action,TECH-05,No,
CR-90279,2026-01-01T10:18:00,WO-1016,MC-08-029,CELL-08,CL-GEN,5,Electrical panel inspection,NOT OK,,"Deviation observed, corrected on the spot",https://epqpl.sharepoint.com/sites/Maintenance/PM_Photos/MC-08-029_5.jpg,Adjusted and re-verified,TECH-05,Yes,
CR-90280,2026-01-01T10:18:00,WO-1016,MC-08-029,CELL-08,CL-GEN,6,Abnormal noise / vibration,OK,,Within standard,,No action,TECH-05,No,
CR-90281,2026-01-01T10:47:00,WO-1016,MC-08-030,CELL-08,CL-GEN,1,General cleanliness and 5S,OK,,Within standard,,No action,TECH-04,No,
CR-90282,2026-01-01T10:47:00,WO-1016,MC-08-030,CELL-08,CL-GEN,2,Fastener tightness check,OK,,Within standard,,No action,TECH-04,No,
CR-90283,2026-01-01T10:47:00,WO-1016,MC-08-030,CELL-08,CL-GEN,3,Guard and interlock function,OK,,Within standard,,No action,TECH-04,No,
CR-90284,2026-01-01T10:47:00,WO-1016,MC-08-030,CELL-08,CL-GEN,4,Lubrication as per chart,OK,,Within standard,,No action,TECH-04,No,
CR-90285,2026-01-01T10:47:00,WO-1016,MC-08-030,CELL-08,CL-GEN,5,Electrical panel inspection,OK,,Within standard,,No action,TECH-04,No,
CR-90286,2026-01-01T10:47:00,WO-1016,MC-08-030,CELL-08,CL-GEN,6,Abnormal noise / vibration,OK,,Within standard,,No action,TECH-04,No,
CR-90287,2026-01-09T08:49:00,WO-1017,MC-01-001,CELL-01,CL-PRESS,1,Slide / ram guideway lubrication,OK,,Within standard,,No action,TECH-06,No,
CR-90288,2026-01-09T08:49:00,WO-1017,MC-01-001,CELL-01,CL-PRESS,2,Clutch & brake air pressure,OK,51.3,Within standard,,No action,TECH-06,No,
CR-90289,2026-01-09T08:49:00,WO-1017,MC-01-001,CELL-01,CL-PRESS,3,Die clamping bolt torque,OK,7.3,Within standard,,No action,TECH-06,No,
CR-90290,2026-01-09T08:49:00,WO-1017,MC-01-001,CELL-01,CL-PRESS,4,Safety light curtain function,OK,,Within standard,,No action,TECH-06,No,
CR-90291,2026-01-09T08:49:00,WO-1017,MC-01-001,CELL-01,CL-PRESS,5,Flywheel bearing temperature,OK,23.5,Within standard,,No action,TECH-06,No,
CR-90292,2026-01-09T08:49:00,WO-1017,MC-01-001,CELL-01,CL-PRESS,6,Oil level in gearbox,OK,,Within standard,,No action,TECH-06,No,
CR-90293,2026-01-09T08:49:00,WO-1017,MC-01-001,CELL-01,CL-PRESS,7,Air line FRL water drain,NOT OK,,"Deviation observed, corrected on the spot",https://epqpl.sharepoint.com/sites/Maintenance/PM_Photos/MC-01-001_7.jpg,Adjusted and re-verified,TECH-06,Yes,
CR-90294,2026-01-09T08:49:00,WO-1017,MC-01-001,CELL-01,CL-PRESS,8,Emergency stop function,OK,,Within standard,,No action,TECH-06,No,
CR-90295,2026-01-09T09:56:00,WO-1017,MC-01-002,CELL-01,CL-FEED,1,Feed roller wear,OK,,Within standard,,No action,TECH-03,No,
CR-90296,2026-01-09T09:56:00,WO-1017,MC-01-002,CELL-01,CL-FEED,2,Servo backlash check,OK,24.4,Within standard,,No action,TECH-03,No,
CR-90297,2026-01-09T09:56:00,WO-1017,MC-01-002,CELL-01,CL-FEED,3,Strip guide alignment,OK,1.5,Within standard,,No action,TECH-03,No,
CR-90298,2026-01-09T09:56:00,WO-1017,MC-01-002,CELL-01,CL-FEED,4,Lubrication unit level,OK,,Within standard,,No action,TECH-03,No,
CR-90299,2026-01-09T11:59:00,WO-1017,MC-01-003,CELL-01,CL-GEN,1,General cleanliness and 5S,OK,,Within standard,,No action,TECH-06,No,
CR-90300,2026-01-09T11:59:00,WO-1017,MC-01-003,CELL-01,CL-GEN,2,Fastener tightness check,OK,,Within standard,,No action,TECH-06,No,
CR-90301,2026-01-09T11:59:00,WO-1017,MC-01-003,CELL-01,CL-GEN,3,Guard and interlock function,NOT OK,,"Deviation observed, corrected on the spot",https://epqpl.sharepoint.com/sites/Maintenance/PM_Photos/MC-01-003_3.jpg,Adjusted and re-verified,TECH-06,No,
CR-90302,2026-01-09T11:59:00,WO-1017,MC-01-003,CELL-01,CL-GEN,4,Lubrication as per chart,NOT OK,,"Deviation observed, corrected on the spot",https://epqpl.sharepoint.com/sites/Maintenance/PM_Photos/MC-01-003_4.jpg,Adjusted and re-verified,TECH-06,Yes,
CR-90303,2026-01-09T11:59:00,WO-1017,MC-01-003,CELL-01,CL-GEN,5,Electrical panel inspection,OK,,Within standard,,No action,TECH-06,No,
CR-90304,2026-01-09T11:59:00,WO-1017,MC-01-003,CELL-01,CL-GEN,6,Abnormal noise / vibration,NOT OK,,"Deviation observed, corrected on the spot",https://epqpl.sharepoint.com/sites/Maintenance/PM_Photos/MC-01-003_6.jpg,Adjusted and re-verified,TECH-06,No,
CR-90305,2026-01-09T11:39:00,WO-1017,MC-01-004,CELL-01,CL-GEN,1,General cleanliness and 5S,OK,,Within standard,,No action,TECH-02,No,
CR-90306,2026-01-09T11:39:00,WO-1017,MC-01-004,CELL-01,CL-GEN,2,Fastener tightness check,OK,,Within standard,,No action,TECH-02,No,
CR-90307,2026-01-09T11:39:00,WO-1017,MC-01-004,CELL-01,CL-GEN,3,Guard and interlock function,OK,,Within standard,,No action,TECH-02,No,
CR-90308,2026-01-09T11:39:00,WO-1017,MC-01-004,CELL-01,CL-GEN,4,Lubrication as per chart,OK,,Within standard,,No action,TECH-02,No,
CR-90309,2026-01-09T11:39:00,WO-1017,MC-01-004,CELL-01,CL-GEN,5,Electrical panel inspection,OK,,Within standard,,No action,TECH-02,No,
CR-90310,2026-01-09T11:39:00,WO-1017,MC-01-004,CELL-01,CL-GEN,6,Abnormal noise / vibration,OK,,Within standard,,No action,TECH-02,No,
CR-90311,2026-01-19T08:58:00,WO-1018,MC-02-005,CELL-02,CL-WELD,1,Electrode tip dressing condition,OK,,Within standard,,No action,TECH-01,No,
CR-90312,2026-01-19T08:58:00,WO-1018,MC-02-005,CELL-02,CL-WELD,2,Weld current calibration,OK,20.3,Within standard,,No action,TECH-01,No,
CR-90313,2026-01-19T08:58:00,WO-1018,MC-02-005,CELL-02,CL-WELD,3,Cooling water flow rate,NOT OK,25.5,"Deviation observed, corrected on the spot",https://epqpl.sharepoint.com/sites/Maintenance/PM_Photos/MC-02-005_3.jpg,Adjusted and re-verified,TECH-01,Yes,
CR-90314,2026-01-19T08:58:00,WO-1018,MC-02-005,CELL-02,CL-WELD,4,Transformer terminal tightness,OK,,Within standard,,No action,TECH-01,No,
CR-90315,2026-01-19T08:58:00,WO-1018,MC-02-005,CELL-02,CL-WELD,5,Pneumatic cylinder leak check,OK,,Within standard,,No action,TECH-01,No,
CR-90316,2026-01-19T08:58:00,WO-1018,MC-02-005,CELL-02,CL-WELD,6,Earth continuity,OK,47.4,Within standard,,No action,TECH-01,No,
CR-90317,2026-01-19T10:12:00,WO-1018,MC-02-006,CELL-02,CL-GEN,1,General cleanliness and 5S,OK,,Within standard,,No action,TECH-03,No,
CR-90318,2026-01-19T10:12:00,WO-1018,MC-02-006,CELL-02,CL-GEN,2,Fastener tightness check,OK,,Within standard,,No action,TECH-03,No,
CR-90319,2026-01-19T10:12:00,WO-1018,MC-02-006,CELL-02,CL-GEN,3,Guard and interlock function,NOT OK,,"Deviation observed, corrected on the spot",https://epqpl.sharepoint.com/sites/Maintenance/PM_Photos/MC-02-006_3.jpg,Adjusted and re-verified,TECH-03,No,
CR-90320,2026-01-19T10:12:00,WO-1018,MC-02-006,CELL-02,CL-GEN,4,Lubrication as per chart,NOT OK,,"Deviation observed, corrected on the spot",https://epqpl.sharepoint.com/sites/Maintenance/PM_Photos/MC-02-006_4.jpg,Adjusted and re-verified,TECH-03,Yes,
CR-90321,2026-01-19T10:12:00,WO-1018,MC-02-006,CELL-02,CL-GEN,5,Electrical panel inspection,OK,,Within standard,,No action,TECH-03,No,
CR-90322,2026-01-19T10:12:00,WO-1018,MC-02-006,CELL-02,CL-GEN,6,Abnormal noise / vibration,OK,,Within standard,,No action,TECH-03,No,
CR-90323,2026-01-19T10:41:00,WO-1018,MC-02-007,CELL-02,CL-GEN,1,General cleanliness and 5S,OK,,Within standard,,No action,TECH-03,No,
CR-90324,2026-01-19T10:41:00,WO-1018,MC-02-007,CELL-02,CL-GEN,2,Fastener tightness check,NOT OK,,"Deviation observed, corrected on the spot",https://epqpl.sharepoint.com/sites/Maintenance/PM_Photos/MC-02-007_2.jpg,Adjusted and re-verified,TECH-03,Yes,
CR-90325,2026-01-19T10:41:00,WO-1018,MC-02-007,CELL-02,CL-GEN,3,Guard and interlock function,NOT OK,,"Deviation observed, corrected on the spot",https://epqpl.sharepoint.com/sites/Maintenance/PM_Photos/MC-02-007_3.jpg,Adjusted and re-verified,TECH-03,Yes,
CR-90326,2026-01-19T10:41:00,WO-1018,MC-02-007,CELL-02,CL-GEN,4,Lubrication as per chart,NOT OK,,"Deviation observed, corrected on the spot",https://epqpl.sharepoint.com/sites/Maintenance/PM_Photos/MC-02-007_4.jpg,Adjusted and re-verified,TECH-03,Yes,
CR-90327,2026-01-19T10:41:00,WO-1018,MC-02-007,CELL-02,CL-GEN,5,Electrical panel inspection,OK,,Within standard,,No action,TECH-03,No,
CR-90328,2026-01-19T10:41:00,WO-1018,MC-02-007,CELL-02,CL-GEN,6,Abnormal noise / vibration,OK,,Within standard,,No action,TECH-03,No,
CR-90329,2026-01-19T11:51:00,WO-1018,MC-02-008,CELL-02,CL-VISION,1,Camera lens cleanliness,OK,,Within standard,,No action,TECH-01,No,
CR-90330,2026-01-19T11:51:00,WO-1018,MC-02-008,CELL-02,CL-VISION,2,Lighting intensity,OK,49.5,Within standard,,No action,TECH-01,No,
CR-90331,2026-01-19T11:51:00,WO-1018,MC-02-008,CELL-02,CL-VISION,3,Reject gate actuation,OK,,Within standard,,No action,TECH-01,No,
CR-90332,2026-01-19T11:51:00,WO-1018,MC-02-008,CELL-02,CL-VISION,4,Master sample pass/fail check,NOT OK,,"Deviation observed, corrected on the spot",https://epqpl.sharepoint.com/sites/Maintenance/PM_Photos/MC-02-008_4.jpg,Adjusted and re-verified,TECH-01,No,
CR-90333,2026-01-22T07:59:00,WO-1019,MC-03-009,CELL-03,CL-PRESS,1,Slide / ram guideway lubrication,OK,,Within standard,,No action,TECH-04,No,
CR-90334,2026-01-22T07:59:00,WO-1019,MC-03-009,CELL-03,CL-PRESS,2,Clutch & brake air pressure,OK,59.8,Within standard,,No action,TECH-04,No,
CR-90335,2026-01-22T07:59:00,WO-1019,MC-03-009,CELL-03,CL-PRESS,3,Die clamping bolt torque,OK,7.9,Within standard,,No action,TECH-04,No,
CR-90336,2026-01-22T07:59:00,WO-1019,MC-03-009,CELL-03,CL-PRESS,4,Safety light curtain function,OK,,Within standard,,No action,TECH-04,No,
CR-90337,2026-01-22T07:59:00,WO-1019,MC-03-009,CELL-03,CL-PRESS,5,Flywheel bearing temperature,OK,14.9,Within standard,,No action,TECH-04,No,
CR-90338,2026-01-22T07:59:00,WO-1019,MC-03-009,CELL-03,CL-PRESS,6,Oil level in gearbox,OK,,Within standard,,No action,TECH-04,No,
CR-90339,2026-01-22T07:59:00,WO-1019,MC-03-009,CELL-03,CL-PRESS,7,Air line FRL water drain,OK,,Within standard,,No action,TECH-04,No,
CR-90340,2026-01-22T07:59:00,WO-1019,MC-03-009,CELL-03,CL-PRESS,8,Emergency stop function,OK,,Within standard,,No action,TECH-04,No,
CR-90341,2026-01-22T09:32:00,WO-1019,MC-03-010,CELL-03,CL-GEN,1,General cleanliness and 5S,OK,,Within standard,,No action,TECH-05,No,
CR-90342,2026-01-22T09:32:00,WO-1019,MC-03-010,CELL-03,CL-GEN,2,Fastener tightness check,OK,,Within standard,,No action,TECH-05,No,
CR-90343,2026-01-22T09:32:00,WO-1019,MC-03-010,CELL-03,CL-GEN,3,Guard and interlock function,OK,,Within standard,,No action,TECH-05,No,
CR-90344,2026-01-22T09:32:00,WO-1019,MC-03-010,CELL-03,CL-GEN,4,Lubrication as per chart,OK,,Within standard,,No action,TECH-05,No,
CR-90345,2026-01-22T09:32:00,WO-1019,MC-03-010,CELL-03,CL-GEN,5,Electrical panel inspection,OK,,Within standard,,No action,TECH-05,No,
CR-90346,2026-01-22T09:32:00,WO-1019,MC-03-010,CELL-03,CL-GEN,6,Abnormal noise / vibration,OK,,Within standard,,No action,TECH-05,No,
CR-90347,2026-01-22T11:28:00,WO-1019,MC-03-011,CELL-03,CL-PRESS,1,Slide / ram guideway lubrication,OK,,Within standard,,No action,TECH-06,No,
CR-90348,2026-01-22T11:28:00,WO-1019,MC-03-011,CELL-03,CL-PRESS,2,Clutch & brake air pressure,OK,10.1,Within standard,,No action,TECH-06,No,
CR-90349,2026-01-22T11:28:00,WO-1019,MC-03-011,CELL-03,CL-PRESS,3,Die clamping bolt torque,OK,25.5,Within standard,,No action,TECH-06,No,
CR-90350,2026-01-22T11:28:00,WO-1019,MC-03-011,CELL-03,CL-PRESS,4,Safety light curtain function,OK,,Within standard,,No action,TECH-06,No,
CR-90351,2026-01-22T11:28:00,WO-1019,MC-03-011,CELL-03,CL-PRESS,5,Flywheel bearing temperature,OK,6.8,Within standard,,No action,TECH-06,No,
CR-90352,2026-01-22T11:28:00,WO-1019,MC-03-011,CELL-03,CL-PRESS,6,Oil level in gearbox,OK,,Within standard,,No action,TECH-06,No,
CR-90353,2026-01-22T11:28:00,WO-1019,MC-03-011,CELL-03,CL-PRESS,7,Air line FRL water drain,OK,,Within standard,,No action,TECH-06,No,
CR-90354,2026-01-22T11:28:00,WO-1019,MC-03-011,CELL-03,CL-PRESS,8,Emergency stop function,OK,,Within standard,,No action,TECH-06,No,
CR-90355,2026-01-22T12:06:00,WO-1019,MC-03-012,CELL-03,CL-TEST,1,Calibration validity,OK,,Within standard,,No action,TECH-04,No,
CR-90356,2026-01-22T12:06:00,WO-1019,MC-03-012,CELL-03,CL-TEST,2,Test lead / probe condition,NOT OK,,"Deviation observed, corrected on the spot",https://epqpl.sharepoint.com/sites/Maintenance/PM_Photos/MC-03-012_2.jpg,Adjusted and re-verified,TECH-04,No,
CR-90357,2026-01-22T12:06:00,WO-1019,MC-03-012,CELL-03,CL-TEST,3,Reference standard verification,NOT OK,57.1,"Deviation observed, corrected on the spot",https://epqpl.sharepoint.com/sites/Maintenance/PM_Photos/MC-03-012_3.jpg,Adjusted and re-verified,TECH-04,No,
CR-90358,2026-01-22T12:06:00,WO-1019,MC-03-012,CELL-03,CL-TEST,4,Earthing of test bench,OK,6.9,Within standard,,No action,TECH-04,No,
CR-90359,2026-01-22T12:06:00,WO-1019,MC-03-012,CELL-03,CL-TEST,5,Interlock and guard function,OK,,Within standard,,No action,TECH-04,No,
CR-90360,2026-02-03T08:15:00,WO-1020,MC-04-013,CELL-04,CL-FILL,1,Vibrator motor mounting bolts,OK,,Within standard,,No action,TECH-06,No,
CR-90361,2026-02-03T08:15:00,WO-1020,MC-04-013,CELL-04,CL-FILL,2,Sand hopper level sensor,OK,,Within standard,,No action,TECH-06,No,
CR-90362,2026-02-03T08:15:00,WO-1020,MC-04-013,CELL-04,CL-FILL,3,Filling nozzle wear,OK,59.3,Within standard,,No action,TECH-06,No,
CR-90363,2026-02-03T08:15:00,WO-1020,MC-04-013,CELL-04,CL-FILL,4,Compaction cycle time,OK,47.4,Within standard,,No action,TECH-06,No,
CR-90364,2026-02-03T08:15:00,WO-1020,MC-04-013,CELL-04,CL-FILL,5,Dust extraction suction,OK,13.1,Within standard,,No action,TECH-06,No,
CR-90365,2026-02-03T08:15:00,WO-1020,MC-04-013,CELL-04,CL-FILL,6,Conveyor belt tracking,OK,,Within standard,,No action,TECH-06,No,
CR-90366,2026-02-03T08:15:00,WO-1020,MC-04-013,CELL-04,CL-FILL,7,PLC battery status,OK,,Within standard,,No action,TECH-06,No,
CR-90367,2026-02-03T10:03:00,WO-1020,MC-04-014,CELL-04,CL-FILL,1,Vibrator motor mounting bolts,OK,,Within standard,,No action,TECH-05,No,
CR-90368,2026-02-03T10:03:00,WO-1020,MC-04-014,CELL-04,CL-FILL,2,Sand hopper level sensor,OK,,Within standard,,No action,TECH-05,No,
CR-90369,2026-02-03T10:03:00,WO-1020,MC-04-014,CELL-04,CL-FILL,3,Filling nozzle wear,OK,20.4,Within standard,,No action,TECH-05,No,
CR-90370,2026-02-03T10:03:00,WO-1020,MC-04-014,CELL-04,CL-FILL,4,Compaction cycle time,OK,9.7,Within standard,,No action,TECH-05,No,
CR-90371,2026-02-03T10:03:00,WO-1020,MC-04-014,CELL-04,CL-FILL,5,Dust extraction suction,OK,54.1,Within standard,,No action,TECH-05,No,
CR-90372,2026-02-03T10:03:00,WO-1020,MC-04-014,CELL-04,CL-FILL,6,Conveyor belt tracking,OK,,Within standard,,No action,TECH-05,No,
CR-90373,2026-02-03T10:03:00,WO-1020,MC-04-014,CELL-04,CL-FILL,7,PLC battery status,OK,,Within standard,,No action,TECH-05,No,
CR-90374,2026-02-03T11:41:00,WO-1020,MC-04-015,CELL-04,CL-OVEN,1,Door gasket condition,OK,,Within standard,,No action,TECH-01,No,
CR-90375,2026-02-03T11:41:00,WO-1020,MC-04-015,CELL-04,CL-OVEN,2,Steam trap operation,NOT OK,,"Deviation observed, corrected on the spot",https://epqpl.sharepoint.com/sites/Maintenance/PM_Photos/MC-04-015_2.jpg,Adjusted and re-verified,TECH-01,Yes,
CR-90376,2026-02-03T11:41:00,WO-1020,MC-04-015,CELL-04,CL-OVEN,3,Temperature sensor calibration,NOT OK,52.1,"Deviation observed, corrected on the spot",https://epqpl.sharepoint.com/sites/Maintenance/PM_Photos/MC-04-015_3.jpg,Adjusted and re-verified,TECH-01,Yes,
CR-90377,2026-02-03T11:41:00,WO-1020,MC-04-015,CELL-04,CL-OVEN,4,Safety relief valve test,OK,,Within standard,,No action,TECH-01,No,
CR-90378,2026-02-03T11:41:00,WO-1020,MC-04-015,CELL-04,CL-OVEN,5,Insulation surface temperature,NOT OK,22.1,"Deviation observed, corrected on the spot",https://epqpl.sharepoint.com/sites/Maintenance/PM_Photos/MC-04-015_5.jpg,Adjusted and re-verified,TECH-01,No,
CR-90379,2026-02-03T11:41:00,WO-1020,MC-04-015,CELL-04,CL-OVEN,6,Condensate drain line,OK,,Within standard,,No action,TECH-01,No,
CR-90380,2026-02-03T10:57:00,WO-1020,MC-04-016,CELL-04,CL-UTIL,1,Motor current draw,OK,44.8,Within standard,,No action,TECH-05,No,
CR-90381,2026-02-03T10:57:00,WO-1020,MC-04-016,CELL-04,CL-UTIL,2,Vibration level at bearing,OK,32,Within standard,,No action,TECH-05,No,
CR-90382,2026-02-03T10:57:00,WO-1020,MC-04-016,CELL-04,CL-UTIL,3,Coupling / belt condition,OK,,Within standard,,No action,TECH-05,No,
CR-90383,2026-02-03T10:57:00,WO-1020,MC-04-016,CELL-04,CL-UTIL,4,Panel cleanliness and glands,OK,,Within standard,,No action,TECH-05,No,
CR-90384,2026-02-03T10:57:00,WO-1020,MC-04-016,CELL-04,CL-UTIL,5,Leak check on all joints,OK,,Within standard,,No action,TECH-05,No,
CR-90385,2026-02-12T08:46:00,WO-1021,MC-05-017,CELL-05,CL-OVEN,1,Door gasket condition,OK,,Within standard,,No action,TECH-06,No,
CR-90386,2026-02-12T08:46:00,WO-1021,MC-05-017,CELL-05,CL-OVEN,2,Steam trap operation,OK,,Within standard,,No action,TECH-06,No,
CR-90387,2026-02-12T08:46:00,WO-1021,MC-05-017,CELL-05,CL-OVEN,3,Temperature sensor calibration,OK,4.6,Within standard,,No action,TECH-06,No,
CR-90388,2026-02-12T08:46:00,WO-1021,MC-05-017,CELL-05,CL-OVEN,4,Safety relief valve test,OK,,Within standard,,No action,TECH-06,No,
CR-90389,2026-02-12T08:46:00,WO-1021,MC-05-017,CELL-05,CL-OVEN,5,Insulation surface temperature,OK,29.3,Within standard,,No action,TECH-06,No,
CR-90390,2026-02-12T08:46:00,WO-1021,MC-05-017,CELL-05,CL-OVEN,6,Condensate drain line,OK,,Within standard,,No action,TECH-06,No,
CR-90391,2026-02-12T10:29:00,WO-1021,MC-05-018,CELL-05,CL-OVEN,1,Door gasket condition,OK,,Within standard,,No action,TECH-04,No,
CR-90392,2026-02-12T10:29:00,WO-1021,MC-05-018,CELL-05,CL-OVEN,2,Steam trap operation,OK,,Within standard,,No action,TECH-04,No,
CR-90393,2026-02-12T10:29:00,WO-1021,MC-05-018,CELL-05,CL-OVEN,3,Temperature sensor calibration,OK,27.2,Within standard,,No action,TECH-04,No,
CR-90394,2026-02-12T10:29:00,WO-1021,MC-05-018,CELL-05,CL-OVEN,4,Safety relief valve test,OK,,Within standard,,No action,TECH-04,No,
CR-90395,2026-02-12T10:29:00,WO-1021,MC-05-018,CELL-05,CL-OVEN,5,Insulation surface temperature,OK,54.1,Within standard,,No action,TECH-04,No,
CR-90396,2026-02-12T10:29:00,WO-1021,MC-05-018,CELL-05,CL-OVEN,6,Condensate drain line,OK,,Within standard,,No action,TECH-04,No,
CR-90397,2026-02-12T10:31:00,WO-1021,MC-05-019,CELL-05,CL-UTIL,1,Motor current draw,OK,38.4,Within standard,,No action,TECH-03,No,
CR-90398,2026-02-12T10:31:00,WO-1021,MC-05-019,CELL-05,CL-UTIL,2,Vibration level at bearing,OK,33.4,Within standard,,No action,TECH-03,No,
CR-90399,2026-02-12T10:31:00,WO-1021,MC-05-019,CELL-05,CL-UTIL,3,Coupling / belt condition,OK,,Within standard,,No action,TECH-03,No,
CR-90400,2026-02-12T10:31:00,WO-1021,MC-05-019,CELL-05,CL-UTIL,4,Panel cleanliness and glands,OK,,Within standard,,No action,TECH-03,No,
CR-90401,2026-02-12T10:31:00,WO-1021,MC-05-019,CELL-05,CL-UTIL,5,Leak check on all joints,OK,,Within standard,,No action,TECH-03,No,
CR-90402,2026-02-12T12:15:00,WO-1021,MC-05-020,CELL-05,CL-UTIL,1,Motor current draw,OK,36.7,Within standard,,No action,TECH-03,No,
CR-90403,2026-02-12T12:15:00,WO-1021,MC-05-020,CELL-05,CL-UTIL,2,Vibration level at bearing,OK,6.9,Within standard,,No action,TECH-03,No,
CR-90404,2026-02-12T12:15:00,WO-1021,MC-05-020,CELL-05,CL-UTIL,3,Coupling / belt condition,OK,,Within standard,,No action,TECH-03,No,
CR-90405,2026-02-12T12:15:00,WO-1021,MC-05-020,CELL-05,CL-UTIL,4,Panel cleanliness and glands,OK,,Within standard,,No action,TECH-03,No,
CR-90406,2026-02-12T12:15:00,WO-1021,MC-05-020,CELL-05,CL-UTIL,5,Leak check on all joints,OK,,Within standard,,No action,TECH-03,No,
CR-90407,2026-02-23T08:53:00,WO-1022,MC-06-021,CELL-06,CL-GEN,1,General cleanliness and 5S,OK,,Within standard,,No action,TECH-04,No,
CR-90408,2026-02-23T08:53:00,WO-1022,MC-06-021,CELL-06,CL-GEN,2,Fastener tightness check,OK,,Within standard,,No action,TECH-04,No,
CR-90409,2026-02-23T08:53:00,WO-1022,MC-06-021,CELL-06,CL-GEN,3,Guard and interlock function,NOT OK,,"Deviation observed, corrected on the spot",https://epqpl.sharepoint.com/sites/Maintenance/PM_Photos/MC-06-021_3.jpg,Adjusted and re-verified,TECH-04,No,
CR-90410,2026-02-23T08:53:00,WO-1022,MC-06-021,CELL-06,CL-GEN,4,Lubrication as per chart,OK,,Within standard,,No action,TECH-04,No,
CR-90411,2026-02-23T08:53:00,WO-1022,MC-06-021,CELL-06,CL-GEN,5,Electrical panel inspection,OK,,Within standard,,No action,TECH-04,No,
CR-90412,2026-02-23T08:53:00,WO-1022,MC-06-021,CELL-06,CL-GEN,6,Abnormal noise / vibration,OK,,Within standard,,No action,TECH-04,No,
CR-90413,2026-02-23T10:11:00,WO-1022,MC-06-022,CELL-06,CL-PRESS,1,Slide / ram guideway lubrication,NOT OK,,"Deviation observed, corrected on the spot",https://epqpl.sharepoint.com/sites/Maintenance/PM_Photos/MC-06-022_1.jpg,Adjusted and re-verified,TECH-03,No,
CR-90414,2026-02-23T10:11:00,WO-1022,MC-06-022,CELL-06,CL-PRESS,2,Clutch & brake air pressure,NOT OK,44.9,"Deviation observed, corrected on the spot",https://epqpl.sharepoint.com/sites/Maintenance/PM_Photos/MC-06-022_2.jpg,Adjusted and re-verified,TECH-03,Yes,
CR-90415,2026-02-23T10:11:00,WO-1022,MC-06-022,CELL-06,CL-PRESS,3,Die clamping bolt torque,OK,8.7,Within standard,,No action,TECH-03,No,
CR-90416,2026-02-23T10:11:00,WO-1022,MC-06-022,CELL-06,CL-PRESS,4,Safety light curtain function,OK,,Within standard,,No action,TECH-03,No,
CR-90417,2026-02-23T10:11:00,WO-1022,MC-06-022,CELL-06,CL-PRESS,5,Flywheel bearing temperature,OK,4.5,Within standard,,No action,TECH-03,No,
CR-90418,2026-02-23T10:11:00,WO-1022,MC-06-022,CELL-06,CL-PRESS,6,Oil level in gearbox,OK,,Within standard,,No action,TECH-03,No,
CR-90419,2026-02-23T10:11:00,WO-1022,MC-06-022,CELL-06,CL-PRESS,7,Air line FRL water drain,OK,,Within standard,,No action,TECH-03,No,
CR-90420,2026-02-23T10:11:00,WO-1022,MC-06-022,CELL-06,CL-PRESS,8,Emergency stop function,OK,,Within standard,,No action,TECH-03,No,
CR-90421,2026-02-23T10:52:00,WO-1022,MC-06-023,CELL-06,CL-GEN,1,General cleanliness and 5S,OK,,Within standard,,No action,TECH-05,No,
CR-90422,2026-02-23T10:52:00,WO-1022,MC-06-023,CELL-06,CL-GEN,2,Fastener tightness check,OK,,Within standard,,No action,TECH-05,No,
CR-90423,2026-02-23T10:52:00,WO-1022,MC-06-023,CELL-06,CL-GEN,3,Guard and interlock function,OK,,Within standard,,No action,TECH-05,No,
CR-90424,2026-02-23T10:52:00,WO-1022,MC-06-023,CELL-06,CL-GEN,4,Lubrication as per chart,OK,,Within standard,,No action,TECH-05,No,
CR-90425,2026-02-23T10:52:00,WO-1022,MC-06-023,CELL-06,CL-GEN,5,Electrical panel inspection,OK,,Within standard,,No action,TECH-05,No,
CR-90426,2026-02-23T10:52:00,WO-1022,MC-06-023,CELL-06,CL-GEN,6,Abnormal noise / vibration,NOT OK,,"Deviation observed, corrected on the spot",https://epqpl.sharepoint.com/sites/Maintenance/PM_Photos/MC-06-023_6.jpg,Adjusted and re-verified,TECH-05,No,
CR-90427,2026-02-23T11:27:00,WO-1022,MC-06-024,CELL-06,CL-TEST,1,Calibration validity,NOT OK,,"Deviation observed, corrected on the spot",https://epqpl.sharepoint.com/sites/Maintenance/PM_Photos/MC-06-024_1.jpg,Adjusted and re-verified,TECH-04,No,
CR-90428,2026-02-23T11:27:00,WO-1022,MC-06-024,CELL-06,CL-TEST,2,Test lead / probe condition,OK,,Within standard,,No action,TECH-04,No,
CR-90429,2026-02-23T11:27:00,WO-1022,MC-06-024,CELL-06,CL-TEST,3,Reference standard verification,NOT OK,10.1,"Deviation observed, corrected on the spot",https://epqpl.sharepoint.com/sites/Maintenance/PM_Photos/MC-06-024_3.jpg,Adjusted and re-verified,TECH-04,No,
CR-90430,2026-02-23T11:27:00,WO-1022,MC-06-024,CELL-06,CL-TEST,4,Earthing of test bench,OK,51,Within standard,,No action,TECH-04,No,
CR-90431,2026-02-23T11:27:00,WO-1022,MC-06-024,CELL-06,CL-TEST,5,Interlock and guard function,NOT OK,,"Deviation observed, corrected on the spot",https://epqpl.sharepoint.com/sites/Maintenance/PM_Photos/MC-06-024_5.jpg,Adjusted and re-verified,TECH-04,Yes,
CR-90432,2026-02-20T07:55:00,WO-1023,MC-07-025,CELL-07,CL-TEST,1,Calibration validity,OK,,Within standard,,No action,TECH-06,No,
CR-90433,2026-02-20T07:55:00,WO-1023,MC-07-025,CELL-07,CL-TEST,2,Test lead / probe condition,OK,,Within standard,,No action,TECH-06,No,
CR-90434,2026-02-20T07:55:00,WO-1023,MC-07-025,CELL-07,CL-TEST,3,Reference standard verification,OK,19.2,Within standard,,No action,TECH-06,No,
CR-90435,2026-02-20T07:55:00,WO-1023,MC-07-025,CELL-07,CL-TEST,4,Earthing of test bench,OK,21,Within standard,,No action,TECH-06,No,
CR-90436,2026-02-20T07:55:00,WO-1023,MC-07-025,CELL-07,CL-TEST,5,Interlock and guard function,OK,,Within standard,,No action,TECH-06,No,
CR-90437,2026-02-20T10:37:00,WO-1023,MC-07-026,CELL-07,CL-TEST,1,Calibration validity,OK,,Within standard,,No action,TECH-01,No,
CR-90438,2026-02-20T10:37:00,WO-1023,MC-07-026,CELL-07,CL-TEST,2,Test lead / probe condition,OK,,Within standard,,No action,TECH-01,No,
CR-90439,2026-02-20T10:37:00,WO-1023,MC-07-026,CELL-07,CL-TEST,3,Reference standard verification,OK,5.1,Within standard,,No action,TECH-01,No,
CR-90440,2026-02-20T10:37:00,WO-1023,MC-07-026,CELL-07,CL-TEST,4,Earthing of test bench,OK,44.7,Within standard,,No action,TECH-01,No,
CR-90441,2026-02-20T10:37:00,WO-1023,MC-07-026,CELL-07,CL-TEST,5,Interlock and guard function,OK,,Within standard,,No action,TECH-01,No,
CR-90442,2026-02-20T11:15:00,WO-1023,MC-07-027,CELL-07,CL-TEST,1,Calibration validity,OK,,Within standard,,No action,TECH-01,No,
CR-90443,2026-02-20T11:15:00,WO-1023,MC-07-027,CELL-07,CL-TEST,2,Test lead / probe condition,OK,,Within standard,,No action,TECH-01,No,
CR-90444,2026-02-20T11:15:00,WO-1023,MC-07-027,CELL-07,CL-TEST,3,Reference standard verification,OK,27.8,Within standard,,No action,TECH-01,No,
CR-90445,2026-02-20T11:15:00,WO-1023,MC-07-027,CELL-07,CL-TEST,4,Earthing of test bench,OK,10.3,Within standard,,No action,TECH-01,No,
CR-90446,2026-02-20T11:15:00,WO-1023,MC-07-027,CELL-07,CL-TEST,5,Interlock and guard function,OK,,Within standard,,No action,TECH-01,No,
CR-90447,2026-03-01T09:23:00,WO-1024,MC-08-028,CELL-08,CL-GEN,1,General cleanliness and 5S,OK,,Within standard,,No action,TECH-04,No,
CR-90448,2026-03-01T09:23:00,WO-1024,MC-08-028,CELL-08,CL-GEN,2,Fastener tightness check,OK,,Within standard,,No action,TECH-04,No,
CR-90449,2026-03-01T09:23:00,WO-1024,MC-08-028,CELL-08,CL-GEN,3,Guard and interlock function,OK,,Within standard,,No action,TECH-04,No,
CR-90450,2026-03-01T09:23:00,WO-1024,MC-08-028,CELL-08,CL-GEN,4,Lubrication as per chart,OK,,Within standard,,No action,TECH-04,No,
CR-90451,2026-03-01T09:23:00,WO-1024,MC-08-028,CELL-08,CL-GEN,5,Electrical panel inspection,OK,,Within standard,,No action,TECH-04,No,
CR-90452,2026-03-01T09:23:00,WO-1024,MC-08-028,CELL-08,CL-GEN,6,Abnormal noise / vibration,OK,,Within standard,,No action,TECH-04,No,
CR-90453,2026-03-01T09:26:00,WO-1024,MC-08-029,CELL-08,CL-GEN,1,General cleanliness and 5S,OK,,Within standard,,No action,TECH-05,No,
CR-90454,2026-03-01T09:26:00,WO-1024,MC-08-029,CELL-08,CL-GEN,2,Fastener tightness check,OK,,Within standard,,No action,TECH-05,No,
CR-90455,2026-03-01T09:26:00,WO-1024,MC-08-029,CELL-08,CL-GEN,3,Guard and interlock function,OK,,Within standard,,No action,TECH-05,No,
CR-90456,2026-03-01T09:26:00,WO-1024,MC-08-029,CELL-08,CL-GEN,4,Lubrication as per chart,OK,,Within standard,,No action,TECH-05,No,
CR-90457,2026-03-01T09:26:00,WO-1024,MC-08-029,CELL-08,CL-GEN,5,Electrical panel inspection,OK,,Within standard,,No action,TECH-05,No,
CR-90458,2026-03-01T09:26:00,WO-1024,MC-08-029,CELL-08,CL-GEN,6,Abnormal noise / vibration,OK,,Within standard,,No action,TECH-05,No,
CR-90459,2026-03-01T11:14:00,WO-1024,MC-08-030,CELL-08,CL-GEN,1,General cleanliness and 5S,OK,,Within standard,,No action,TECH-06,No,
CR-90460,2026-03-01T11:14:00,WO-1024,MC-08-030,CELL-08,CL-GEN,2,Fastener tightness check,OK,,Within standard,,No action,TECH-06,No,
CR-90461,2026-03-01T11:14:00,WO-1024,MC-08-030,CELL-08,CL-GEN,3,Guard and interlock function,OK,,Within standard,,No action,TECH-06,No,
CR-90462,2026-03-01T11:14:00,WO-1024,MC-08-030,CELL-08,CL-GEN,4,Lubrication as per chart,OK,,Within standard,,No action,TECH-06,No,
CR-90463,2026-03-01T11:14:00,WO-1024,MC-08-030,CELL-08,CL-GEN,5,Electrical panel inspection,OK,,Within standard,,No action,TECH-06,No,
CR-90464,2026-03-01T11:14:00,WO-1024,MC-08-030,CELL-08,CL-GEN,6,Abnormal noise / vibration,OK,,Within standard,,No action,TECH-06,No,
CR-90465,2026-03-12T09:17:00,WO-1025,MC-01-001,CELL-01,CL-PRESS,1,Slide / ram guideway lubrication,OK,,Within standard,,No action,TECH-04,No,
CR-90466,2026-03-12T09:17:00,WO-1025,MC-01-001,CELL-01,CL-PRESS,2,Clutch & brake air pressure,OK,42.5,Within standard,,No action,TECH-04,No,
CR-90467,2026-03-12T09:17:00,WO-1025,MC-01-001,CELL-01,CL-PRESS,3,Die clamping bolt torque,OK,30.5,Within standard,,No action,TECH-04,No,
CR-90468,2026-03-12T09:17:00,WO-1025,MC-01-001,CELL-01,CL-PRESS,4,Safety light curtain function,OK,,Within standard,,No action,TECH-04,No,
CR-90469,2026-03-12T09:17:00,WO-1025,MC-01-001,CELL-01,CL-PRESS,5,Flywheel bearing temperature,OK,50.2,Within standard,,No action,TECH-04,No,
CR-90470,2026-03-12T09:17:00,WO-1025,MC-01-001,CELL-01,CL-PRESS,6,Oil level in gearbox,OK,,Within standard,,No action,TECH-04,No,
CR-90471,2026-03-12T09:17:00,WO-1025,MC-01-001,CELL-01,CL-PRESS,7,Air line FRL water drain,OK,,Within standard,,No action,TECH-04,No,
CR-90472,2026-03-12T09:17:00,WO-1025,MC-01-001,CELL-01,CL-PRESS,8,Emergency stop function,OK,,Within standard,,No action,TECH-04,No,
CR-90473,2026-03-12T09:29:00,WO-1025,MC-01-002,CELL-01,CL-FEED,1,Feed roller wear,NOT OK,,"Deviation observed, corrected on the spot",https://epqpl.sharepoint.com/sites/Maintenance/PM_Photos/MC-01-002_1.jpg,Adjusted and re-verified,TECH-03,No,
CR-90474,2026-03-12T09:29:00,WO-1025,MC-01-002,CELL-01,CL-FEED,2,Servo backlash check,OK,5.6,Within standard,,No action,TECH-03,No,
CR-90475,2026-03-12T09:29:00,WO-1025,MC-01-002,CELL-01,CL-FEED,3,Strip guide alignment,OK,19.5,Within standard,,No action,TECH-03,No,
CR-90476,2026-03-12T09:29:00,WO-1025,MC-01-002,CELL-01,CL-FEED,4,Lubrication unit level,OK,,Within standard,,No action,TECH-03,No,
CR-90477,2026-03-12T11:02:00,WO-1025,MC-01-003,CELL-01,CL-GEN,1,General cleanliness and 5S,NOT OK,,"Deviation observed, corrected on the spot",https://epqpl.sharepoint.com/sites/Maintenance/PM_Photos/MC-01-003_1.jpg,Adjusted and re-verified,TECH-04,No,
CR-90478,2026-03-12T11:02:00,WO-1025,MC-01-003,CELL-01,CL-GEN,2,Fastener tightness check,OK,,Within standard,,No action,TECH-04,No,
CR-90479,2026-03-12T11:02:00,WO-1025,MC-01-003,CELL-01,CL-GEN,3,Guard and interlock function,OK,,Within standard,,No action,TECH-04,No,
CR-90480,2026-03-12T11:02:00,WO-1025,MC-01-003,CELL-01,CL-GEN,4,Lubrication as per chart,OK,,Within standard,,No action,TECH-04,No,
CR-90481,2026-03-12T11:02:00,WO-1025,MC-01-003,CELL-01,CL-GEN,5,Electrical panel inspection,OK,,Within standard,,No action,TECH-04,No,
CR-90482,2026-03-12T11:02:00,WO-1025,MC-01-003,CELL-01,CL-GEN,6,Abnormal noise / vibration,OK,,Within standard,,No action,TECH-04,No,
CR-90483,2026-03-12T12:27:00,WO-1025,MC-01-004,CELL-01,CL-GEN,1,General cleanliness and 5S,OK,,Within standard,,No action,TECH-03,No,
CR-90484,2026-03-12T12:27:00,WO-1025,MC-01-004,CELL-01,CL-GEN,2,Fastener tightness check,OK,,Within standard,,No action,TECH-03,No,
CR-90485,2026-03-12T12:27:00,WO-1025,MC-01-004,CELL-01,CL-GEN,3,Guard and interlock function,NOT OK,,"Deviation observed, corrected on the spot",https://epqpl.sharepoint.com/sites/Maintenance/PM_Photos/MC-01-004_3.jpg,Adjusted and re-verified,TECH-03,Yes,
CR-90486,2026-03-12T12:27:00,WO-1025,MC-01-004,CELL-01,CL-GEN,4,Lubrication as per chart,OK,,Within standard,,No action,TECH-03,No,
CR-90487,2026-03-12T12:27:00,WO-1025,MC-01-004,CELL-01,CL-GEN,5,Electrical panel inspection,OK,,Within standard,,No action,TECH-03,No,
CR-90488,2026-03-12T12:27:00,WO-1025,MC-01-004,CELL-01,CL-GEN,6,Abnormal noise / vibration,NOT OK,,"Deviation observed, corrected on the spot",https://epqpl.sharepoint.com/sites/Maintenance/PM_Photos/MC-01-004_6.jpg,Adjusted and re-verified,TECH-03,No,
CR-90489,2026-03-21T08:49:00,WO-1026,MC-02-005,CELL-02,CL-WELD,1,Electrode tip dressing condition,OK,,Within standard,,No action,TECH-06,No,
CR-90490,2026-03-21T08:49:00,WO-1026,MC-02-005,CELL-02,CL-WELD,2,Weld current calibration,OK,21.6,Within standard,,No action,TECH-06,No,
CR-90491,2026-03-21T08:49:00,WO-1026,MC-02-005,CELL-02,CL-WELD,3,Cooling water flow rate,OK,43.9,Within standard,,No action,TECH-06,No,
CR-90492,2026-03-21T08:49:00,WO-1026,MC-02-005,CELL-02,CL-WELD,4,Transformer terminal tightness,OK,,Within standard,,No action,TECH-06,No,
CR-90493,2026-03-21T08:49:00,WO-1026,MC-02-005,CELL-02,CL-WELD,5,Pneumatic cylinder leak check,OK,,Within standard,,No action,TECH-06,No,
CR-90494,2026-03-21T08:49:00,WO-1026,MC-02-005,CELL-02,CL-WELD,6,Earth continuity,OK,49.3,Within standard,,No action,TECH-06,No,
CR-90495,2026-03-21T09:03:00,WO-1026,MC-02-006,CELL-02,CL-GEN,1,General cleanliness and 5S,OK,,Within standard,,No action,TECH-02,No,
CR-90496,2026-03-21T09:03:00,WO-1026,MC-02-006,CELL-02,CL-GEN,2,Fastener tightness check,OK,,Within standard,,No action,TECH-02,No,
CR-90497,2026-03-21T09:03:00,WO-1026,MC-02-006,CELL-02,CL-GEN,3,Guard and interlock function,OK,,Within standard,,No action,TECH-02,No,
CR-90498,2026-03-21T09:03:00,WO-1026,MC-02-006,CELL-02,CL-GEN,4,Lubrication as per chart,OK,,Within standard,,No action,TECH-02,No,
CR-90499,2026-03-21T09:03:00,WO-1026,MC-02-006,CELL-02,CL-GEN,5,Electrical panel inspection,OK,,Within standard,,No action,TECH-02,No,
CR-90500,2026-03-21T09:03:00,WO-1026,MC-02-006,CELL-02,CL-GEN,6,Abnormal noise / vibration,OK,,Within standard,,No action,TECH-02,No,
CR-90501,2026-03-21T11:21:00,WO-1026,MC-02-007,CELL-02,CL-GEN,1,General cleanliness and 5S,OK,,Within standard,,No action,TECH-05,No,
CR-90502,2026-03-21T11:21:00,WO-1026,MC-02-007,CELL-02,CL-GEN,2,Fastener tightness check,OK,,Within standard,,No action,TECH-05,No,
CR-90503,2026-03-21T11:21:00,WO-1026,MC-02-007,CELL-02,CL-GEN,3,Guard and interlock function,OK,,Within standard,,No action,TECH-05,No,
CR-90504,2026-03-21T11:21:00,WO-1026,MC-02-007,CELL-02,CL-GEN,4,Lubrication as per chart,OK,,Within standard,,No action,TECH-05,No,
CR-90505,2026-03-21T11:21:00,WO-1026,MC-02-007,CELL-02,CL-GEN,5,Electrical panel inspection,OK,,Within standard,,No action,TECH-05,No,
CR-90506,2026-03-21T11:21:00,WO-1026,MC-02-007,CELL-02,CL-GEN,6,Abnormal noise / vibration,NOT OK,,"Deviation observed, corrected on the spot",https://epqpl.sharepoint.com/sites/Maintenance/PM_Photos/MC-02-007_6.jpg,Adjusted and re-verified,TECH-05,No,
CR-90507,2026-03-21T12:37:00,WO-1026,MC-02-008,CELL-02,CL-VISION,1,Camera lens cleanliness,OK,,Within standard,,No action,TECH-05,No,
CR-90508,2026-03-21T12:37:00,WO-1026,MC-02-008,CELL-02,CL-VISION,2,Lighting intensity,OK,34.3,Within standard,,No action,TECH-05,No,
CR-90509,2026-03-21T12:37:00,WO-1026,MC-02-008,CELL-02,CL-VISION,3,Reject gate actuation,OK,,Within standard,,No action,TECH-05,No,
CR-90510,2026-03-21T12:37:00,WO-1026,MC-02-008,CELL-02,CL-VISION,4,Master sample pass/fail check,OK,,Within standard,,No action,TECH-05,No,
CR-90511,2026-03-28T08:19:00,WO-1027,MC-03-009,CELL-03,CL-PRESS,1,Slide / ram guideway lubrication,OK,,Within standard,,No action,TECH-03,No,
CR-90512,2026-03-28T08:19:00,WO-1027,MC-03-009,CELL-03,CL-PRESS,2,Clutch & brake air pressure,OK,28.2,Within standard,,No action,TECH-03,No,
CR-90513,2026-03-28T08:19:00,WO-1027,MC-03-009,CELL-03,CL-PRESS,3,Die clamping bolt torque,OK,3.2,Within standard,,No action,TECH-03,No,
CR-90514,2026-03-28T08:19:00,WO-1027,MC-03-009,CELL-03,CL-PRESS,4,Safety light curtain function,OK,,Within standard,,No action,TECH-03,No,
CR-90515,2026-03-28T08:19:00,WO-1027,MC-03-009,CELL-03,CL-PRESS,5,Flywheel bearing temperature,OK,22.8,Within standard,,No action,TECH-03,No,
CR-90516,2026-03-28T08:19:00,WO-1027,MC-03-009,CELL-03,CL-PRESS,6,Oil level in gearbox,OK,,Within standard,,No action,TECH-03,No,
CR-90517,2026-03-28T08:19:00,WO-1027,MC-03-009,CELL-03,CL-PRESS,7,Air line FRL water drain,OK,,Within standard,,No action,TECH-03,No,
CR-90518,2026-03-28T08:19:00,WO-1027,MC-03-009,CELL-03,CL-PRESS,8,Emergency stop function,OK,,Within standard,,No action,TECH-03,No,
CR-90519,2026-03-28T10:01:00,WO-1027,MC-03-010,CELL-03,CL-GEN,1,General cleanliness and 5S,OK,,Within standard,,No action,TECH-03,No,
CR-90520,2026-03-28T10:01:00,WO-1027,MC-03-010,CELL-03,CL-GEN,2,Fastener tightness check,OK,,Within standard,,No action,TECH-03,No,
CR-90521,2026-03-28T10:01:00,WO-1027,MC-03-010,CELL-03,CL-GEN,3,Guard and interlock function,OK,,Within standard,,No action,TECH-03,No,
CR-90522,2026-03-28T10:01:00,WO-1027,MC-03-010,CELL-03,CL-GEN,4,Lubrication as per chart,OK,,Within standard,,No action,TECH-03,No,
CR-90523,2026-03-28T10:01:00,WO-1027,MC-03-010,CELL-03,CL-GEN,5,Electrical panel inspection,NOT OK,,"Deviation observed, corrected on the spot",https://epqpl.sharepoint.com/sites/Maintenance/PM_Photos/MC-03-010_5.jpg,Adjusted and re-verified,TECH-03,No,
CR-90524,2026-03-28T10:01:00,WO-1027,MC-03-010,CELL-03,CL-GEN,6,Abnormal noise / vibration,OK,,Within standard,,No action,TECH-03,No,
CR-90525,2026-03-28T11:18:00,WO-1027,MC-03-011,CELL-03,CL-PRESS,1,Slide / ram guideway lubrication,OK,,Within standard,,No action,TECH-04,No,
CR-90526,2026-03-28T11:18:00,WO-1027,MC-03-011,CELL-03,CL-PRESS,2,Clutch & brake air pressure,OK,53.9,Within standard,,No action,TECH-04,No,
CR-90527,2026-03-28T11:18:00,WO-1027,MC-03-011,CELL-03,CL-PRESS,3,Die clamping bolt torque,OK,27.5,Within standard,,No action,TECH-04,No,
CR-90528,2026-03-28T11:18:00,WO-1027,MC-03-011,CELL-03,CL-PRESS,4,Safety light curtain function,OK,,Within standard,,No action,TECH-04,No,
CR-90529,2026-03-28T11:18:00,WO-1027,MC-03-011,CELL-03,CL-PRESS,5,Flywheel bearing temperature,OK,48.8,Within standard,,No action,TECH-04,No,
CR-90530,2026-03-28T11:18:00,WO-1027,MC-03-011,CELL-03,CL-PRESS,6,Oil level in gearbox,OK,,Within standard,,No action,TECH-04,No,
CR-90531,2026-03-28T11:18:00,WO-1027,MC-03-011,CELL-03,CL-PRESS,7,Air line FRL water drain,OK,,Within standard,,No action,TECH-04,No,
CR-90532,2026-03-28T11:18:00,WO-1027,MC-03-011,CELL-03,CL-PRESS,8,Emergency stop function,OK,,Within standard,,No action,TECH-04,No,
CR-90533,2026-03-28T11:28:00,WO-1027,MC-03-012,CELL-03,CL-TEST,1,Calibration validity,OK,,Within standard,,No action,TECH-06,No,
CR-90534,2026-03-28T11:28:00,WO-1027,MC-03-012,CELL-03,CL-TEST,2,Test lead / probe condition,OK,,Within standard,,No action,TECH-06,No,
CR-90535,2026-03-28T11:28:00,WO-1027,MC-03-012,CELL-03,CL-TEST,3,Reference standard verification,OK,57.5,Within standard,,No action,TECH-06,No,
CR-90536,2026-03-28T11:28:00,WO-1027,MC-03-012,CELL-03,CL-TEST,4,Earthing of test bench,OK,27.6,Within standard,,No action,TECH-06,No,
CR-90537,2026-03-28T11:28:00,WO-1027,MC-03-012,CELL-03,CL-TEST,5,Interlock and guard function,OK,,Within standard,,No action,TECH-06,No,
CR-90538,2026-03-30T08:31:00,WO-1028,MC-04-013,CELL-04,CL-FILL,1,Vibrator motor mounting bolts,OK,,Within standard,,No action,TECH-05,No,
CR-90539,2026-03-30T08:31:00,WO-1028,MC-04-013,CELL-04,CL-FILL,2,Sand hopper level sensor,OK,,Within standard,,No action,TECH-05,No,
CR-90540,2026-03-30T08:31:00,WO-1028,MC-04-013,CELL-04,CL-FILL,3,Filling nozzle wear,OK,25.1,Within standard,,No action,TECH-05,No,
CR-90541,2026-03-30T08:31:00,WO-1028,MC-04-013,CELL-04,CL-FILL,4,Compaction cycle time,OK,21,Within standard,,No action,TECH-05,No,
CR-90542,2026-03-30T08:31:00,WO-1028,MC-04-013,CELL-04,CL-FILL,5,Dust extraction suction,OK,36.3,Within standard,,No action,TECH-05,No,
CR-90543,2026-03-30T08:31:00,WO-1028,MC-04-013,CELL-04,CL-FILL,6,Conveyor belt tracking,OK,,Within standard,,No action,TECH-05,No,
CR-90544,2026-03-30T08:31:00,WO-1028,MC-04-013,CELL-04,CL-FILL,7,PLC battery status,OK,,Within standard,,No action,TECH-05,No,
CR-90545,2026-03-30T09:58:00,WO-1028,MC-04-014,CELL-04,CL-FILL,1,Vibrator motor mounting bolts,OK,,Within standard,,No action,TECH-06,No,
CR-90546,2026-03-30T09:58:00,WO-1028,MC-04-014,CELL-04,CL-FILL,2,Sand hopper level sensor,OK,,Within standard,,No action,TECH-06,No,
CR-90547,2026-03-30T09:58:00,WO-1028,MC-04-014,CELL-04,CL-FILL,3,Filling nozzle wear,OK,41,Within standard,,No action,TECH-06,No,
CR-90548,2026-03-30T09:58:00,WO-1028,MC-04-014,CELL-04,CL-FILL,4,Compaction cycle time,OK,17.8,Within standard,,No action,TECH-06,No,
CR-90549,2026-03-30T09:58:00,WO-1028,MC-04-014,CELL-04,CL-FILL,5,Dust extraction suction,OK,43.7,Within standard,,No action,TECH-06,No,
CR-90550,2026-03-30T09:58:00,WO-1028,MC-04-014,CELL-04,CL-FILL,6,Conveyor belt tracking,OK,,Within standard,,No action,TECH-06,No,
CR-90551,2026-03-30T09:58:00,WO-1028,MC-04-014,CELL-04,CL-FILL,7,PLC battery status,OK,,Within standard,,No action,TECH-06,No,
CR-90552,2026-03-30T12:04:00,WO-1028,MC-04-015,CELL-04,CL-OVEN,1,Door gasket condition,OK,,Within standard,,No action,TECH-06,No,
CR-90553,2026-03-30T12:04:00,WO-1028,MC-04-015,CELL-04,CL-OVEN,2,Steam trap operation,OK,,Within standard,,No action,TECH-06,No,
CR-90554,2026-03-30T12:04:00,WO-1028,MC-04-015,CELL-04,CL-OVEN,3,Temperature sensor calibration,OK,40.2,Within standard,,No action,TECH-06,No,
CR-90555,2026-03-30T12:04:00,WO-1028,MC-04-015,CELL-04,CL-OVEN,4,Safety relief valve test,OK,,Within standard,,No action,TECH-06,No,
CR-90556,2026-03-30T12:04:00,WO-1028,MC-04-015,CELL-04,CL-OVEN,5,Insulation surface temperature,OK,55.1,Within standard,,No action,TECH-06,No,
CR-90557,2026-03-30T12:04:00,WO-1028,MC-04-015,CELL-04,CL-OVEN,6,Condensate drain line,OK,,Within standard,,No action,TECH-06,No,
CR-90558,2026-03-30T12:45:00,WO-1028,MC-04-016,CELL-04,CL-UTIL,1,Motor current draw,NOT OK,19.3,"Deviation observed, corrected on the spot",https://epqpl.sharepoint.com/sites/Maintenance/PM_Photos/MC-04-016_1.jpg,Adjusted and re-verified,TECH-03,Yes,
CR-90559,2026-03-30T12:45:00,WO-1028,MC-04-016,CELL-04,CL-UTIL,2,Vibration level at bearing,OK,47.7,Within standard,,No action,TECH-03,No,
CR-90560,2026-03-30T12:45:00,WO-1028,MC-04-016,CELL-04,CL-UTIL,3,Coupling / belt condition,OK,,Within standard,,No action,TECH-03,No,
CR-90561,2026-03-30T12:45:00,WO-1028,MC-04-016,CELL-04,CL-UTIL,4,Panel cleanliness and glands,OK,,Within standard,,No action,TECH-03,No,
CR-90562,2026-03-30T12:45:00,WO-1028,MC-04-016,CELL-04,CL-UTIL,5,Leak check on all joints,OK,,Within standard,,No action,TECH-03,No,
CR-90563,2026-04-16T08:17:00,WO-1029,MC-05-017,CELL-05,CL-OVEN,1,Door gasket condition,OK,,Within standard,,No action,TECH-03,No,
CR-90564,2026-04-16T08:17:00,WO-1029,MC-05-017,CELL-05,CL-OVEN,2,Steam trap operation,NOT OK,,"Deviation observed, corrected on the spot",https://epqpl.sharepoint.com/sites/Maintenance/PM_Photos/MC-05-017_2.jpg,Adjusted and re-verified,TECH-03,Yes,
CR-90565,2026-04-16T08:17:00,WO-1029,MC-05-017,CELL-05,CL-OVEN,3,Temperature sensor calibration,OK,9.1,Within standard,,No action,TECH-03,No,
CR-90566,2026-04-16T08:17:00,WO-1029,MC-05-017,CELL-05,CL-OVEN,4,Safety relief valve test,NOT OK,,"Deviation observed, corrected on the spot",https://epqpl.sharepoint.com/sites/Maintenance/PM_Photos/MC-05-017_4.jpg,Adjusted and re-verified,TECH-03,Yes,
CR-90567,2026-04-16T08:17:00,WO-1029,MC-05-017,CELL-05,CL-OVEN,5,Insulation surface temperature,OK,50.8,Within standard,,No action,TECH-03,No,
CR-90568,2026-04-16T08:17:00,WO-1029,MC-05-017,CELL-05,CL-OVEN,6,Condensate drain line,OK,,Within standard,,No action,TECH-03,No,
CR-90569,2026-04-16T10:45:00,WO-1029,MC-05-018,CELL-05,CL-OVEN,1,Door gasket condition,OK,,Within standard,,No action,TECH-01,No,
CR-90570,2026-04-16T10:45:00,WO-1029,MC-05-018,CELL-05,CL-OVEN,2,Steam trap operation,OK,,Within standard,,No action,TECH-01,No,
CR-90571,2026-04-16T10:45:00,WO-1029,MC-05-018,CELL-05,CL-OVEN,3,Temperature sensor calibration,OK,32.1,Within standard,,No action,TECH-01,No,
CR-90572,2026-04-16T10:45:00,WO-1029,MC-05-018,CELL-05,CL-OVEN,4,Safety relief valve test,OK,,Within standard,,No action,TECH-01,No,
CR-90573,2026-04-16T10:45:00,WO-1029,MC-05-018,CELL-05,CL-OVEN,5,Insulation surface temperature,OK,40.1,Within standard,,No action,TECH-01,No,
CR-90574,2026-04-16T10:45:00,WO-1029,MC-05-018,CELL-05,CL-OVEN,6,Condensate drain line,OK,,Within standard,,No action,TECH-01,No,
CR-90575,2026-04-16T10:59:00,WO-1029,MC-05-019,CELL-05,CL-UTIL,1,Motor current draw,OK,50,Within standard,,No action,TECH-05,No,
CR-90576,2026-04-16T10:59:00,WO-1029,MC-05-019,CELL-05,CL-UTIL,2,Vibration level at bearing,OK,46.5,Within standard,,No action,TECH-05,No,
CR-90577,2026-04-16T10:59:00,WO-1029,MC-05-019,CELL-05,CL-UTIL,3,Coupling / belt condition,OK,,Within standard,,No action,TECH-05,No,
CR-90578,2026-04-16T10:59:00,WO-1029,MC-05-019,CELL-05,CL-UTIL,4,Panel cleanliness and glands,OK,,Within standard,,No action,TECH-05,No,
CR-90579,2026-04-16T10:59:00,WO-1029,MC-05-019,CELL-05,CL-UTIL,5,Leak check on all joints,OK,,Within standard,,No action,TECH-05,No,
CR-90580,2026-04-16T12:17:00,WO-1029,MC-05-020,CELL-05,CL-UTIL,1,Motor current draw,OK,43.5,Within standard,,No action,TECH-02,No,
CR-90581,2026-04-16T12:17:00,WO-1029,MC-05-020,CELL-05,CL-UTIL,2,Vibration level at bearing,OK,58.2,Within standard,,No action,TECH-02,No,
CR-90582,2026-04-16T12:17:00,WO-1029,MC-05-020,CELL-05,CL-UTIL,3,Coupling / belt condition,OK,,Within standard,,No action,TECH-02,No,
CR-90583,2026-04-16T12:17:00,WO-1029,MC-05-020,CELL-05,CL-UTIL,4,Panel cleanliness and glands,OK,,Within standard,,No action,TECH-02,No,
CR-90584,2026-04-16T12:17:00,WO-1029,MC-05-020,CELL-05,CL-UTIL,5,Leak check on all joints,OK,,Within standard,,No action,TECH-02,No,
CR-90585,2026-04-18T09:14:00,WO-1030,MC-06-021,CELL-06,CL-GEN,1,General cleanliness and 5S,OK,,Within standard,,No action,TECH-04,No,
CR-90586,2026-04-18T09:14:00,WO-1030,MC-06-021,CELL-06,CL-GEN,2,Fastener tightness check,OK,,Within standard,,No action,TECH-04,No,
CR-90587,2026-04-18T09:14:00,WO-1030,MC-06-021,CELL-06,CL-GEN,3,Guard and interlock function,OK,,Within standard,,No action,TECH-04,No,
CR-90588,2026-04-18T09:14:00,WO-1030,MC-06-021,CELL-06,CL-GEN,4,Lubrication as per chart,OK,,Within standard,,No action,TECH-04,No,
CR-90589,2026-04-18T09:14:00,WO-1030,MC-06-021,CELL-06,CL-GEN,5,Electrical panel inspection,OK,,Within standard,,No action,TECH-04,No,
CR-90590,2026-04-18T09:14:00,WO-1030,MC-06-021,CELL-06,CL-GEN,6,Abnormal noise / vibration,OK,,Within standard,,No action,TECH-04,No,
CR-90591,2026-04-18T09:30:00,WO-1030,MC-06-022,CELL-06,CL-PRESS,1,Slide / ram guideway lubrication,OK,,Within standard,,No action,TECH-02,No,
CR-90592,2026-04-18T09:30:00,WO-1030,MC-06-022,CELL-06,CL-PRESS,2,Clutch & brake air pressure,OK,52.6,Within standard,,No action,TECH-02,No,
CR-90593,2026-04-18T09:30:00,WO-1030,MC-06-022,CELL-06,CL-PRESS,3,Die clamping bolt torque,OK,33.7,Within standard,,No action,TECH-02,No,
CR-90594,2026-04-18T09:30:00,WO-1030,MC-06-022,CELL-06,CL-PRESS,4,Safety light curtain function,OK,,Within standard,,No action,TECH-02,No,
CR-90595,2026-04-18T09:30:00,WO-1030,MC-06-022,CELL-06,CL-PRESS,5,Flywheel bearing temperature,OK,7.1,Within standard,,No action,TECH-02,No,
CR-90596,2026-04-18T09:30:00,WO-1030,MC-06-022,CELL-06,CL-PRESS,6,Oil level in gearbox,OK,,Within standard,,No action,TECH-02,No,
CR-90597,2026-04-18T09:30:00,WO-1030,MC-06-022,CELL-06,CL-PRESS,7,Air line FRL water drain,OK,,Within standard,,No action,TECH-02,No,
CR-90598,2026-04-18T09:30:00,WO-1030,MC-06-022,CELL-06,CL-PRESS,8,Emergency stop function,NOT OK,,"Deviation observed, corrected on the spot",https://epqpl.sharepoint.com/sites/Maintenance/PM_Photos/MC-06-022_8.jpg,Adjusted and re-verified,TECH-02,No,
CR-90599,2026-04-18T10:03:00,WO-1030,MC-06-023,CELL-06,CL-GEN,1,General cleanliness and 5S,OK,,Within standard,,No action,TECH-01,No,
CR-90600,2026-04-18T10:03:00,WO-1030,MC-06-023,CELL-06,CL-GEN,2,Fastener tightness check,OK,,Within standard,,No action,TECH-01,No,
CR-90601,2026-04-18T10:03:00,WO-1030,MC-06-023,CELL-06,CL-GEN,3,Guard and interlock function,OK,,Within standard,,No action,TECH-01,No,
CR-90602,2026-04-18T10:03:00,WO-1030,MC-06-023,CELL-06,CL-GEN,4,Lubrication as per chart,OK,,Within standard,,No action,TECH-01,No,
CR-90603,2026-04-18T10:03:00,WO-1030,MC-06-023,CELL-06,CL-GEN,5,Electrical panel inspection,NOT OK,,"Deviation observed, corrected on the spot",https://epqpl.sharepoint.com/sites/Maintenance/PM_Photos/MC-06-023_5.jpg,Adjusted and re-verified,TECH-01,Yes,
CR-90604,2026-04-18T10:03:00,WO-1030,MC-06-023,CELL-06,CL-GEN,6,Abnormal noise / vibration,OK,,Within standard,,No action,TECH-01,No,
CR-90605,2026-04-18T11:08:00,WO-1030,MC-06-024,CELL-06,CL-TEST,1,Calibration validity,NOT OK,,"Deviation observed, corrected on the spot",https://epqpl.sharepoint.com/sites/Maintenance/PM_Photos/MC-06-024_1.jpg,Adjusted and re-verified,TECH-04,No,
CR-90606,2026-04-18T11:08:00,WO-1030,MC-06-024,CELL-06,CL-TEST,2,Test lead / probe condition,OK,,Within standard,,No action,TECH-04,No,
CR-90607,2026-04-18T11:08:00,WO-1030,MC-06-024,CELL-06,CL-TEST,3,Reference standard verification,OK,24.4,Within standard,,No action,TECH-04,No,
CR-90608,2026-04-18T11:08:00,WO-1030,MC-06-024,CELL-06,CL-TEST,4,Earthing of test bench,OK,23.1,Within standard,,No action,TECH-04,No,
CR-90609,2026-04-18T11:08:00,WO-1030,MC-06-024,CELL-06,CL-TEST,5,Interlock and guard function,OK,,Within standard,,No action,TECH-04,No,
CR-90610,2026-04-17T10:05:00,WO-1031,MC-07-025,CELL-07,CL-TEST,1,Calibration validity,OK,,Within standard,,No action,TECH-04,No,
CR-90611,2026-04-17T10:05:00,WO-1031,MC-07-025,CELL-07,CL-TEST,2,Test lead / probe condition,OK,,Within standard,,No action,TECH-04,No,
CR-90612,2026-04-17T10:05:00,WO-1031,MC-07-025,CELL-07,CL-TEST,3,Reference standard verification,OK,27.5,Within standard,,No action,TECH-04,No,
CR-90613,2026-04-17T10:05:00,WO-1031,MC-07-025,CELL-07,CL-TEST,4,Earthing of test bench,OK,1.3,Within standard,,No action,TECH-04,No,
CR-90614,2026-04-17T10:05:00,WO-1031,MC-07-025,CELL-07,CL-TEST,5,Interlock and guard function,OK,,Within standard,,No action,TECH-04,No,
CR-90615,2026-04-17T09:08:00,WO-1031,MC-07-026,CELL-07,CL-TEST,1,Calibration validity,OK,,Within standard,,No action,TECH-01,No,
CR-90616,2026-04-17T09:08:00,WO-1031,MC-07-026,CELL-07,CL-TEST,2,Test lead / probe condition,OK,,Within standard,,No action,TECH-01,No,
CR-90617,2026-04-17T09:08:00,WO-1031,MC-07-026,CELL-07,CL-TEST,3,Reference standard verification,OK,56.5,Within standard,,No action,TECH-01,No,
CR-90618,2026-04-17T09:08:00,WO-1031,MC-07-026,CELL-07,CL-TEST,4,Earthing of test bench,OK,36.9,Within standard,,No action,TECH-01,No,
CR-90619,2026-04-17T09:08:00,WO-1031,MC-07-026,CELL-07,CL-TEST,5,Interlock and guard function,OK,,Within standard,,No action,TECH-01,No,
CR-90620,2026-04-17T11:21:00,WO-1031,MC-07-027,CELL-07,CL-TEST,1,Calibration validity,OK,,Within standard,,No action,TECH-04,No,
CR-90621,2026-04-17T11:21:00,WO-1031,MC-07-027,CELL-07,CL-TEST,2,Test lead / probe condition,OK,,Within standard,,No action,TECH-04,No,
CR-90622,2026-04-17T11:21:00,WO-1031,MC-07-027,CELL-07,CL-TEST,3,Reference standard verification,OK,3.8,Within standard,,No action,TECH-04,No,
CR-90623,2026-04-17T11:21:00,WO-1031,MC-07-027,CELL-07,CL-TEST,4,Earthing of test bench,OK,25.8,Within standard,,No action,TECH-04,No,
CR-90624,2026-04-17T11:21:00,WO-1031,MC-07-027,CELL-07,CL-TEST,5,Interlock and guard function,OK,,Within standard,,No action,TECH-04,No,
CR-90625,2026-05-04T08:53:00,WO-1032,MC-08-028,CELL-08,CL-GEN,1,General cleanliness and 5S,OK,,Within standard,,No action,TECH-04,No,
CR-90626,2026-05-04T08:53:00,WO-1032,MC-08-028,CELL-08,CL-GEN,2,Fastener tightness check,OK,,Within standard,,No action,TECH-04,No,
CR-90627,2026-05-04T08:53:00,WO-1032,MC-08-028,CELL-08,CL-GEN,3,Guard and interlock function,OK,,Within standard,,No action,TECH-04,No,
CR-90628,2026-05-04T08:53:00,WO-1032,MC-08-028,CELL-08,CL-GEN,4,Lubrication as per chart,OK,,Within standard,,No action,TECH-04,No,
CR-90629,2026-05-04T08:53:00,WO-1032,MC-08-028,CELL-08,CL-GEN,5,Electrical panel inspection,OK,,Within standard,,No action,TECH-04,No,
CR-90630,2026-05-04T08:53:00,WO-1032,MC-08-028,CELL-08,CL-GEN,6,Abnormal noise / vibration,OK,,Within standard,,No action,TECH-04,No,
CR-90631,2026-05-04T10:42:00,WO-1032,MC-08-029,CELL-08,CL-GEN,1,General cleanliness and 5S,OK,,Within standard,,No action,TECH-02,No,
CR-90632,2026-05-04T10:42:00,WO-1032,MC-08-029,CELL-08,CL-GEN,2,Fastener tightness check,OK,,Within standard,,No action,TECH-02,No,
CR-90633,2026-05-04T10:42:00,WO-1032,MC-08-029,CELL-08,CL-GEN,3,Guard and interlock function,OK,,Within standard,,No action,TECH-02,No,
CR-90634,2026-05-04T10:42:00,WO-1032,MC-08-029,CELL-08,CL-GEN,4,Lubrication as per chart,OK,,Within standard,,No action,TECH-02,No,
CR-90635,2026-05-04T10:42:00,WO-1032,MC-08-029,CELL-08,CL-GEN,5,Electrical panel inspection,OK,,Within standard,,No action,TECH-02,No,
CR-90636,2026-05-04T10:42:00,WO-1032,MC-08-029,CELL-08,CL-GEN,6,Abnormal noise / vibration,OK,,Within standard,,No action,TECH-02,No,
CR-90637,2026-05-04T11:17:00,WO-1032,MC-08-030,CELL-08,CL-GEN,1,General cleanliness and 5S,OK,,Within standard,,No action,TECH-01,No,
CR-90638,2026-05-04T11:17:00,WO-1032,MC-08-030,CELL-08,CL-GEN,2,Fastener tightness check,OK,,Within standard,,No action,TECH-01,No,
CR-90639,2026-05-04T11:17:00,WO-1032,MC-08-030,CELL-08,CL-GEN,3,Guard and interlock function,OK,,Within standard,,No action,TECH-01,No,
CR-90640,2026-05-04T11:17:00,WO-1032,MC-08-030,CELL-08,CL-GEN,4,Lubrication as per chart,OK,,Within standard,,No action,TECH-01,No,
CR-90641,2026-05-04T11:17:00,WO-1032,MC-08-030,CELL-08,CL-GEN,5,Electrical panel inspection,OK,,Within standard,,No action,TECH-01,No,
CR-90642,2026-05-04T11:17:00,WO-1032,MC-08-030,CELL-08,CL-GEN,6,Abnormal noise / vibration,OK,,Within standard,,No action,TECH-01,No,
CR-90643,2026-05-08T09:37:00,WO-1033,MC-01-001,CELL-01,CL-PRESS,1,Slide / ram guideway lubrication,OK,,Within standard,,No action,TECH-06,No,
CR-90644,2026-05-08T09:37:00,WO-1033,MC-01-001,CELL-01,CL-PRESS,2,Clutch & brake air pressure,OK,45.6,Within standard,,No action,TECH-06,No,
CR-90645,2026-05-08T09:37:00,WO-1033,MC-01-001,CELL-01,CL-PRESS,3,Die clamping bolt torque,OK,8.9,Within standard,,No action,TECH-06,No,
CR-90646,2026-05-08T09:37:00,WO-1033,MC-01-001,CELL-01,CL-PRESS,4,Safety light curtain function,OK,,Within standard,,No action,TECH-06,No,
CR-90647,2026-05-08T09:37:00,WO-1033,MC-01-001,CELL-01,CL-PRESS,5,Flywheel bearing temperature,OK,21.8,Within standard,,No action,TECH-06,No,
CR-90648,2026-05-08T09:37:00,WO-1033,MC-01-001,CELL-01,CL-PRESS,6,Oil level in gearbox,OK,,Within standard,,No action,TECH-06,No,
CR-90649,2026-05-08T09:37:00,WO-1033,MC-01-001,CELL-01,CL-PRESS,7,Air line FRL water drain,OK,,Within standard,,No action,TECH-06,No,
CR-90650,2026-05-08T09:37:00,WO-1033,MC-01-001,CELL-01,CL-PRESS,8,Emergency stop function,OK,,Within standard,,No action,TECH-06,No,
CR-90651,2026-05-08T09:38:00,WO-1033,MC-01-002,CELL-01,CL-FEED,1,Feed roller wear,OK,,Within standard,,No action,TECH-03,No,
CR-90652,2026-05-08T09:38:00,WO-1033,MC-01-002,CELL-01,CL-FEED,2,Servo backlash check,OK,38.3,Within standard,,No action,TECH-03,No,
CR-90653,2026-05-08T09:38:00,WO-1033,MC-01-002,CELL-01,CL-FEED,3,Strip guide alignment,OK,48.9,Within standard,,No action,TECH-03,No,
CR-90654,2026-05-08T09:38:00,WO-1033,MC-01-002,CELL-01,CL-FEED,4,Lubrication unit level,NOT OK,,"Deviation observed, corrected on the spot",https://epqpl.sharepoint.com/sites/Maintenance/PM_Photos/MC-01-002_4.jpg,Adjusted and re-verified,TECH-03,Yes,
CR-90655,2026-05-08T10:14:00,WO-1033,MC-01-003,CELL-01,CL-GEN,1,General cleanliness and 5S,OK,,Within standard,,No action,TECH-04,No,
CR-90656,2026-05-08T10:14:00,WO-1033,MC-01-003,CELL-01,CL-GEN,2,Fastener tightness check,OK,,Within standard,,No action,TECH-04,No,
CR-90657,2026-05-08T10:14:00,WO-1033,MC-01-003,CELL-01,CL-GEN,3,Guard and interlock function,OK,,Within standard,,No action,TECH-04,No,
CR-90658,2026-05-08T10:14:00,WO-1033,MC-01-003,CELL-01,CL-GEN,4,Lubrication as per chart,OK,,Within standard,,No action,TECH-04,No,
CR-90659,2026-05-08T10:14:00,WO-1033,MC-01-003,CELL-01,CL-GEN,5,Electrical panel inspection,OK,,Within standard,,No action,TECH-04,No,
CR-90660,2026-05-08T10:14:00,WO-1033,MC-01-003,CELL-01,CL-GEN,6,Abnormal noise / vibration,OK,,Within standard,,No action,TECH-04,No,
CR-90661,2026-05-08T11:34:00,WO-1033,MC-01-004,CELL-01,CL-GEN,1,General cleanliness and 5S,OK,,Within standard,,No action,TECH-01,No,
CR-90662,2026-05-08T11:34:00,WO-1033,MC-01-004,CELL-01,CL-GEN,2,Fastener tightness check,OK,,Within standard,,No action,TECH-01,No,
CR-90663,2026-05-08T11:34:00,WO-1033,MC-01-004,CELL-01,CL-GEN,3,Guard and interlock function,OK,,Within standard,,No action,TECH-01,No,
CR-90664,2026-05-08T11:34:00,WO-1033,MC-01-004,CELL-01,CL-GEN,4,Lubrication as per chart,OK,,Within standard,,No action,TECH-01,No,
CR-90665,2026-05-08T11:34:00,WO-1033,MC-01-004,CELL-01,CL-GEN,5,Electrical panel inspection,OK,,Within standard,,No action,TECH-01,No,
CR-90666,2026-05-08T11:34:00,WO-1033,MC-01-004,CELL-01,CL-GEN,6,Abnormal noise / vibration,OK,,Within standard,,No action,TECH-01,No,
CR-90667,2026-05-14T09:55:00,WO-1034,MC-02-005,CELL-02,CL-WELD,1,Electrode tip dressing condition,OK,,Within standard,,No action,TECH-03,No,
CR-90668,2026-05-14T09:55:00,WO-1034,MC-02-005,CELL-02,CL-WELD,2,Weld current calibration,OK,57.4,Within standard,,No action,TECH-03,No,
CR-90669,2026-05-14T09:55:00,WO-1034,MC-02-005,CELL-02,CL-WELD,3,Cooling water flow rate,OK,21,Within standard,,No action,TECH-03,No,
CR-90670,2026-05-14T09:55:00,WO-1034,MC-02-005,CELL-02,CL-WELD,4,Transformer terminal tightness,OK,,Within standard,,No action,TECH-03,No,
CR-90671,2026-05-14T09:55:00,WO-1034,MC-02-005,CELL-02,CL-WELD,5,Pneumatic cylinder leak check,OK,,Within standard,,No action,TECH-03,No,
CR-90672,2026-05-14T09:55:00,WO-1034,MC-02-005,CELL-02,CL-WELD,6,Earth continuity,OK,12,Within standard,,No action,TECH-03,No,
CR-90673,2026-05-14T09:53:00,WO-1034,MC-02-006,CELL-02,CL-GEN,1,General cleanliness and 5S,NOT OK,,"Deviation observed, corrected on the spot",https://epqpl.sharepoint.com/sites/Maintenance/PM_Photos/MC-02-006_1.jpg,Adjusted and re-verified,TECH-06,Yes,
CR-90674,2026-05-14T09:53:00,WO-1034,MC-02-006,CELL-02,CL-GEN,2,Fastener tightness check,OK,,Within standard,,No action,TECH-06,No,
CR-90675,2026-05-14T09:53:00,WO-1034,MC-02-006,CELL-02,CL-GEN,3,Guard and interlock function,OK,,Within standard,,No action,TECH-06,No,
CR-90676,2026-05-14T09:53:00,WO-1034,MC-02-006,CELL-02,CL-GEN,4,Lubrication as per chart,NOT OK,,"Deviation observed, corrected on the spot",https://epqpl.sharepoint.com/sites/Maintenance/PM_Photos/MC-02-006_4.jpg,Adjusted and re-verified,TECH-06,No,
CR-90677,2026-05-14T09:53:00,WO-1034,MC-02-006,CELL-02,CL-GEN,5,Electrical panel inspection,OK,,Within standard,,No action,TECH-06,No,
CR-90678,2026-05-14T09:53:00,WO-1034,MC-02-006,CELL-02,CL-GEN,6,Abnormal noise / vibration,OK,,Within standard,,No action,TECH-06,No,
CR-90679,2026-05-14T10:46:00,WO-1034,MC-02-007,CELL-02,CL-GEN,1,General cleanliness and 5S,OK,,Within standard,,No action,TECH-02,No,
CR-90680,2026-05-14T10:46:00,WO-1034,MC-02-007,CELL-02,CL-GEN,2,Fastener tightness check,OK,,Within standard,,No action,TECH-02,No,
CR-90681,2026-05-14T10:46:00,WO-1034,MC-02-007,CELL-02,CL-GEN,3,Guard and interlock function,OK,,Within standard,,No action,TECH-02,No,
CR-90682,2026-05-14T10:46:00,WO-1034,MC-02-007,CELL-02,CL-GEN,4,Lubrication as per chart,OK,,Within standard,,No action,TECH-02,No,
CR-90683,2026-05-14T10:46:00,WO-1034,MC-02-007,CELL-02,CL-GEN,5,Electrical panel inspection,OK,,Within standard,,No action,TECH-02,No,
CR-90684,2026-05-14T10:46:00,WO-1034,MC-02-007,CELL-02,CL-GEN,6,Abnormal noise / vibration,OK,,Within standard,,No action,TECH-02,No,
CR-90685,2026-05-14T11:32:00,WO-1034,MC-02-008,CELL-02,CL-VISION,1,Camera lens cleanliness,OK,,Within standard,,No action,TECH-06,No,
CR-90686,2026-05-14T11:32:00,WO-1034,MC-02-008,CELL-02,CL-VISION,2,Lighting intensity,OK,10.8,Within standard,,No action,TECH-06,No,
CR-90687,2026-05-14T11:32:00,WO-1034,MC-02-008,CELL-02,CL-VISION,3,Reject gate actuation,OK,,Within standard,,No action,TECH-06,No,
CR-90688,2026-05-14T11:32:00,WO-1034,MC-02-008,CELL-02,CL-VISION,4,Master sample pass/fail check,OK,,Within standard,,No action,TECH-06,No,
CR-90689,2026-05-26T09:49:00,WO-1035,MC-03-009,CELL-03,CL-PRESS,1,Slide / ram guideway lubrication,NOT OK,,"Deviation observed, corrected on the spot",https://epqpl.sharepoint.com/sites/Maintenance/PM_Photos/MC-03-009_1.jpg,Adjusted and re-verified,TECH-03,Yes,
CR-90690,2026-05-26T09:49:00,WO-1035,MC-03-009,CELL-03,CL-PRESS,2,Clutch & brake air pressure,OK,36.8,Within standard,,No action,TECH-03,No,
CR-90691,2026-05-26T09:49:00,WO-1035,MC-03-009,CELL-03,CL-PRESS,3,Die clamping bolt torque,OK,47.1,Within standard,,No action,TECH-03,No,
CR-90692,2026-05-26T09:49:00,WO-1035,MC-03-009,CELL-03,CL-PRESS,4,Safety light curtain function,OK,,Within standard,,No action,TECH-03,No,
CR-90693,2026-05-26T09:49:00,WO-1035,MC-03-009,CELL-03,CL-PRESS,5,Flywheel bearing temperature,OK,3.1,Within standard,,No action,TECH-03,No,
CR-90694,2026-05-26T09:49:00,WO-1035,MC-03-009,CELL-03,CL-PRESS,6,Oil level in gearbox,OK,,Within standard,,No action,TECH-03,No,
CR-90695,2026-05-26T09:49:00,WO-1035,MC-03-009,CELL-03,CL-PRESS,7,Air line FRL water drain,OK,,Within standard,,No action,TECH-03,No,
CR-90696,2026-05-26T09:49:00,WO-1035,MC-03-009,CELL-03,CL-PRESS,8,Emergency stop function,OK,,Within standard,,No action,TECH-03,No,
CR-90697,2026-05-26T10:29:00,WO-1035,MC-03-010,CELL-03,CL-GEN,1,General cleanliness and 5S,OK,,Within standard,,No action,TECH-01,No,
CR-90698,2026-05-26T10:29:00,WO-1035,MC-03-010,CELL-03,CL-GEN,2,Fastener tightness check,OK,,Within standard,,No action,TECH-01,No,
CR-90699,2026-05-26T10:29:00,WO-1035,MC-03-010,CELL-03,CL-GEN,3,Guard and interlock function,OK,,Within standard,,No action,TECH-01,No,
CR-90700,2026-05-26T10:29:00,WO-1035,MC-03-010,CELL-03,CL-GEN,4,Lubrication as per chart,OK,,Within standard,,No action,TECH-01,No,
CR-90701,2026-05-26T10:29:00,WO-1035,MC-03-010,CELL-03,CL-GEN,5,Electrical panel inspection,OK,,Within standard,,No action,TECH-01,No,
CR-90702,2026-05-26T10:29:00,WO-1035,MC-03-010,CELL-03,CL-GEN,6,Abnormal noise / vibration,OK,,Within standard,,No action,TECH-01,No,
CR-90703,2026-05-26T10:54:00,WO-1035,MC-03-011,CELL-03,CL-PRESS,1,Slide / ram guideway lubrication,OK,,Within standard,,No action,TECH-05,No,
CR-90704,2026-05-26T10:54:00,WO-1035,MC-03-011,CELL-03,CL-PRESS,2,Clutch & brake air pressure,OK,22.9,Within standard,,No action,TECH-05,No,
CR-90705,2026-05-26T10:54:00,WO-1035,MC-03-011,CELL-03,CL-PRESS,3,Die clamping bolt torque,OK,27.2,Within standard,,No action,TECH-05,No,
CR-90706,2026-05-26T10:54:00,WO-1035,MC-03-011,CELL-03,CL-PRESS,4,Safety light curtain function,OK,,Within standard,,No action,TECH-05,No,
CR-90707,2026-05-26T10:54:00,WO-1035,MC-03-011,CELL-03,CL-PRESS,5,Flywheel bearing temperature,OK,5.5,Within standard,,No action,TECH-05,No,
CR-90708,2026-05-26T10:54:00,WO-1035,MC-03-011,CELL-03,CL-PRESS,6,Oil level in gearbox,OK,,Within standard,,No action,TECH-05,No,
CR-90709,2026-05-26T10:54:00,WO-1035,MC-03-011,CELL-03,CL-PRESS,7,Air line FRL water drain,OK,,Within standard,,No action,TECH-05,No,
CR-90710,2026-05-26T10:54:00,WO-1035,MC-03-011,CELL-03,CL-PRESS,8,Emergency stop function,OK,,Within standard,,No action,TECH-05,No,
CR-90711,2026-05-26T11:54:00,WO-1035,MC-03-012,CELL-03,CL-TEST,1,Calibration validity,OK,,Within standard,,No action,TECH-02,No,
CR-90712,2026-05-26T11:54:00,WO-1035,MC-03-012,CELL-03,CL-TEST,2,Test lead / probe condition,OK,,Within standard,,No action,TECH-02,No,
CR-90713,2026-05-26T11:54:00,WO-1035,MC-03-012,CELL-03,CL-TEST,3,Reference standard verification,OK,15.7,Within standard,,No action,TECH-02,No,
CR-90714,2026-05-26T11:54:00,WO-1035,MC-03-012,CELL-03,CL-TEST,4,Earthing of test bench,OK,7.7,Within standard,,No action,TECH-02,No,
CR-90715,2026-05-26T11:54:00,WO-1035,MC-03-012,CELL-03,CL-TEST,5,Interlock and guard function,OK,,Within standard,,No action,TECH-02,No,
CR-90716,2026-05-30T09:21:00,WO-1036,MC-04-013,CELL-04,CL-FILL,1,Vibrator motor mounting bolts,NOT OK,,"Deviation observed, corrected on the spot",https://epqpl.sharepoint.com/sites/Maintenance/PM_Photos/MC-04-013_1.jpg,Adjusted and re-verified,TECH-05,No,
CR-90717,2026-05-30T09:21:00,WO-1036,MC-04-013,CELL-04,CL-FILL,2,Sand hopper level sensor,NOT OK,,"Deviation observed, corrected on the spot",https://epqpl.sharepoint.com/sites/Maintenance/PM_Photos/MC-04-013_2.jpg,Adjusted and re-verified,TECH-05,No,
CR-90718,2026-05-30T09:21:00,WO-1036,MC-04-013,CELL-04,CL-FILL,3,Filling nozzle wear,OK,54,Within standard,,No action,TECH-05,No,
CR-90719,2026-05-30T09:21:00,WO-1036,MC-04-013,CELL-04,CL-FILL,4,Compaction cycle time,OK,27.3,Within standard,,No action,TECH-05,No,
CR-90720,2026-05-30T09:21:00,WO-1036,MC-04-013,CELL-04,CL-FILL,5,Dust extraction suction,OK,6.2,Within standard,,No action,TECH-05,No,
CR-90721,2026-05-30T09:21:00,WO-1036,MC-04-013,CELL-04,CL-FILL,6,Conveyor belt tracking,OK,,Within standard,,No action,TECH-05,No,
CR-90722,2026-05-30T09:21:00,WO-1036,MC-04-013,CELL-04,CL-FILL,7,PLC battery status,OK,,Within standard,,No action,TECH-05,No,
CR-90723,2026-05-30T10:20:00,WO-1036,MC-04-014,CELL-04,CL-FILL,1,Vibrator motor mounting bolts,OK,,Within standard,,No action,TECH-06,No,
CR-90724,2026-05-30T10:20:00,WO-1036,MC-04-014,CELL-04,CL-FILL,2,Sand hopper level sensor,OK,,Within standard,,No action,TECH-06,No,
CR-90725,2026-05-30T10:20:00,WO-1036,MC-04-014,CELL-04,CL-FILL,3,Filling nozzle wear,OK,33,Within standard,,No action,TECH-06,No,
CR-90726,2026-05-30T10:20:00,WO-1036,MC-04-014,CELL-04,CL-FILL,4,Compaction cycle time,OK,53.6,Within standard,,No action,TECH-06,No,
CR-90727,2026-05-30T10:20:00,WO-1036,MC-04-014,CELL-04,CL-FILL,5,Dust extraction suction,OK,51.2,Within standard,,No action,TECH-06,No,
CR-90728,2026-05-30T10:20:00,WO-1036,MC-04-014,CELL-04,CL-FILL,6,Conveyor belt tracking,OK,,Within standard,,No action,TECH-06,No,
CR-90729,2026-05-30T10:20:00,WO-1036,MC-04-014,CELL-04,CL-FILL,7,PLC battery status,OK,,Within standard,,No action,TECH-06,No,
CR-90730,2026-05-30T11:49:00,WO-1036,MC-04-015,CELL-04,CL-OVEN,1,Door gasket condition,OK,,Within standard,,No action,TECH-06,No,
CR-90731,2026-05-30T11:49:00,WO-1036,MC-04-015,CELL-04,CL-OVEN,2,Steam trap operation,OK,,Within standard,,No action,TECH-06,No,
CR-90732,2026-05-30T11:49:00,WO-1036,MC-04-015,CELL-04,CL-OVEN,3,Temperature sensor calibration,OK,31,Within standard,,No action,TECH-06,No,
CR-90733,2026-05-30T11:49:00,WO-1036,MC-04-015,CELL-04,CL-OVEN,4,Safety relief valve test,OK,,Within standard,,No action,TECH-06,No,
CR-90734,2026-05-30T11:49:00,WO-1036,MC-04-015,CELL-04,CL-OVEN,5,Insulation surface temperature,OK,8.2,Within standard,,No action,TECH-06,No,
CR-90735,2026-05-30T11:49:00,WO-1036,MC-04-015,CELL-04,CL-OVEN,6,Condensate drain line,OK,,Within standard,,No action,TECH-06,No,
CR-90736,2026-05-30T11:42:00,WO-1036,MC-04-016,CELL-04,CL-UTIL,1,Motor current draw,OK,22.3,Within standard,,No action,TECH-02,No,
CR-90737,2026-05-30T11:42:00,WO-1036,MC-04-016,CELL-04,CL-UTIL,2,Vibration level at bearing,OK,34.8,Within standard,,No action,TECH-02,No,
CR-90738,2026-05-30T11:42:00,WO-1036,MC-04-016,CELL-04,CL-UTIL,3,Coupling / belt condition,OK,,Within standard,,No action,TECH-02,No,
CR-90739,2026-05-30T11:42:00,WO-1036,MC-04-016,CELL-04,CL-UTIL,4,Panel cleanliness and glands,OK,,Within standard,,No action,TECH-02,No,
CR-90740,2026-05-30T11:42:00,WO-1036,MC-04-016,CELL-04,CL-UTIL,5,Leak check on all joints,OK,,Within standard,,No action,TECH-02,No,
CR-90741,2026-06-07T08:23:00,WO-1037,MC-05-017,CELL-05,CL-OVEN,1,Door gasket condition,OK,,Within standard,,No action,TECH-01,No,
CR-90742,2026-06-07T08:23:00,WO-1037,MC-05-017,CELL-05,CL-OVEN,2,Steam trap operation,OK,,Within standard,,No action,TECH-01,No,
CR-90743,2026-06-07T08:23:00,WO-1037,MC-05-017,CELL-05,CL-OVEN,3,Temperature sensor calibration,OK,41.1,Within standard,,No action,TECH-01,No,
CR-90744,2026-06-07T08:23:00,WO-1037,MC-05-017,CELL-05,CL-OVEN,4,Safety relief valve test,OK,,Within standard,,No action,TECH-01,No,
CR-90745,2026-06-07T08:23:00,WO-1037,MC-05-017,CELL-05,CL-OVEN,5,Insulation surface temperature,OK,21.3,Within standard,,No action,TECH-01,No,
CR-90746,2026-06-07T08:23:00,WO-1037,MC-05-017,CELL-05,CL-OVEN,6,Condensate drain line,OK,,Within standard,,No action,TECH-01,No,
CR-90747,2026-06-07T10:30:00,WO-1037,MC-05-018,CELL-05,CL-OVEN,1,Door gasket condition,OK,,Within standard,,No action,TECH-05,No,
CR-90748,2026-06-07T10:30:00,WO-1037,MC-05-018,CELL-05,CL-OVEN,2,Steam trap operation,OK,,Within standard,,No action,TECH-05,No,
CR-90749,2026-06-07T10:30:00,WO-1037,MC-05-018,CELL-05,CL-OVEN,3,Temperature sensor calibration,OK,26.5,Within standard,,No action,TECH-05,No,
CR-90750,2026-06-07T10:30:00,WO-1037,MC-05-018,CELL-05,CL-OVEN,4,Safety relief valve test,OK,,Within standard,,No action,TECH-05,No,
CR-90751,2026-06-07T10:30:00,WO-1037,MC-05-018,CELL-05,CL-OVEN,5,Insulation surface temperature,OK,54.7,Within standard,,No action,TECH-05,No,
CR-90752,2026-06-07T10:30:00,WO-1037,MC-05-018,CELL-05,CL-OVEN,6,Condensate drain line,OK,,Within standard,,No action,TECH-05,No,
CR-90753,2026-06-07T10:48:00,WO-1037,MC-05-019,CELL-05,CL-UTIL,1,Motor current draw,OK,20,Within standard,,No action,TECH-01,No,
CR-90754,2026-06-07T10:48:00,WO-1037,MC-05-019,CELL-05,CL-UTIL,2,Vibration level at bearing,OK,42.9,Within standard,,No action,TECH-01,No,
CR-90755,2026-06-07T10:48:00,WO-1037,MC-05-019,CELL-05,CL-UTIL,3,Coupling / belt condition,OK,,Within standard,,No action,TECH-01,No,
CR-90756,2026-06-07T10:48:00,WO-1037,MC-05-019,CELL-05,CL-UTIL,4,Panel cleanliness and glands,OK,,Within standard,,No action,TECH-01,No,
CR-90757,2026-06-07T10:48:00,WO-1037,MC-05-019,CELL-05,CL-UTIL,5,Leak check on all joints,OK,,Within standard,,No action,TECH-01,No,
CR-90758,2026-06-07T13:02:00,WO-1037,MC-05-020,CELL-05,CL-UTIL,1,Motor current draw,OK,12.6,Within standard,,No action,TECH-03,No,
CR-90759,2026-06-07T13:02:00,WO-1037,MC-05-020,CELL-05,CL-UTIL,2,Vibration level at bearing,OK,57.4,Within standard,,No action,TECH-03,No,
CR-90760,2026-06-07T13:02:00,WO-1037,MC-05-020,CELL-05,CL-UTIL,3,Coupling / belt condition,OK,,Within standard,,No action,TECH-03,No,
CR-90761,2026-06-07T13:02:00,WO-1037,MC-05-020,CELL-05,CL-UTIL,4,Panel cleanliness and glands,OK,,Within standard,,No action,TECH-03,No,
CR-90762,2026-06-07T13:02:00,WO-1037,MC-05-020,CELL-05,CL-UTIL,5,Leak check on all joints,OK,,Within standard,,No action,TECH-03,No,
CR-90763,2026-06-20T08:56:00,WO-1038,MC-06-021,CELL-06,CL-GEN,1,General cleanliness and 5S,NOT OK,,"Deviation observed, corrected on the spot",https://epqpl.sharepoint.com/sites/Maintenance/PM_Photos/MC-06-021_1.jpg,Adjusted and re-verified,TECH-06,Yes,
CR-90764,2026-06-20T08:56:00,WO-1038,MC-06-021,CELL-06,CL-GEN,2,Fastener tightness check,OK,,Within standard,,No action,TECH-06,No,
CR-90765,2026-06-20T08:56:00,WO-1038,MC-06-021,CELL-06,CL-GEN,3,Guard and interlock function,OK,,Within standard,,No action,TECH-06,No,
CR-90766,2026-06-20T08:56:00,WO-1038,MC-06-021,CELL-06,CL-GEN,4,Lubrication as per chart,OK,,Within standard,,No action,TECH-06,No,
CR-90767,2026-06-20T08:56:00,WO-1038,MC-06-021,CELL-06,CL-GEN,5,Electrical panel inspection,OK,,Within standard,,No action,TECH-06,No,
CR-90768,2026-06-20T08:56:00,WO-1038,MC-06-021,CELL-06,CL-GEN,6,Abnormal noise / vibration,OK,,Within standard,,No action,TECH-06,No,
CR-90769,2026-06-20T10:37:00,WO-1038,MC-06-022,CELL-06,CL-PRESS,1,Slide / ram guideway lubrication,OK,,Within standard,,No action,TECH-06,No,
CR-90770,2026-06-20T10:37:00,WO-1038,MC-06-022,CELL-06,CL-PRESS,2,Clutch & brake air pressure,OK,34.8,Within standard,,No action,TECH-06,No,
CR-90771,2026-06-20T10:37:00,WO-1038,MC-06-022,CELL-06,CL-PRESS,3,Die clamping bolt torque,OK,37.5,Within standard,,No action,TECH-06,No,
CR-90772,2026-06-20T10:37:00,WO-1038,MC-06-022,CELL-06,CL-PRESS,4,Safety light curtain function,OK,,Within standard,,No action,TECH-06,No,
CR-90773,2026-06-20T10:37:00,WO-1038,MC-06-022,CELL-06,CL-PRESS,5,Flywheel bearing temperature,OK,2.8,Within standard,,No action,TECH-06,No,
CR-90774,2026-06-20T10:37:00,WO-1038,MC-06-022,CELL-06,CL-PRESS,6,Oil level in gearbox,OK,,Within standard,,No action,TECH-06,No,
CR-90775,2026-06-20T10:37:00,WO-1038,MC-06-022,CELL-06,CL-PRESS,7,Air line FRL water drain,OK,,Within standard,,No action,TECH-06,No,
CR-90776,2026-06-20T10:37:00,WO-1038,MC-06-022,CELL-06,CL-PRESS,8,Emergency stop function,OK,,Within standard,,No action,TECH-06,No,
CR-90777,2026-06-20T10:46:00,WO-1038,MC-06-023,CELL-06,CL-GEN,1,General cleanliness and 5S,OK,,Within standard,,No action,TECH-06,No,
CR-90778,2026-06-20T10:46:00,WO-1038,MC-06-023,CELL-06,CL-GEN,2,Fastener tightness check,OK,,Within standard,,No action,TECH-06,No,
CR-90779,2026-06-20T10:46:00,WO-1038,MC-06-023,CELL-06,CL-GEN,3,Guard and interlock function,OK,,Within standard,,No action,TECH-06,No,
CR-90780,2026-06-20T10:46:00,WO-1038,MC-06-023,CELL-06,CL-GEN,4,Lubrication as per chart,OK,,Within standard,,No action,TECH-06,No,
CR-90781,2026-06-20T10:46:00,WO-1038,MC-06-023,CELL-06,CL-GEN,5,Electrical panel inspection,OK,,Within standard,,No action,TECH-06,No,
CR-90782,2026-06-20T10:46:00,WO-1038,MC-06-023,CELL-06,CL-GEN,6,Abnormal noise / vibration,OK,,Within standard,,No action,TECH-06,No,
CR-90783,2026-06-20T12:09:00,WO-1038,MC-06-024,CELL-06,CL-TEST,1,Calibration validity,OK,,Within standard,,No action,TECH-02,No,
CR-90784,2026-06-20T12:09:00,WO-1038,MC-06-024,CELL-06,CL-TEST,2,Test lead / probe condition,OK,,Within standard,,No action,TECH-02,No,
CR-90785,2026-06-20T12:09:00,WO-1038,MC-06-024,CELL-06,CL-TEST,3,Reference standard verification,OK,4.5,Within standard,,No action,TECH-02,No,
CR-90786,2026-06-20T12:09:00,WO-1038,MC-06-024,CELL-06,CL-TEST,4,Earthing of test bench,OK,26.9,Within standard,,No action,TECH-02,No,
CR-90787,2026-06-20T12:09:00,WO-1038,MC-06-024,CELL-06,CL-TEST,5,Interlock and guard function,OK,,Within standard,,No action,TECH-02,No,
CR-90788,2026-06-22T08:23:00,WO-1039,MC-07-025,CELL-07,CL-TEST,1,Calibration validity,OK,,Within standard,,No action,TECH-05,No,
CR-90789,2026-06-22T08:23:00,WO-1039,MC-07-025,CELL-07,CL-TEST,2,Test lead / probe condition,OK,,Within standard,,No action,TECH-05,No,
CR-90790,2026-06-22T08:23:00,WO-1039,MC-07-025,CELL-07,CL-TEST,3,Reference standard verification,OK,16.8,Within standard,,No action,TECH-05,No,
CR-90791,2026-06-22T08:23:00,WO-1039,MC-07-025,CELL-07,CL-TEST,4,Earthing of test bench,OK,15.6,Within standard,,No action,TECH-05,No,
CR-90792,2026-06-22T08:23:00,WO-1039,MC-07-025,CELL-07,CL-TEST,5,Interlock and guard function,OK,,Within standard,,No action,TECH-05,No,
CR-90793,2026-06-22T09:15:00,WO-1039,MC-07-026,CELL-07,CL-TEST,1,Calibration validity,OK,,Within standard,,No action,TECH-01,No,
CR-90794,2026-06-22T09:15:00,WO-1039,MC-07-026,CELL-07,CL-TEST,2,Test lead / probe condition,NOT OK,,"Deviation observed, corrected on the spot",https://epqpl.sharepoint.com/sites/Maintenance/PM_Photos/MC-07-026_2.jpg,Adjusted and re-verified,TECH-01,No,
CR-90795,2026-06-22T09:15:00,WO-1039,MC-07-026,CELL-07,CL-TEST,3,Reference standard verification,OK,54.2,Within standard,,No action,TECH-01,No,
CR-90796,2026-06-22T09:15:00,WO-1039,MC-07-026,CELL-07,CL-TEST,4,Earthing of test bench,NOT OK,49,"Deviation observed, corrected on the spot",https://epqpl.sharepoint.com/sites/Maintenance/PM_Photos/MC-07-026_4.jpg,Adjusted and re-verified,TECH-01,No,
CR-90797,2026-06-22T09:15:00,WO-1039,MC-07-026,CELL-07,CL-TEST,5,Interlock and guard function,OK,,Within standard,,No action,TECH-01,No,
CR-90798,2026-06-22T10:19:00,WO-1039,MC-07-027,CELL-07,CL-TEST,1,Calibration validity,OK,,Within standard,,No action,TECH-06,No,
CR-90799,2026-06-22T10:19:00,WO-1039,MC-07-027,CELL-07,CL-TEST,2,Test lead / probe condition,OK,,Within standard,,No action,TECH-06,No,
CR-90800,2026-06-22T10:19:00,WO-1039,MC-07-027,CELL-07,CL-TEST,3,Reference standard verification,OK,28.5,Within standard,,No action,TECH-06,No,
CR-90801,2026-06-22T10:19:00,WO-1039,MC-07-027,CELL-07,CL-TEST,4,Earthing of test bench,OK,52.9,Within standard,,No action,TECH-06,No,
CR-90802,2026-06-22T10:19:00,WO-1039,MC-07-027,CELL-07,CL-TEST,5,Interlock and guard function,NOT OK,,"Deviation observed, corrected on the spot",https://epqpl.sharepoint.com/sites/Maintenance/PM_Photos/MC-07-027_5.jpg,Adjusted and re-verified,TECH-06,No,
CR-90803,2026-06-28T09:18:00,WO-1040,MC-08-028,CELL-08,CL-GEN,1,General cleanliness and 5S,OK,,Within standard,,No action,TECH-06,No,
CR-90804,2026-06-28T09:18:00,WO-1040,MC-08-028,CELL-08,CL-GEN,2,Fastener tightness check,OK,,Within standard,,No action,TECH-06,No,
CR-90805,2026-06-28T09:18:00,WO-1040,MC-08-028,CELL-08,CL-GEN,3,Guard and interlock function,OK,,Within standard,,No action,TECH-06,No,
CR-90806,2026-06-28T09:18:00,WO-1040,MC-08-028,CELL-08,CL-GEN,4,Lubrication as per chart,OK,,Within standard,,No action,TECH-06,No,
CR-90807,2026-06-28T09:18:00,WO-1040,MC-08-028,CELL-08,CL-GEN,5,Electrical panel inspection,OK,,Within standard,,No action,TECH-06,No,
CR-90808,2026-06-28T09:18:00,WO-1040,MC-08-028,CELL-08,CL-GEN,6,Abnormal noise / vibration,OK,,Within standard,,No action,TECH-06,No,
CR-90809,2026-06-28T09:19:00,WO-1040,MC-08-029,CELL-08,CL-GEN,1,General cleanliness and 5S,OK,,Within standard,,No action,TECH-01,No,
CR-90810,2026-06-28T09:19:00,WO-1040,MC-08-029,CELL-08,CL-GEN,2,Fastener tightness check,OK,,Within standard,,No action,TECH-01,No,
CR-90811,2026-06-28T09:19:00,WO-1040,MC-08-029,CELL-08,CL-GEN,3,Guard and interlock function,OK,,Within standard,,No action,TECH-01,No,
CR-90812,2026-06-28T09:19:00,WO-1040,MC-08-029,CELL-08,CL-GEN,4,Lubrication as per chart,NOT OK,,"Deviation observed, corrected on the spot",https://epqpl.sharepoint.com/sites/Maintenance/PM_Photos/MC-08-029_4.jpg,Adjusted and re-verified,TECH-01,Yes,
CR-90813,2026-06-28T09:19:00,WO-1040,MC-08-029,CELL-08,CL-GEN,5,Electrical panel inspection,OK,,Within standard,,No action,TECH-01,No,
CR-90814,2026-06-28T09:19:00,WO-1040,MC-08-029,CELL-08,CL-GEN,6,Abnormal noise / vibration,OK,,Within standard,,No action,TECH-01,No,
CR-90815,2026-06-28T10:50:00,WO-1040,MC-08-030,CELL-08,CL-GEN,1,General cleanliness and 5S,OK,,Within standard,,No action,TECH-04,No,
CR-90816,2026-06-28T10:50:00,WO-1040,MC-08-030,CELL-08,CL-GEN,2,Fastener tightness check,OK,,Within standard,,No action,TECH-04,No,
CR-90817,2026-06-28T10:50:00,WO-1040,MC-08-030,CELL-08,CL-GEN,3,Guard and interlock function,OK,,Within standard,,No action,TECH-04,No,
CR-90818,2026-06-28T10:50:00,WO-1040,MC-08-030,CELL-08,CL-GEN,4,Lubrication as per chart,OK,,Within standard,,No action,TECH-04,No,
CR-90819,2026-06-28T10:50:00,WO-1040,MC-08-030,CELL-08,CL-GEN,5,Electrical panel inspection,OK,,Within standard,,No action,TECH-04,No,
CR-90820,2026-06-28T10:50:00,WO-1040,MC-08-030,CELL-08,CL-GEN,6,Abnormal noise / vibration,OK,,Within standard,,No action,TECH-04,No,
CR-90821,2026-07-07T08:56:00,WO-1041,MC-01-001,CELL-01,CL-PRESS,1,Slide / ram guideway lubrication,OK,,Within standard,,No action,TECH-03,No,
CR-90822,2026-07-07T08:56:00,WO-1041,MC-01-001,CELL-01,CL-PRESS,2,Clutch & brake air pressure,OK,30.5,Within standard,,No action,TECH-03,No,
CR-90823,2026-07-07T08:56:00,WO-1041,MC-01-001,CELL-01,CL-PRESS,3,Die clamping bolt torque,OK,3.7,Within standard,,No action,TECH-03,No,
CR-90824,2026-07-07T08:56:00,WO-1041,MC-01-001,CELL-01,CL-PRESS,4,Safety light curtain function,OK,,Within standard,,No action,TECH-03,No,
CR-90825,2026-07-07T08:56:00,WO-1041,MC-01-001,CELL-01,CL-PRESS,5,Flywheel bearing temperature,OK,9.1,Within standard,,No action,TECH-03,No,
CR-90826,2026-07-07T08:56:00,WO-1041,MC-01-001,CELL-01,CL-PRESS,6,Oil level in gearbox,OK,,Within standard,,No action,TECH-03,No,
CR-90827,2026-07-07T08:56:00,WO-1041,MC-01-001,CELL-01,CL-PRESS,7,Air line FRL water drain,NOT OK,,"Deviation observed, corrected on the spot",https://epqpl.sharepoint.com/sites/Maintenance/PM_Photos/MC-01-001_7.jpg,Adjusted and re-verified,TECH-03,Yes,
CR-90828,2026-07-07T08:56:00,WO-1041,MC-01-001,CELL-01,CL-PRESS,8,Emergency stop function,OK,,Within standard,,No action,TECH-03,No,
CR-90829,2026-07-07T10:06:00,WO-1041,MC-01-002,CELL-01,CL-FEED,1,Feed roller wear,OK,,Within standard,,No action,TECH-04,No,
CR-90830,2026-07-07T10:06:00,WO-1041,MC-01-002,CELL-01,CL-FEED,2,Servo backlash check,OK,9.2,Within standard,,No action,TECH-04,No,
CR-90831,2026-07-07T10:06:00,WO-1041,MC-01-002,CELL-01,CL-FEED,3,Strip guide alignment,OK,56,Within standard,,No action,TECH-04,No,
CR-90832,2026-07-07T10:06:00,WO-1041,MC-01-002,CELL-01,CL-FEED,4,Lubrication unit level,OK,,Within standard,,No action,TECH-04,No,
CR-90833,2026-07-07T10:35:00,WO-1041,MC-01-003,CELL-01,CL-GEN,1,General cleanliness and 5S,OK,,Within standard,,No action,TECH-03,No,
CR-90834,2026-07-07T10:35:00,WO-1041,MC-01-003,CELL-01,CL-GEN,2,Fastener tightness check,OK,,Within standard,,No action,TECH-03,No,
CR-90835,2026-07-07T10:35:00,WO-1041,MC-01-003,CELL-01,CL-GEN,3,Guard and interlock function,NOT OK,,"Deviation observed, corrected on the spot",https://epqpl.sharepoint.com/sites/Maintenance/PM_Photos/MC-01-003_3.jpg,Adjusted and re-verified,TECH-03,No,
CR-90836,2026-07-07T10:35:00,WO-1041,MC-01-003,CELL-01,CL-GEN,4,Lubrication as per chart,OK,,Within standard,,No action,TECH-03,No,
CR-90837,2026-07-07T10:35:00,WO-1041,MC-01-003,CELL-01,CL-GEN,5,Electrical panel inspection,NOT OK,,"Deviation observed, corrected on the spot",https://epqpl.sharepoint.com/sites/Maintenance/PM_Photos/MC-01-003_5.jpg,Adjusted and re-verified,TECH-03,No,
CR-90838,2026-07-07T10:35:00,WO-1041,MC-01-003,CELL-01,CL-GEN,6,Abnormal noise / vibration,NOT OK,,"Deviation observed, corrected on the spot",https://epqpl.sharepoint.com/sites/Maintenance/PM_Photos/MC-01-003_6.jpg,Adjusted and re-verified,TECH-03,No,
CR-90839,2026-07-07T11:54:00,WO-1041,MC-01-004,CELL-01,CL-GEN,1,General cleanliness and 5S,OK,,Within standard,,No action,TECH-05,No,
CR-90840,2026-07-07T11:54:00,WO-1041,MC-01-004,CELL-01,CL-GEN,2,Fastener tightness check,OK,,Within standard,,No action,TECH-05,No,
CR-90841,2026-07-07T11:54:00,WO-1041,MC-01-004,CELL-01,CL-GEN,3,Guard and interlock function,OK,,Within standard,,No action,TECH-05,No,
CR-90842,2026-07-07T11:54:00,WO-1041,MC-01-004,CELL-01,CL-GEN,4,Lubrication as per chart,OK,,Within standard,,No action,TECH-05,No,
CR-90843,2026-07-07T11:54:00,WO-1041,MC-01-004,CELL-01,CL-GEN,5,Electrical panel inspection,OK,,Within standard,,No action,TECH-05,No,
CR-90844,2026-07-07T11:54:00,WO-1041,MC-01-004,CELL-01,CL-GEN,6,Abnormal noise / vibration,NOT OK,,"Deviation observed, corrected on the spot",https://epqpl.sharepoint.com/sites/Maintenance/PM_Photos/MC-01-004_6.jpg,Adjusted and re-verified,TECH-05,Yes,
CR-90845,2026-07-10T08:52:00,WO-1042,MC-02-005,CELL-02,CL-WELD,1,Electrode tip dressing condition,OK,,Within standard,,No action,TECH-04,No,
CR-90846,2026-07-10T08:52:00,WO-1042,MC-02-005,CELL-02,CL-WELD,2,Weld current calibration,OK,50.6,Within standard,,No action,TECH-04,No,
CR-90847,2026-07-10T08:52:00,WO-1042,MC-02-005,CELL-02,CL-WELD,3,Cooling water flow rate,OK,9.7,Within standard,,No action,TECH-04,No,
CR-90848,2026-07-10T08:52:00,WO-1042,MC-02-005,CELL-02,CL-WELD,4,Transformer terminal tightness,OK,,Within standard,,No action,TECH-04,No,
CR-90849,2026-07-10T08:52:00,WO-1042,MC-02-005,CELL-02,CL-WELD,5,Pneumatic cylinder leak check,OK,,Within standard,,No action,TECH-04,No,
CR-90850,2026-07-10T08:52:00,WO-1042,MC-02-005,CELL-02,CL-WELD,6,Earth continuity,OK,41.2,Within standard,,No action,TECH-04,No,
CR-90851,2026-07-10T10:40:00,WO-1042,MC-02-006,CELL-02,CL-GEN,1,General cleanliness and 5S,OK,,Within standard,,No action,TECH-01,No,
CR-90852,2026-07-10T10:40:00,WO-1042,MC-02-006,CELL-02,CL-GEN,2,Fastener tightness check,OK,,Within standard,,No action,TECH-01,No,
CR-90853,2026-07-10T10:40:00,WO-1042,MC-02-006,CELL-02,CL-GEN,3,Guard and interlock function,OK,,Within standard,,No action,TECH-01,No,
CR-90854,2026-07-10T10:40:00,WO-1042,MC-02-006,CELL-02,CL-GEN,4,Lubrication as per chart,OK,,Within standard,,No action,TECH-01,No,
CR-90855,2026-07-10T10:40:00,WO-1042,MC-02-006,CELL-02,CL-GEN,5,Electrical panel inspection,OK,,Within standard,,No action,TECH-01,No,
CR-90856,2026-07-10T10:40:00,WO-1042,MC-02-006,CELL-02,CL-GEN,6,Abnormal noise / vibration,OK,,Within standard,,No action,TECH-01,No,
CR-90857,2026-07-10T10:20:00,WO-1042,MC-02-007,CELL-02,CL-GEN,1,General cleanliness and 5S,OK,,Within standard,,No action,TECH-03,No,
CR-90858,2026-07-10T10:20:00,WO-1042,MC-02-007,CELL-02,CL-GEN,2,Fastener tightness check,OK,,Within standard,,No action,TECH-03,No,
CR-90859,2026-07-10T10:20:00,WO-1042,MC-02-007,CELL-02,CL-GEN,3,Guard and interlock function,OK,,Within standard,,No action,TECH-03,No,
CR-90860,2026-07-10T10:20:00,WO-1042,MC-02-007,CELL-02,CL-GEN,4,Lubrication as per chart,OK,,Within standard,,No action,TECH-03,No,
CR-90861,2026-07-10T10:20:00,WO-1042,MC-02-007,CELL-02,CL-GEN,5,Electrical panel inspection,OK,,Within standard,,No action,TECH-03,No,
CR-90862,2026-07-10T10:20:00,WO-1042,MC-02-007,CELL-02,CL-GEN,6,Abnormal noise / vibration,OK,,Within standard,,No action,TECH-03,No,
CR-90863,2026-07-10T12:42:00,WO-1042,MC-02-008,CELL-02,CL-VISION,1,Camera lens cleanliness,NOT OK,,"Deviation observed, corrected on the spot",https://epqpl.sharepoint.com/sites/Maintenance/PM_Photos/MC-02-008_1.jpg,Adjusted and re-verified,TECH-05,Yes,
CR-90864,2026-07-10T12:42:00,WO-1042,MC-02-008,CELL-02,CL-VISION,2,Lighting intensity,OK,13.2,Within standard,,No action,TECH-05,No,
CR-90865,2026-07-10T12:42:00,WO-1042,MC-02-008,CELL-02,CL-VISION,3,Reject gate actuation,NOT OK,,"Deviation observed, corrected on the spot",https://epqpl.sharepoint.com/sites/Maintenance/PM_Photos/MC-02-008_3.jpg,Adjusted and re-verified,TECH-05,Yes,
CR-90866,2026-07-10T12:42:00,WO-1042,MC-02-008,CELL-02,CL-VISION,4,Master sample pass/fail check,OK,,Within standard,,No action,TECH-05,No,
CR-90867,2026-07-24T09:40:00,WO-1043,MC-03-009,CELL-03,CL-PRESS,1,Slide / ram guideway lubrication,OK,,Within standard,,No action,TECH-06,No,
CR-90868,2026-07-24T09:40:00,WO-1043,MC-03-009,CELL-03,CL-PRESS,2,Clutch & brake air pressure,OK,12.3,Within standard,,No action,TECH-06,No,
CR-90869,2026-07-24T09:40:00,WO-1043,MC-03-009,CELL-03,CL-PRESS,3,Die clamping bolt torque,OK,15.5,Within standard,,No action,TECH-06,No,
CR-90870,2026-07-24T09:40:00,WO-1043,MC-03-009,CELL-03,CL-PRESS,4,Safety light curtain function,OK,,Within standard,,No action,TECH-06,No,
CR-90871,2026-07-24T09:40:00,WO-1043,MC-03-009,CELL-03,CL-PRESS,5,Flywheel bearing temperature,OK,33.9,Within standard,,No action,TECH-06,No,
CR-90872,2026-07-24T09:40:00,WO-1043,MC-03-009,CELL-03,CL-PRESS,6,Oil level in gearbox,OK,,Within standard,,No action,TECH-06,No,
CR-90873,2026-07-24T09:40:00,WO-1043,MC-03-009,CELL-03,CL-PRESS,7,Air line FRL water drain,OK,,Within standard,,No action,TECH-06,No,
CR-90874,2026-07-24T09:40:00,WO-1043,MC-03-009,CELL-03,CL-PRESS,8,Emergency stop function,NOT OK,,"Deviation observed, corrected on the spot",https://epqpl.sharepoint.com/sites/Maintenance/PM_Photos/MC-03-009_8.jpg,Adjusted and re-verified,TECH-06,Yes,
CR-90875,2026-07-24T10:00:00,WO-1043,MC-03-010,CELL-03,CL-GEN,1,General cleanliness and 5S,OK,,Within standard,,No action,TECH-03,No,
CR-90876,2026-07-24T10:00:00,WO-1043,MC-03-010,CELL-03,CL-GEN,2,Fastener tightness check,OK,,Within standard,,No action,TECH-03,No,
CR-90877,2026-07-24T10:00:00,WO-1043,MC-03-010,CELL-03,CL-GEN,3,Guard and interlock function,OK,,Within standard,,No action,TECH-03,No,
CR-90878,2026-07-24T10:00:00,WO-1043,MC-03-010,CELL-03,CL-GEN,4,Lubrication as per chart,NOT OK,,"Deviation observed, corrected on the spot",https://epqpl.sharepoint.com/sites/Maintenance/PM_Photos/MC-03-010_4.jpg,Adjusted and re-verified,TECH-03,Yes,
CR-90879,2026-07-24T10:00:00,WO-1043,MC-03-010,CELL-03,CL-GEN,5,Electrical panel inspection,OK,,Within standard,,No action,TECH-03,No,
CR-90880,2026-07-24T10:00:00,WO-1043,MC-03-010,CELL-03,CL-GEN,6,Abnormal noise / vibration,OK,,Within standard,,No action,TECH-03,No,
CR-90881,2026-07-24T11:51:00,WO-1043,MC-03-011,CELL-03,CL-PRESS,1,Slide / ram guideway lubrication,OK,,Within standard,,No action,TECH-03,No,
CR-90882,2026-07-24T11:51:00,WO-1043,MC-03-011,CELL-03,CL-PRESS,2,Clutch & brake air pressure,OK,53.8,Within standard,,No action,TECH-03,No,
CR-90883,2026-07-24T11:51:00,WO-1043,MC-03-011,CELL-03,CL-PRESS,3,Die clamping bolt torque,OK,24.3,Within standard,,No action,TECH-03,No,
CR-90884,2026-07-24T11:51:00,WO-1043,MC-03-011,CELL-03,CL-PRESS,4,Safety light curtain function,OK,,Within standard,,No action,TECH-03,No,
CR-90885,2026-07-24T11:51:00,WO-1043,MC-03-011,CELL-03,CL-PRESS,5,Flywheel bearing temperature,OK,21.4,Within standard,,No action,TECH-03,No,
CR-90886,2026-07-24T11:51:00,WO-1043,MC-03-011,CELL-03,CL-PRESS,6,Oil level in gearbox,OK,,Within standard,,No action,TECH-03,No,
CR-90887,2026-07-24T11:51:00,WO-1043,MC-03-011,CELL-03,CL-PRESS,7,Air line FRL water drain,NOT OK,,"Deviation observed, corrected on the spot",https://epqpl.sharepoint.com/sites/Maintenance/PM_Photos/MC-03-011_7.jpg,Adjusted and re-verified,TECH-03,No,
CR-90888,2026-07-24T11:51:00,WO-1043,MC-03-011,CELL-03,CL-PRESS,8,Emergency stop function,OK,,Within standard,,No action,TECH-03,No,
CR-90889,2026-07-24T10:58:00,WO-1043,MC-03-012,CELL-03,CL-TEST,1,Calibration validity,OK,,Within standard,,No action,TECH-02,No,
CR-90890,2026-07-24T10:58:00,WO-1043,MC-03-012,CELL-03,CL-TEST,2,Test lead / probe condition,OK,,Within standard,,No action,TECH-02,No,
CR-90891,2026-07-24T10:58:00,WO-1043,MC-03-012,CELL-03,CL-TEST,3,Reference standard verification,OK,21.4,Within standard,,No action,TECH-02,No,
CR-90892,2026-07-24T10:58:00,WO-1043,MC-03-012,CELL-03,CL-TEST,4,Earthing of test bench,OK,27.1,Within standard,,No action,TECH-02,No,
CR-90893,2026-07-24T10:58:00,WO-1043,MC-03-012,CELL-03,CL-TEST,5,Interlock and guard function,OK,,Within standard,,No action,TECH-02,No,
CR-90894,2026-07-30T08:21:00,WO-1044,MC-04-013,CELL-04,CL-FILL,1,Vibrator motor mounting bolts,OK,,Within standard,,No action,TECH-05,No,
CR-90895,2026-07-30T08:21:00,WO-1044,MC-04-013,CELL-04,CL-FILL,2,Sand hopper level sensor,OK,,Within standard,,No action,TECH-05,No,
CR-90896,2026-07-30T08:21:00,WO-1044,MC-04-013,CELL-04,CL-FILL,3,Filling nozzle wear,OK,14.3,Within standard,,No action,TECH-05,No,
CR-90897,2026-07-30T08:21:00,WO-1044,MC-04-013,CELL-04,CL-FILL,4,Compaction cycle time,OK,14.7,Within standard,,No action,TECH-05,No,
CR-90898,2026-07-30T08:21:00,WO-1044,MC-04-013,CELL-04,CL-FILL,5,Dust extraction suction,OK,6.9,Within standard,,No action,TECH-05,No,
CR-90899,2026-07-30T08:21:00,WO-1044,MC-04-013,CELL-04,CL-FILL,6,Conveyor belt tracking,OK,,Within standard,,No action,TECH-05,No,
CR-90900,2026-07-30T08:21:00,WO-1044,MC-04-013,CELL-04,CL-FILL,7,PLC battery status,OK,,Within standard,,No action,TECH-05,No,
CR-90901,2026-07-30T10:20:00,WO-1044,MC-04-014,CELL-04,CL-FILL,1,Vibrator motor mounting bolts,OK,,Within standard,,No action,TECH-03,No,
CR-90902,2026-07-30T10:20:00,WO-1044,MC-04-014,CELL-04,CL-FILL,2,Sand hopper level sensor,OK,,Within standard,,No action,TECH-03,No,
CR-90903,2026-07-30T10:20:00,WO-1044,MC-04-014,CELL-04,CL-FILL,3,Filling nozzle wear,OK,1.3,Within standard,,No action,TECH-03,No,
CR-90904,2026-07-30T10:20:00,WO-1044,MC-04-014,CELL-04,CL-FILL,4,Compaction cycle time,OK,33.5,Within standard,,No action,TECH-03,No,
CR-90905,2026-07-30T10:20:00,WO-1044,MC-04-014,CELL-04,CL-FILL,5,Dust extraction suction,OK,55.8,Within standard,,No action,TECH-03,No,
CR-90906,2026-07-30T10:20:00,WO-1044,MC-04-014,CELL-04,CL-FILL,6,Conveyor belt tracking,OK,,Within standard,,No action,TECH-03,No,
CR-90907,2026-07-30T10:20:00,WO-1044,MC-04-014,CELL-04,CL-FILL,7,PLC battery status,OK,,Within standard,,No action,TECH-03,No,
CR-90908,2026-07-30T12:08:00,WO-1044,MC-04-015,CELL-04,CL-OVEN,1,Door gasket condition,OK,,Within standard,,No action,TECH-04,No,
CR-90909,2026-07-30T12:08:00,WO-1044,MC-04-015,CELL-04,CL-OVEN,2,Steam trap operation,NOT OK,,"Deviation observed, corrected on the spot",https://epqpl.sharepoint.com/sites/Maintenance/PM_Photos/MC-04-015_2.jpg,Adjusted and re-verified,TECH-04,No,
CR-90910,2026-07-30T12:08:00,WO-1044,MC-04-015,CELL-04,CL-OVEN,3,Temperature sensor calibration,OK,17.9,Within standard,,No action,TECH-04,No,
CR-90911,2026-07-30T12:08:00,WO-1044,MC-04-015,CELL-04,CL-OVEN,4,Safety relief valve test,OK,,Within standard,,No action,TECH-04,No,
CR-90912,2026-07-30T12:08:00,WO-1044,MC-04-015,CELL-04,CL-OVEN,5,Insulation surface temperature,OK,17.8,Within standard,,No action,TECH-04,No,
CR-90913,2026-07-30T12:08:00,WO-1044,MC-04-015,CELL-04,CL-OVEN,6,Condensate drain line,OK,,Within standard,,No action,TECH-04,No,
CR-90914,2026-07-30T11:35:00,WO-1044,MC-04-016,CELL-04,CL-UTIL,1,Motor current draw,NOT OK,54.9,"Deviation observed, corrected on the spot",https://epqpl.sharepoint.com/sites/Maintenance/PM_Photos/MC-04-016_1.jpg,Adjusted and re-verified,TECH-01,Yes,
CR-90915,2026-07-30T11:35:00,WO-1044,MC-04-016,CELL-04,CL-UTIL,2,Vibration level at bearing,OK,53.1,Within standard,,No action,TECH-01,No,
CR-90916,2026-07-30T11:35:00,WO-1044,MC-04-016,CELL-04,CL-UTIL,3,Coupling / belt condition,OK,,Within standard,,No action,TECH-01,No,
CR-90917,2026-07-30T11:35:00,WO-1044,MC-04-016,CELL-04,CL-UTIL,4,Panel cleanliness and glands,OK,,Within standard,,No action,TECH-01,No,
CR-90918,2026-07-30T11:35:00,WO-1044,MC-04-016,CELL-04,CL-UTIL,5,Leak check on all joints,OK,,Within standard,,No action,TECH-01,No,
CR-90919,2026-08-02T08:51:00,WO-1045,MC-05-017,CELL-05,CL-OVEN,1,Door gasket condition,OK,,Within standard,,No action,TECH-03,No,
CR-90920,2026-08-02T08:51:00,WO-1045,MC-05-017,CELL-05,CL-OVEN,2,Steam trap operation,NOT OK,,"Deviation observed, corrected on the spot",https://epqpl.sharepoint.com/sites/Maintenance/PM_Photos/MC-05-017_2.jpg,Adjusted and re-verified,TECH-03,Yes,
CR-90921,2026-08-02T08:51:00,WO-1045,MC-05-017,CELL-05,CL-OVEN,3,Temperature sensor calibration,OK,48.7,Within standard,,No action,TECH-03,No,
CR-90922,2026-08-02T08:51:00,WO-1045,MC-05-017,CELL-05,CL-OVEN,4,Safety relief valve test,NOT OK,,"Deviation observed, corrected on the spot",https://epqpl.sharepoint.com/sites/Maintenance/PM_Photos/MC-05-017_4.jpg,Adjusted and re-verified,TECH-03,Yes,
CR-90923,2026-08-02T08:51:00,WO-1045,MC-05-017,CELL-05,CL-OVEN,5,Insulation surface temperature,OK,44.1,Within standard,,No action,TECH-03,No,
CR-90924,2026-08-02T08:51:00,WO-1045,MC-05-017,CELL-05,CL-OVEN,6,Condensate drain line,NOT OK,,"Deviation observed, corrected on the spot",https://epqpl.sharepoint.com/sites/Maintenance/PM_Photos/MC-05-017_6.jpg,Adjusted and re-verified,TECH-03,No,
CR-90925,2026-08-02T08:47:00,WO-1045,MC-05-018,CELL-05,CL-OVEN,1,Door gasket condition,OK,,Within standard,,No action,TECH-06,No,
CR-90926,2026-08-02T08:47:00,WO-1045,MC-05-018,CELL-05,CL-OVEN,2,Steam trap operation,OK,,Within standard,,No action,TECH-06,No,
CR-90927,2026-08-02T08:47:00,WO-1045,MC-05-018,CELL-05,CL-OVEN,3,Temperature sensor calibration,OK,40.8,Within standard,,No action,TECH-06,No,
CR-90928,2026-08-02T08:47:00,WO-1045,MC-05-018,CELL-05,CL-OVEN,4,Safety relief valve test,OK,,Within standard,,No action,TECH-06,No,
CR-90929,2026-08-02T08:47:00,WO-1045,MC-05-018,CELL-05,CL-OVEN,5,Insulation surface temperature,NOT OK,12.4,"Deviation observed, corrected on the spot",https://epqpl.sharepoint.com/sites/Maintenance/PM_Photos/MC-05-018_5.jpg,Adjusted and re-verified,TECH-06,No,
CR-90930,2026-08-02T08:47:00,WO-1045,MC-05-018,CELL-05,CL-OVEN,6,Condensate drain line,OK,,Within standard,,No action,TECH-06,No,
CR-90931,2026-08-02T11:45:00,WO-1045,MC-05-019,CELL-05,CL-UTIL,1,Motor current draw,OK,24.6,Within standard,,No action,TECH-06,No,
CR-90932,2026-08-02T11:45:00,WO-1045,MC-05-019,CELL-05,CL-UTIL,2,Vibration level at bearing,OK,6.6,Within standard,,No action,TECH-06,No,
CR-90933,2026-08-02T11:45:00,WO-1045,MC-05-019,CELL-05,CL-UTIL,3,Coupling / belt condition,OK,,Within standard,,No action,TECH-06,No,
CR-90934,2026-08-02T11:45:00,WO-1045,MC-05-019,CELL-05,CL-UTIL,4,Panel cleanliness and glands,OK,,Within standard,,No action,TECH-06,No,
CR-90935,2026-08-02T11:45:00,WO-1045,MC-05-019,CELL-05,CL-UTIL,5,Leak check on all joints,OK,,Within standard,,No action,TECH-06,No,
CR-90936,2026-08-02T11:46:00,WO-1045,MC-05-020,CELL-05,CL-UTIL,1,Motor current draw,OK,27.4,Within standard,,No action,TECH-02,No,
CR-90937,2026-08-02T11:46:00,WO-1045,MC-05-020,CELL-05,CL-UTIL,2,Vibration level at bearing,NOT OK,16.8,"Deviation observed, corrected on the spot",https://epqpl.sharepoint.com/sites/Maintenance/PM_Photos/MC-05-020_2.jpg,Adjusted and re-verified,TECH-02,Yes,
CR-90938,2026-08-02T11:46:00,WO-1045,MC-05-020,CELL-05,CL-UTIL,3,Coupling / belt condition,OK,,Within standard,,No action,TECH-02,No,
CR-90939,2026-08-02T11:46:00,WO-1045,MC-05-020,CELL-05,CL-UTIL,4,Panel cleanliness and glands,NOT OK,,"Deviation observed, corrected on the spot",https://epqpl.sharepoint.com/sites/Maintenance/PM_Photos/MC-05-020_4.jpg,Adjusted and re-verified,TECH-02,No,
CR-90940,2026-08-02T11:46:00,WO-1045,MC-05-020,CELL-05,CL-UTIL,5,Leak check on all joints,OK,,Within standard,,No action,TECH-02,No,
CR-90941,2026-08-09T09:58:00,WO-1046,MC-06-021,CELL-06,CL-GEN,1,General cleanliness and 5S,OK,,Within standard,,No action,TECH-05,No,
CR-90942,2026-08-09T09:58:00,WO-1046,MC-06-021,CELL-06,CL-GEN,2,Fastener tightness check,OK,,Within standard,,No action,TECH-05,No,
CR-90943,2026-08-09T09:58:00,WO-1046,MC-06-021,CELL-06,CL-GEN,3,Guard and interlock function,OK,,Within standard,,No action,TECH-05,No,
CR-90944,2026-08-09T09:58:00,WO-1046,MC-06-021,CELL-06,CL-GEN,4,Lubrication as per chart,OK,,Within standard,,No action,TECH-05,No,
CR-90945,2026-08-09T09:58:00,WO-1046,MC-06-021,CELL-06,CL-GEN,5,Electrical panel inspection,OK,,Within standard,,No action,TECH-05,No,
CR-90946,2026-08-09T09:58:00,WO-1046,MC-06-021,CELL-06,CL-GEN,6,Abnormal noise / vibration,OK,,Within standard,,No action,TECH-05,No,
CR-90947,2026-08-09T10:16:00,WO-1046,MC-06-022,CELL-06,CL-PRESS,1,Slide / ram guideway lubrication,OK,,Within standard,,No action,TECH-03,No,
CR-90948,2026-08-09T10:16:00,WO-1046,MC-06-022,CELL-06,CL-PRESS,2,Clutch & brake air pressure,OK,29.2,Within standard,,No action,TECH-03,No,
CR-90949,2026-08-09T10:16:00,WO-1046,MC-06-022,CELL-06,CL-PRESS,3,Die clamping bolt torque,OK,27.8,Within standard,,No action,TECH-03,No,
CR-90950,2026-08-09T10:16:00,WO-1046,MC-06-022,CELL-06,CL-PRESS,4,Safety light curtain function,OK,,Within standard,,No action,TECH-03,No,
CR-90951,2026-08-09T10:16:00,WO-1046,MC-06-022,CELL-06,CL-PRESS,5,Flywheel bearing temperature,OK,59.3,Within standard,,No action,TECH-03,No,
CR-90952,2026-08-09T10:16:00,WO-1046,MC-06-022,CELL-06,CL-PRESS,6,Oil level in gearbox,OK,,Within standard,,No action,TECH-03,No,
CR-90953,2026-08-09T10:16:00,WO-1046,MC-06-022,CELL-06,CL-PRESS,7,Air line FRL water drain,OK,,Within standard,,No action,TECH-03,No,
CR-90954,2026-08-09T10:16:00,WO-1046,MC-06-022,CELL-06,CL-PRESS,8,Emergency stop function,OK,,Within standard,,No action,TECH-03,No,
CR-90955,2026-08-09T11:30:00,WO-1046,MC-06-023,CELL-06,CL-GEN,1,General cleanliness and 5S,OK,,Within standard,,No action,TECH-03,No,
CR-90956,2026-08-09T11:30:00,WO-1046,MC-06-023,CELL-06,CL-GEN,2,Fastener tightness check,OK,,Within standard,,No action,TECH-03,No,
CR-90957,2026-08-09T11:30:00,WO-1046,MC-06-023,CELL-06,CL-GEN,3,Guard and interlock function,OK,,Within standard,,No action,TECH-03,No,
CR-90958,2026-08-09T11:30:00,WO-1046,MC-06-023,CELL-06,CL-GEN,4,Lubrication as per chart,OK,,Within standard,,No action,TECH-03,No,
CR-90959,2026-08-09T11:30:00,WO-1046,MC-06-023,CELL-06,CL-GEN,5,Electrical panel inspection,OK,,Within standard,,No action,TECH-03,No,
CR-90960,2026-08-09T11:30:00,WO-1046,MC-06-023,CELL-06,CL-GEN,6,Abnormal noise / vibration,OK,,Within standard,,No action,TECH-03,No,
CR-90961,2026-08-09T13:02:00,WO-1046,MC-06-024,CELL-06,CL-TEST,1,Calibration validity,OK,,Within standard,,No action,TECH-05,No,
CR-90962,2026-08-09T13:02:00,WO-1046,MC-06-024,CELL-06,CL-TEST,2,Test lead / probe condition,OK,,Within standard,,No action,TECH-05,No,
CR-90963,2026-08-09T13:02:00,WO-1046,MC-06-024,CELL-06,CL-TEST,3,Reference standard verification,OK,45.5,Within standard,,No action,TECH-05,No,
CR-90964,2026-08-09T13:02:00,WO-1046,MC-06-024,CELL-06,CL-TEST,4,Earthing of test bench,OK,52.5,Within standard,,No action,TECH-05,No,
CR-90965,2026-08-09T13:02:00,WO-1046,MC-06-024,CELL-06,CL-TEST,5,Interlock and guard function,OK,,Within standard,,No action,TECH-05,No,
CR-90966,2026-08-08T07:49:00,WO-1047,MC-05-017,CELL-05,CL-OVEN,1,Door gasket condition,OK,,Within standard,,No action,TECH-05,No,
CR-90967,2026-08-08T07:49:00,WO-1047,MC-05-017,CELL-05,CL-OVEN,2,Steam trap operation,OK,,Within standard,,No action,TECH-05,No,
CR-90968,2026-08-08T07:49:00,WO-1047,MC-05-017,CELL-05,CL-OVEN,3,Temperature sensor calibration,OK,34.8,Within standard,,No action,TECH-05,No,
CR-90969,2026-08-08T07:49:00,WO-1047,MC-05-017,CELL-05,CL-OVEN,4,Safety relief valve test,OK,,Within standard,,No action,TECH-05,No,
CR-90970,2026-08-08T07:49:00,WO-1047,MC-05-017,CELL-05,CL-OVEN,5,Insulation surface temperature,OK,9.8,Within standard,,No action,TECH-05,No,
CR-90971,2026-08-08T07:49:00,WO-1047,MC-05-017,CELL-05,CL-OVEN,6,Condensate drain line,OK,,Within standard,,No action,TECH-05,No,
CR-90972,2026-08-08T10:04:00,WO-1047,MC-05-018,CELL-05,CL-OVEN,1,Door gasket condition,OK,,Within standard,,No action,TECH-03,No,
CR-90973,2026-08-08T10:04:00,WO-1047,MC-05-018,CELL-05,CL-OVEN,2,Steam trap operation,OK,,Within standard,,No action,TECH-03,No,
CR-90974,2026-08-08T10:04:00,WO-1047,MC-05-018,CELL-05,CL-OVEN,3,Temperature sensor calibration,OK,41.1,Within standard,,No action,TECH-03,No,
CR-90975,2026-08-08T10:04:00,WO-1047,MC-05-018,CELL-05,CL-OVEN,4,Safety relief valve test,OK,,Within standard,,No action,TECH-03,No,
CR-90976,2026-08-08T10:04:00,WO-1047,MC-05-018,CELL-05,CL-OVEN,5,Insulation surface temperature,OK,43.3,Within standard,,No action,TECH-03,No,
CR-90977,2026-08-08T10:04:00,WO-1047,MC-05-018,CELL-05,CL-OVEN,6,Condensate drain line,OK,,Within standard,,No action,TECH-03,No,
CR-90978,2026-08-21T09:09:00,WO-1048,MC-02-005,CELL-02,CL-WELD,1,Electrode tip dressing condition,OK,,Within standard,,No action,TECH-01,No,
CR-90979,2026-08-21T09:09:00,WO-1048,MC-02-005,CELL-02,CL-WELD,2,Weld current calibration,OK,2.3,Within standard,,No action,TECH-01,No,
CR-90980,2026-08-21T09:09:00,WO-1048,MC-02-005,CELL-02,CL-WELD,3,Cooling water flow rate,OK,16,Within standard,,No action,TECH-01,No,
CR-90981,2026-08-21T09:09:00,WO-1048,MC-02-005,CELL-02,CL-WELD,4,Transformer terminal tightness,OK,,Within standard,,No action,TECH-01,No,
CR-90982,2026-08-21T09:09:00,WO-1048,MC-02-005,CELL-02,CL-WELD,5,Pneumatic cylinder leak check,OK,,Within standard,,No action,TECH-01,No,
CR-90983,2026-08-21T09:09:00,WO-1048,MC-02-005,CELL-02,CL-WELD,6,Earth continuity,NOT OK,1.2,"Deviation observed, corrected on the spot",https://epqpl.sharepoint.com/sites/Maintenance/PM_Photos/MC-02-005_6.jpg,Adjusted and re-verified,TECH-01,No,
CR-90984,2026-08-28T08:26:00,WO-1051,MC-06-021,CELL-06,CL-GEN,1,General cleanliness and 5S,NOT OK,,"Deviation observed, corrected on the spot",https://epqpl.sharepoint.com/sites/Maintenance/PM_Photos/MC-06-021_1.jpg,Adjusted and re-verified,TECH-06,No,
CR-90985,2026-08-28T08:26:00,WO-1051,MC-06-021,CELL-06,CL-GEN,2,Fastener tightness check,OK,,Within standard,,No action,TECH-06,No,
CR-90986,2026-08-28T08:26:00,WO-1051,MC-06-021,CELL-06,CL-GEN,3,Guard and interlock function,OK,,Within standard,,No action,TECH-06,No,
CR-90987,2026-08-28T08:26:00,WO-1051,MC-06-021,CELL-06,CL-GEN,4,Lubrication as per chart,OK,,Within standard,,No action,TECH-06,No,
CR-90988,2026-08-28T08:26:00,WO-1051,MC-06-021,CELL-06,CL-GEN,5,Electrical panel inspection,OK,,Within standard,,No action,TECH-06,No,
CR-90989,2026-08-28T08:26:00,WO-1051,MC-06-021,CELL-06,CL-GEN,6,Abnormal noise / vibration,OK,,Within standard,,No action,TECH-06,No,
CR-90990,2026-08-28T09:59:00,WO-1051,MC-06-022,CELL-06,CL-PRESS,1,Slide / ram guideway lubrication,OK,,Within standard,,No action,TECH-02,No,
CR-90991,2026-08-28T09:59:00,WO-1051,MC-06-022,CELL-06,CL-PRESS,2,Clutch & brake air pressure,OK,43.9,Within standard,,No action,TECH-02,No,
CR-90992,2026-08-28T09:59:00,WO-1051,MC-06-022,CELL-06,CL-PRESS,3,Die clamping bolt torque,OK,14.1,Within standard,,No action,TECH-02,No,
CR-90993,2026-08-28T09:59:00,WO-1051,MC-06-022,CELL-06,CL-PRESS,4,Safety light curtain function,OK,,Within standard,,No action,TECH-02,No,
CR-90994,2026-08-28T09:59:00,WO-1051,MC-06-022,CELL-06,CL-PRESS,5,Flywheel bearing temperature,OK,1.2,Within standard,,No action,TECH-02,No,
CR-90995,2026-08-28T09:59:00,WO-1051,MC-06-022,CELL-06,CL-PRESS,6,Oil level in gearbox,OK,,Within standard,,No action,TECH-02,No,
CR-90996,2026-08-28T09:59:00,WO-1051,MC-06-022,CELL-06,CL-PRESS,7,Air line FRL water drain,OK,,Within standard,,No action,TECH-02,No,
CR-90997,2026-08-28T09:59:00,WO-1051,MC-06-022,CELL-06,CL-PRESS,8,Emergency stop function,OK,,Within standard,,No action,TECH-02,No,
