Date,Year,MonthNo,MonthShort,MonthKey,Quarter,Day,DayShort,DayOfWeek,IsWeekend,IsHoliday,FinancialYear,FiscalMonthNo,RelativeToToday
2024-01-01,2024,1,Jan,2024-01,1,1,Mon,1,No,No,FY23-24,10,Past
2024-01-02,2024,1,Jan,2024-01,1,2,Tue,2,No,No,FY23-24,10,Past
2024-01-03,2024,1,Jan,2024-01,1,3,Wed,3,No,No,FY23-24,10,Past
2024-01-04,2024,1,Jan,2024-01,1,4,Thu,4,No,No,FY23-24,10,Past
2024-01-05,2024,1,Jan,2024-01,1,5,Fri,5,No,No,FY23-24,10,Past
2024-01-06,2024,1,Jan,2024-01,1,6,Sat,6,Yes,No,FY23-24,10,Past
2024-01-07,2024,1,Jan,2024-01,1,7,Sun,7,Yes,No,FY23-24,10,Past
2024-01-08,2024,1,Jan,2024-01,1,8,Mon,1,No,No,FY23-24,10,Past
2024-01-09,2024,1,Jan,2024-01,1,9,Tue,2,No,No,FY23-24,10,Past
2024-01-10,2024,1,Jan,2024-01,1,10,Wed,3,No,No,FY23-24,10,Past
2024-01-11,2024,1,Jan,2024-01,1,11,Thu,4,No,No,FY23-24,10,Past
2024-01-12,2024,1,Jan,2024-01,1,12,Fri,5,No,No,FY23-24,10,Past
2024-01-13,2024,1,Jan,2024-01,1,13,Sat,6,Yes,No,FY23-24,10,Past
2024-01-14,2024,1,Jan,2024-01,1,14,Sun,7,Yes,No,FY23-24,10,Past
2024-01-15,2024,1,Jan,2024-01,1,15,Mon,1,No,No,FY23-24,10,Past
2024-01-16,2024,1,Jan,2024-01,1,16,Tue,2,No,No,FY23-24,10,Past
2024-01-17,2024,1,Jan,2024-01,1,17,Wed,3,No,No,FY23-24,10,Past
2024-01-18,2024,1,Jan,2024-01,1,18,Thu,4,No,No,FY23-24,10,Past
2024-01-19,2024,1,Jan,2024-01,1,19,Fri,5,No,No,FY23-24,10,Past
2024-01-20,2024,1,Jan,2024-01,1,20,Sat,6,Yes,No,FY23-24,10,Past
2024-01-21,2024,1,Jan,2024-01,1,21,Sun,7,Yes,No,FY23-24,10,Past
2024-01-22,2024,1,Jan,2024-01,1,22,Mon,1,No,No,FY23-24,10,Past
2024-01-23,2024,1,Jan,2024-01,1,23,Tue,2,No,No,FY23-24,10,Past
2024-01-24,2024,1,Jan,2024-01,1,24,Wed,3,No,No,FY23-24,10,Past
2024-01-25,2024,1,Jan,2024-01,1,25,Thu,4,No,No,FY23-24,10,Past
2024-01-26,2024,1,Jan,2024-01,1,26,Fri,5,No,No,FY23-24,10,Past
2024-01-27,2024,1,Jan,2024-01,1,27,Sat,6,Yes,No,FY23-24,10,Past
2024-01-28,2024,1,Jan,2024-01,1,28,Sun,7,Yes,No,FY23-24,10,Past
2024-01-29,2024,1,Jan,2024-01,1,29,Mon,1,No,No,FY23-24,10,Past
2024-01-30,2024,1,Jan,2024-01,1,30,Tue,2,No,No,FY23-24,10,Past
2024-01-31,2024,1,Jan,2024-01,1,31,Wed,3,No,No,FY23-24,10,Past
2024-02-01,2024,2,Feb,2024-02,1,1,Thu,4,No,No,FY23-24,11,Past
2024-02-02,2024,2,Feb,2024-02,1,2,Fri,5,No,No,FY23-24,11,Past
2024-02-03,2024,2,Feb,2024-02,1,3,Sat,6,Yes,No,FY23-24,11,Past
2024-02-04,2024,2,Feb,2024-02,1,4,Sun,7,Yes,No,FY23-24,11,Past
2024-02-05,2024,2,Feb,2024-02,1,5,Mon,1,No,No,FY23-24,11,Past
2024-02-06,2024,2,Feb,2024-02,1,6,Tue,2,No,No,FY23-24,11,Past
2024-02-07,2024,2,Feb,2024-02,1,7,Wed,3,No,No,FY23-24,11,Past
2024-02-08,2024,2,Feb,2024-02,1,8,Thu,4,No,No,FY23-24,11,Past
2024-02-09,2024,2,Feb,2024-02,1,9,Fri,5,No,No,FY23-24,11,Past
2024-02-10,2024,2,Feb,2024-02,1,10,Sat,6,Yes,No,FY23-24,11,Past
2024-02-11,2024,2,Feb,2024-02,1,11,Sun,7,Yes,No,FY23-24,11,Past
2024-02-12,2024,2,Feb,2024-02,1,12,Mon,1,No,No,FY23-24,11,Past
2024-02-13,2024,2,Feb,2024-02,1,13,Tue,2,No,No,FY23-24,11,Past
2024-02-14,2024,2,Feb,2024-02,1,14,Wed,3,No,No,FY23-24,11,Past
2024-02-15,2024,2,Feb,2024-02,1,15,Thu,4,No,No,FY23-24,11,Past
2024-02-16,2024,2,Feb,2024-02,1,16,Fri,5,No,No,FY23-24,11,Past
2024-02-17,2024,2,Feb,2024-02,1,17,Sat,6,Yes,No,FY23-24,11,Past
2024-02-18,2024,2,Feb,2024-02,1,18,Sun,7,Yes,No,FY23-24,11,Past
2024-02-19,2024,2,Feb,2024-02,1,19,Mon,1,No,No,FY23-24,11,Past
2024-02-20,2024,2,Feb,2024-02,1,20,Tue,2,No,No,FY23-24,11,Past
2024-02-21,2024,2,Feb,2024-02,1,21,Wed,3,No,No,FY23-24,11,Past
2024-02-22,2024,2,Feb,2024-02,1,22,Thu,4,No,No,FY23-24,11,Past
2024-02-23,2024,2,Feb,2024-02,1,23,Fri,5,No,No,FY23-24,11,Past
2024-02-24,2024,2,Feb,2024-02,1,24,Sat,6,Yes,No,FY23-24,11,Past
2024-02-25,2024,2,Feb,2024-02,1,25,Sun,7,Yes,No,FY23-24,11,Past
2024-02-26,2024,2,Feb,2024-02,1,26,Mon,1,No,No,FY23-24,11,Past
2024-02-27,2024,2,Feb,2024-02,1,27,Tue,2,No,No,FY23-24,11,Past
2024-02-28,2024,2,Feb,2024-02,1,28,Wed,3,No,No,FY23-24,11,Past
2024-02-29,2024,2,Feb,2024-02,1,29,Thu,4,No,No,FY23-24,11,Past
2024-03-01,2024,3,Mar,2024-03,1,1,Fri,5,No,No,FY23-24,12,Past
2024-03-02,2024,3,Mar,2024-03,1,2,Sat,6,Yes,No,FY23-24,12,Past
2024-03-03,2024,3,Mar,2024-03,1,3,Sun,7,Yes,No,FY23-24,12,Past
2024-03-04,2024,3,Mar,2024-03,1,4,Mon,1,No,No,FY23-24,12,Past
2024-03-05,2024,3,Mar,2024-03,1,5,Tue,2,No,No,FY23-24,12,Past
2024-03-06,2024,3,Mar,2024-03,1,6,Wed,3,No,No,FY23-24,12,Past
2024-03-07,2024,3,Mar,2024-03,1,7,Thu,4,No,No,FY23-24,12,Past
2024-03-08,2024,3,Mar,2024-03,1,8,Fri,5,No,No,FY23-24,12,Past
2024-03-09,2024,3,Mar,2024-03,1,9,Sat,6,Yes,No,FY23-24,12,Past
2024-03-10,2024,3,Mar,2024-03,1,10,Sun,7,Yes,No,FY23-24,12,Past
2024-03-11,2024,3,Mar,2024-03,1,11,Mon,1,No,No,FY23-24,12,Past
2024-03-12,2024,3,Mar,2024-03,1,12,Tue,2,No,No,FY23-24,12,Past
2024-03-13,2024,3,Mar,2024-03,1,13,Wed,3,No,No,FY23-24,12,Past
2024-03-14,2024,3,Mar,2024-03,1,14,Thu,4,No,No,FY23-24,12,Past
2024-03-15,2024,3,Mar,2024-03,1,15,Fri,5,No,No,FY23-24,12,Past
2024-03-16,2024,3,Mar,2024-03,1,16,Sat,6,Yes,No,FY23-24,12,Past
2024-03-17,2024,3,Mar,2024-03,1,17,Sun,7,Yes,No,FY23-24,12,Past
2024-03-18,2024,3,Mar,2024-03,1,18,Mon,1,No,No,FY23-24,12,Past
2024-03-19,2024,3,Mar,2024-03,1,19,Tue,2,No,No,FY23-24,12,Past
2024-03-20,2024,3,Mar,2024-03,1,20,Wed,3,No,No,FY23-24,12,Past
2024-03-21,2024,3,Mar,2024-03,1,21,Thu,4,No,No,FY23-24,12,Past
2024-03-22,2024,3,Mar,2024-03,1,22,Fri,5,No,No,FY23-24,12,Past
2024-03-23,2024,3,Mar,2024-03,1,23,Sat,6,Yes,No,FY23-24,12,Past
2024-03-24,2024,3,Mar,2024-03,1,24,Sun,7,Yes,No,FY23-24,12,Past
2024-03-25,2024,3,Mar,2024-03,1,25,Mon,1,No,No,FY23-24,12,Past
2024-03-26,2024,3,Mar,2024-03,1,26,Tue,2,No,No,FY23-24,12,Past
2024-03-27,2024,3,Mar,2024-03,1,27,Wed,3,No,No,FY23-24,12,Past
2024-03-28,2024,3,Mar,2024-03,1,28,Thu,4,No,No,FY23-24,12,Past
2024-03-29,2024,3,Mar,2024-03,1,29,Fri,5,No,No,FY23-24,12,Past
2024-03-30,2024,3,Mar,2024-03,1,30,Sat,6,Yes,No,FY23-24,12,Past
2024-03-31,2024,3,Mar,2024-03,1,31,Sun,7,Yes,No,FY23-24,12,Past
2024-04-01,2024,4,Apr,2024-04,2,1,Mon,1,No,No,FY24-25,1,Past
2024-04-02,2024,4,Apr,2024-04,2,2,Tue,2,No,No,FY24-25,1,Past
2024-04-03,2024,4,Apr,2024-04,2,3,Wed,3,No,No,FY24-25,1,Past
2024-04-04,2024,4,Apr,2024-04,2,4,Thu,4,No,No,FY24-25,1,Past
2024-04-05,2024,4,Apr,2024-04,2,5,Fri,5,No,No,FY24-25,1,Past
2024-04-06,2024,4,Apr,2024-04,2,6,Sat,6,Yes,No,FY24-25,1,Past
2024-04-07,2024,4,Apr,2024-04,2,7,Sun,7,Yes,No,FY24-25,1,Past
2024-04-08,2024,4,Apr,2024-04,2,8,Mon,1,No,No,FY24-25,1,Past
2024-04-09,2024,4,Apr,2024-04,2,9,Tue,2,No,No,FY24-25,1,Past
2024-04-10,2024,4,Apr,2024-04,2,10,Wed,3,No,No,FY24-25,1,Past
2024-04-11,2024,4,Apr,2024-04,2,11,Thu,4,No,No,FY24-25,1,Past
2024-04-12,2024,4,Apr,2024-04,2,12,Fri,5,No,No,FY24-25,1,Past
2024-04-13,2024,4,Apr,2024-04,2,13,Sat,6,Yes,No,FY24-25,1,Past
2024-04-14,2024,4,Apr,2024-04,2,14,Sun,7,Yes,No,FY24-25,1,Past
2024-04-15,2024,4,Apr,2024-04,2,15,Mon,1,No,No,FY24-25,1,Past
2024-04-16,2024,4,Apr,2024-04,2,16,Tue,2,No,No,FY24-25,1,Past
2024-04-17,2024,4,Apr,2024-04,2,17,Wed,3,No,No,FY24-25,1,Past
2024-04-18,2024,4,Apr,2024-04,2,18,Thu,4,No,No,FY24-25,1,Past
2024-04-19,2024,4,Apr,2024-04,2,19,Fri,5,No,No,FY24-25,1,Past
2024-04-20,2024,4,Apr,2024-04,2,20,Sat,6,Yes,No,FY24-25,1,Past
2024-04-21,2024,4,Apr,2024-04,2,21,Sun,7,Yes,No,FY24-25,1,Past
2024-04-22,2024,4,Apr,2024-04,2,22,Mon,1,No,No,FY24-25,1,Past
2024-04-23,2024,4,Apr,2024-04,2,23,Tue,2,No,No,FY24-25,1,Past
2024-04-24,2024,4,Apr,2024-04,2,24,Wed,3,No,No,FY24-25,1,Past
2024-04-25,2024,4,Apr,2024-04,2,25,Thu,4,No,No,FY24-25,1,Past
2024-04-26,2024,4,Apr,2024-04,2,26,Fri,5,No,No,FY24-25,1,Past
2024-04-27,2024,4,Apr,2024-04,2,27,Sat,6,Yes,No,FY24-25,1,Past
2024-04-28,2024,4,Apr,2024-04,2,28,Sun,7,Yes,No,FY24-25,1,Past
2024-04-29,2024,4,Apr,2024-04,2,29,Mon,1,No,No,FY24-25,1,Past
2024-04-30,2024,4,Apr,2024-04,2,30,Tue,2,No,No,FY24-25,1,Past
2024-05-01,2024,5,May,2024-05,2,1,Wed,3,No,No,FY24-25,2,Past
2024-05-02,2024,5,May,2024-05,2,2,Thu,4,No,No,FY24-25,2,Past
2024-05-03,2024,5,May,2024-05,2,3,Fri,5,No,No,FY24-25,2,Past
2024-05-04,2024,5,May,2024-05,2,4,Sat,6,Yes,No,FY24-25,2,Past
2024-05-05,2024,5,May,2024-05,2,5,Sun,7,Yes,No,FY24-25,2,Past
2024-05-06,2024,5,May,2024-05,2,6,Mon,1,No,No,FY24-25,2,Past
2024-05-07,2024,5,May,2024-05,2,7,Tue,2,No,No,FY24-25,2,Past
2024-05-08,2024,5,May,2024-05,2,8,Wed,3,No,No,FY24-25,2,Past
2024-05-09,2024,5,May,2024-05,2,9,Thu,4,No,No,FY24-25,2,Past
2024-05-10,2024,5,May,2024-05,2,10,Fri,5,No,No,FY24-25,2,Past
2024-05-11,2024,5,May,2024-05,2,11,Sat,6,Yes,No,FY24-25,2,Past
2024-05-12,2024,5,May,2024-05,2,12,Sun,7,Yes,No,FY24-25,2,Past
2024-05-13,2024,5,May,2024-05,2,13,Mon,1,No,No,FY24-25,2,Past
2024-05-14,2024,5,May,2024-05,2,14,Tue,2,No,No,FY24-25,2,Past
2024-05-15,2024,5,May,2024-05,2,15,Wed,3,No,No,FY24-25,2,Past
2024-05-16,2024,5,May,2024-05,2,16,Thu,4,No,No,FY24-25,2,Past
2024-05-17,2024,5,May,2024-05,2,17,Fri,5,No,No,FY24-25,2,Past
2024-05-18,2024,5,May,2024-05,2,18,Sat,6,Yes,No,FY24-25,2,Past
2024-05-19,2024,5,May,2024-05,2,19,Sun,7,Yes,No,FY24-25,2,Past
2024-05-20,2024,5,May,2024-05,2,20,Mon,1,No,No,FY24-25,2,Past
2024-05-21,2024,5,May,2024-05,2,21,Tue,2,No,No,FY24-25,2,Past
2024-05-22,2024,5,May,2024-05,2,22,Wed,3,No,No,FY24-25,2,Past
2024-05-23,2024,5,May,2024-05,2,23,Thu,4,No,No,FY24-25,2,Past
2024-05-24,2024,5,May,2024-05,2,24,Fri,5,No,No,FY24-25,2,Past
2024-05-25,2024,5,May,2024-05,2,25,Sat,6,Yes,No,FY24-25,2,Past
2024-05-26,2024,5,May,2024-05,2,26,Sun,7,Yes,No,FY24-25,2,Past
2024-05-27,2024,5,May,2024-05,2,27,Mon,1,No,No,FY24-25,2,Past
2024-05-28,2024,5,May,2024-05,2,28,Tue,2,No,No,FY24-25,2,Past
2024-05-29,2024,5,May,2024-05,2,29,Wed,3,No,No,FY24-25,2,Past
2024-05-30,2024,5,May,2024-05,2,30,Thu,4,No,No,FY24-25,2,Past
2024-05-31,2024,5,May,2024-05,2,31,Fri,5,No,No,FY24-25,2,Past
2024-06-01,2024,6,Jun,2024-06,2,1,Sat,6,Yes,No,FY24-25,3,Past
2024-06-02,2024,6,Jun,2024-06,2,2,Sun,7,Yes,No,FY24-25,3,Past
2024-06-03,2024,6,Jun,2024-06,2,3,Mon,1,No,No,FY24-25,3,Past
2024-06-04,2024,6,Jun,2024-06,2,4,Tue,2,No,No,FY24-25,3,Past
2024-06-05,2024,6,Jun,2024-06,2,5,Wed,3,No,No,FY24-25,3,Past
2024-06-06,2024,6,Jun,2024-06,2,6,Thu,4,No,No,FY24-25,3,Past
2024-06-07,2024,6,Jun,2024-06,2,7,Fri,5,No,No,FY24-25,3,Past
2024-06-08,2024,6,Jun,2024-06,2,8,Sat,6,Yes,No,FY24-25,3,Past
2024-06-09,2024,6,Jun,2024-06,2,9,Sun,7,Yes,No,FY24-25,3,Past
2024-06-10,2024,6,Jun,2024-06,2,10,Mon,1,No,No,FY24-25,3,Past
2024-06-11,2024,6,Jun,2024-06,2,11,Tue,2,No,No,FY24-25,3,Past
2024-06-12,2024,6,Jun,2024-06,2,12,Wed,3,No,No,FY24-25,3,Past
2024-06-13,2024,6,Jun,2024-06,2,13,Thu,4,No,No,FY24-25,3,Past
2024-06-14,2024,6,Jun,2024-06,2,14,Fri,5,No,No,FY24-25,3,Past
2024-06-15,2024,6,Jun,2024-06,2,15,Sat,6,Yes,No,FY24-25,3,Past
2024-06-16,2024,6,Jun,2024-06,2,16,Sun,7,Yes,No,FY24-25,3,Past
2024-06-17,2024,6,Jun,2024-06,2,17,Mon,1,No,No,FY24-25,3,Past
2024-06-18,2024,6,Jun,2024-06,2,18,Tue,2,No,No,FY24-25,3,Past
2024-06-19,2024,6,Jun,2024-06,2,19,Wed,3,No,No,FY24-25,3,Past
2024-06-20,2024,6,Jun,2024-06,2,20,Thu,4,No,No,FY24-25,3,Past
2024-06-21,2024,6,Jun,2024-06,2,21,Fri,5,No,No,FY24-25,3,Past
2024-06-22,2024,6,Jun,2024-06,2,22,Sat,6,Yes,No,FY24-25,3,Past
2024-06-23,2024,6,Jun,2024-06,2,23,Sun,7,Yes,No,FY24-25,3,Past
2024-06-24,2024,6,Jun,2024-06,2,24,Mon,1,No,No,FY24-25,3,Past
2024-06-25,2024,6,Jun,2024-06,2,25,Tue,2,No,No,FY24-25,3,Past
2024-06-26,2024,6,Jun,2024-06,2,26,Wed,3,No,No,FY24-25,3,Past
2024-06-27,2024,6,Jun,2024-06,2,27,Thu,4,No,No,FY24-25,3,Past
2024-06-28,2024,6,Jun,2024-06,2,28,Fri,5,No,No,FY24-25,3,Past
2024-06-29,2024,6,Jun,2024-06,2,29,Sat,6,Yes,No,FY24-25,3,Past
2024-06-30,2024,6,Jun,2024-06,2,30,Sun,7,Yes,No,FY24-25,3,Past
2024-07-01,2024,7,Jul,2024-07,3,1,Mon,1,No,No,FY24-25,4,Past
2024-07-02,2024,7,Jul,2024-07,3,2,Tue,2,No,No,FY24-25,4,Past
2024-07-03,2024,7,Jul,2024-07,3,3,Wed,3,No,No,FY24-25,4,Past
2024-07-04,2024,7,Jul,2024-07,3,4,Thu,4,No,No,FY24-25,4,Past
2024-07-05,2024,7,Jul,2024-07,3,5,Fri,5,No,No,FY24-25,4,Past
2024-07-06,2024,7,Jul,2024-07,3,6,Sat,6,Yes,No,FY24-25,4,Past
2024-07-07,2024,7,Jul,2024-07,3,7,Sun,7,Yes,No,FY24-25,4,Past
2024-07-08,2024,7,Jul,2024-07,3,8,Mon,1,No,No,FY24-25,4,Past
2024-07-09,2024,7,Jul,2024-07,3,9,Tue,2,No,No,FY24-25,4,Past
2024-07-10,2024,7,Jul,2024-07,3,10,Wed,3,No,No,FY24-25,4,Past
2024-07-11,2024,7,Jul,2024-07,3,11,Thu,4,No,No,FY24-25,4,Past
2024-07-12,2024,7,Jul,2024-07,3,12,Fri,5,No,No,FY24-25,4,Past
2024-07-13,2024,7,Jul,2024-07,3,13,Sat,6,Yes,No,FY24-25,4,Past
2024-07-14,2024,7,Jul,2024-07,3,14,Sun,7,Yes,No,FY24-25,4,Past
2024-07-15,2024,7,Jul,2024-07,3,15,Mon,1,No,No,FY24-25,4,Past
2024-07-16,2024,7,Jul,2024-07,3,16,Tue,2,No,No,FY24-25,4,Past
2024-07-17,2024,7,Jul,2024-07,3,17,Wed,3,No,No,FY24-25,4,Past
2024-07-18,2024,7,Jul,2024-07,3,18,Thu,4,No,No,FY24-25,4,Past
2024-07-19,2024,7,Jul,2024-07,3,19,Fri,5,No,No,FY24-25,4,Past
2024-07-20,2024,7,Jul,2024-07,3,20,Sat,6,Yes,No,FY24-25,4,Past
2024-07-21,2024,7,Jul,2024-07,3,21,Sun,7,Yes,No,FY24-25,4,Past
2024-07-22,2024,7,Jul,2024-07,3,22,Mon,1,No,No,FY24-25,4,Past
2024-07-23,2024,7,Jul,2024-07,3,23,Tue,2,No,No,FY24-25,4,Past
2024-07-24,2024,7,Jul,2024-07,3,24,Wed,3,No,No,FY24-25,4,Past
2024-07-25,2024,7,Jul,2024-07,3,25,Thu,4,No,No,FY24-25,4,Past
2024-07-26,2024,7,Jul,2024-07,3,26,Fri,5,No,No,FY24-25,4,Past
2024-07-27,2024,7,Jul,2024-07,3,27,Sat,6,Yes,No,FY24-25,4,Past
2024-07-28,2024,7,Jul,2024-07,3,28,Sun,7,Yes,No,FY24-25,4,Past
2024-07-29,2024,7,Jul,2024-07,3,29,Mon,1,No,No,FY24-25,4,Past
2024-07-30,2024,7,Jul,2024-07,3,30,Tue,2,No,No,FY24-25,4,Past
2024-07-31,2024,7,Jul,2024-07,3,31,Wed,3,No,No,FY24-25,4,Past
2024-08-01,2024,8,Aug,2024-08,3,1,Thu,4,No,No,FY24-25,5,Past
2024-08-02,2024,8,Aug,2024-08,3,2,Fri,5,No,No,FY24-25,5,Past
2024-08-03,2024,8,Aug,2024-08,3,3,Sat,6,Yes,No,FY24-25,5,Past
2024-08-04,2024,8,Aug,2024-08,3,4,Sun,7,Yes,No,FY24-25,5,Past
2024-08-05,2024,8,Aug,2024-08,3,5,Mon,1,No,No,FY24-25,5,Past
2024-08-06,2024,8,Aug,2024-08,3,6,Tue,2,No,No,FY24-25,5,Past
2024-08-07,2024,8,Aug,2024-08,3,7,Wed,3,No,No,FY24-25,5,Past
2024-08-08,2024,8,Aug,2024-08,3,8,Thu,4,No,No,FY24-25,5,Past
2024-08-09,2024,8,Aug,2024-08,3,9,Fri,5,No,No,FY24-25,5,Past
2024-08-10,2024,8,Aug,2024-08,3,10,Sat,6,Yes,No,FY24-25,5,Past
2024-08-11,2024,8,Aug,2024-08,3,11,Sun,7,Yes,No,FY24-25,5,Past
2024-08-12,2024,8,Aug,2024-08,3,12,Mon,1,No,No,FY24-25,5,Past
2024-08-13,2024,8,Aug,2024-08,3,13,Tue,2,No,No,FY24-25,5,Past
2024-08-14,2024,8,Aug,2024-08,3,14,Wed,3,No,No,FY24-25,5,Past
2024-08-15,2024,8,Aug,2024-08,3,15,Thu,4,No,No,FY24-25,5,Past
2024-08-16,2024,8,Aug,2024-08,3,16,Fri,5,No,No,FY24-25,5,Past
2024-08-17,2024,8,Aug,2024-08,3,17,Sat,6,Yes,No,FY24-25,5,Past
2024-08-18,2024,8,Aug,2024-08,3,18,Sun,7,Yes,No,FY24-25,5,Past
2024-08-19,2024,8,Aug,2024-08,3,19,Mon,1,No,No,FY24-25,5,Past
2024-08-20,2024,8,Aug,2024-08,3,20,Tue,2,No,No,FY24-25,5,Past
2024-08-21,2024,8,Aug,2024-08,3,21,Wed,3,No,No,FY24-25,5,Past
2024-08-22,2024,8,Aug,2024-08,3,22,Thu,4,No,No,FY24-25,5,Past
2024-08-23,2024,8,Aug,2024-08,3,23,Fri,5,No,No,FY24-25,5,Past
2024-08-24,2024,8,Aug,2024-08,3,24,Sat,6,Yes,No,FY24-25,5,Past
2024-08-25,2024,8,Aug,2024-08,3,25,Sun,7,Yes,No,FY24-25,5,Past
2024-08-26,2024,8,Aug,2024-08,3,26,Mon,1,No,No,FY24-25,5,Past
2024-08-27,2024,8,Aug,2024-08,3,27,Tue,2,No,No,FY24-25,5,Past
2024-08-28,2024,8,Aug,2024-08,3,28,Wed,3,No,No,FY24-25,5,Past
2024-08-29,2024,8,Aug,2024-08,3,29,Thu,4,No,No,FY24-25,5,Past
2024-08-30,2024,8,Aug,2024-08,3,30,Fri,5,No,No,FY24-25,5,Past
2024-08-31,2024,8,Aug,2024-08,3,31,Sat,6,Yes,No,FY24-25,5,Past
2024-09-01,2024,9,Sep,2024-09,3,1,Sun,7,Yes,No,FY24-25,6,Past
2024-09-02,2024,9,Sep,2024-09,3,2,Mon,1,No,No,FY24-25,6,Past
2024-09-03,2024,9,Sep,2024-09,3,3,Tue,2,No,No,FY24-25,6,Past
2024-09-04,2024,9,Sep,2024-09,3,4,Wed,3,No,No,FY24-25,6,Past
2024-09-05,2024,9,Sep,2024-09,3,5,Thu,4,No,No,FY24-25,6,Past
2024-09-06,2024,9,Sep,2024-09,3,6,Fri,5,No,No,FY24-25,6,Past
2024-09-07,2024,9,Sep,2024-09,3,7,Sat,6,Yes,No,FY24-25,6,Past
2024-09-08,2024,9,Sep,2024-09,3,8,Sun,7,Yes,No,FY24-25,6,Past
2024-09-09,2024,9,Sep,2024-09,3,9,Mon,1,No,No,FY24-25,6,Past
2024-09-10,2024,9,Sep,2024-09,3,10,Tue,2,No,No,FY24-25,6,Past
2024-09-11,2024,9,Sep,2024-09,3,11,Wed,3,No,No,FY24-25,6,Past
2024-09-12,2024,9,Sep,2024-09,3,12,Thu,4,No,No,FY24-25,6,Past
2024-09-13,2024,9,Sep,2024-09,3,13,Fri,5,No,No,FY24-25,6,Past
2024-09-14,2024,9,Sep,2024-09,3,14,Sat,6,Yes,No,FY24-25,6,Past
2024-09-15,2024,9,Sep,2024-09,3,15,Sun,7,Yes,No,FY24-25,6,Past
2024-09-16,2024,9,Sep,2024-09,3,16,Mon,1,No,No,FY24-25,6,Past
2024-09-17,2024,9,Sep,2024-09,3,17,Tue,2,No,No,FY24-25,6,Past
2024-09-18,2024,9,Sep,2024-09,3,18,Wed,3,No,No,FY24-25,6,Past
2024-09-19,2024,9,Sep,2024-09,3,19,Thu,4,No,No,FY24-25,6,Past
2024-09-20,2024,9,Sep,2024-09,3,20,Fri,5,No,No,FY24-25,6,Past
2024-09-21,2024,9,Sep,2024-09,3,21,Sat,6,Yes,No,FY24-25,6,Past
2024-09-22,2024,9,Sep,2024-09,3,22,Sun,7,Yes,No,FY24-25,6,Past
2024-09-23,2024,9,Sep,2024-09,3,23,Mon,1,No,No,FY24-25,6,Past
2024-09-24,2024,9,Sep,2024-09,3,24,Tue,2,No,No,FY24-25,6,Past
2024-09-25,2024,9,Sep,2024-09,3,25,Wed,3,No,No,FY24-25,6,Past
2024-09-26,2024,9,Sep,2024-09,3,26,Thu,4,No,No,FY24-25,6,Past
2024-09-27,2024,9,Sep,2024-09,3,27,Fri,5,No,No,FY24-25,6,Past
2024-09-28,2024,9,Sep,2024-09,3,28,Sat,6,Yes,No,FY24-25,6,Past
2024-09-29,2024,9,Sep,2024-09,3,29,Sun,7,Yes,No,FY24-25,6,Past
2024-09-30,2024,9,Sep,2024-09,3,30,Mon,1,No,No,FY24-25,6,Past
2024-10-01,2024,10,Oct,2024-10,4,1,Tue,2,No,No,FY24-25,7,Past
2024-10-02,2024,10,Oct,2024-10,4,2,Wed,3,No,No,FY24-25,7,Past
2024-10-03,2024,10,Oct,2024-10,4,3,Thu,4,No,No,FY24-25,7,Past
2024-10-04,2024,10,Oct,2024-10,4,4,Fri,5,No,No,FY24-25,7,Past
2024-10-05,2024,10,Oct,2024-10,4,5,Sat,6,Yes,No,FY24-25,7,Past
2024-10-06,2024,10,Oct,2024-10,4,6,Sun,7,Yes,No,FY24-25,7,Past
2024-10-07,2024,10,Oct,2024-10,4,7,Mon,1,No,No,FY24-25,7,Past
2024-10-08,2024,10,Oct,2024-10,4,8,Tue,2,No,No,FY24-25,7,Past
2024-10-09,2024,10,Oct,2024-10,4,9,Wed,3,No,No,FY24-25,7,Past
2024-10-10,2024,10,Oct,2024-10,4,10,Thu,4,No,No,FY24-25,7,Past
2024-10-11,2024,10,Oct,2024-10,4,11,Fri,5,No,No,FY24-25,7,Past
2024-10-12,2024,10,Oct,2024-10,4,12,Sat,6,Yes,No,FY24-25,7,Past
2024-10-13,2024,10,Oct,2024-10,4,13,Sun,7,Yes,No,FY24-25,7,Past
2024-10-14,2024,10,Oct,2024-10,4,14,Mon,1,No,No,FY24-25,7,Past
2024-10-15,2024,10,Oct,2024-10,4,15,Tue,2,No,No,FY24-25,7,Past
2024-10-16,2024,10,Oct,2024-10,4,16,Wed,3,No,No,FY24-25,7,Past
2024-10-17,2024,10,Oct,2024-10,4,17,Thu,4,No,No,FY24-25,7,Past
2024-10-18,2024,10,Oct,2024-10,4,18,Fri,5,No,No,FY24-25,7,Past
2024-10-19,2024,10,Oct,2024-10,4,19,Sat,6,Yes,No,FY24-25,7,Past
2024-10-20,2024,10,Oct,2024-10,4,20,Sun,7,Yes,No,FY24-25,7,Past
2024-10-21,2024,10,Oct,2024-10,4,21,Mon,1,No,No,FY24-25,7,Past
2024-10-22,2024,10,Oct,2024-10,4,22,Tue,2,No,No,FY24-25,7,Past
2024-10-23,2024,10,Oct,2024-10,4,23,Wed,3,No,No,FY24-25,7,Past
2024-10-24,2024,10,Oct,2024-10,4,24,Thu,4,No,No,FY24-25,7,Past
2024-10-25,2024,10,Oct,2024-10,4,25,Fri,5,No,No,FY24-25,7,Past
2024-10-26,2024,10,Oct,2024-10,4,26,Sat,6,Yes,No,FY24-25,7,Past
2024-10-27,2024,10,Oct,2024-10,4,27,Sun,7,Yes,No,FY24-25,7,Past
2024-10-28,2024,10,Oct,2024-10,4,28,Mon,1,No,No,FY24-25,7,Past
2024-10-29,2024,10,Oct,2024-10,4,29,Tue,2,No,No,FY24-25,7,Past
2024-10-30,2024,10,Oct,2024-10,4,30,Wed,3,No,No,FY24-25,7,Past
2024-10-31,2024,10,Oct,2024-10,4,31,Thu,4,No,No,FY24-25,7,Past
2024-11-01,2024,11,Nov,2024-11,4,1,Fri,5,No,No,FY24-25,8,Past
2024-11-02,2024,11,Nov,2024-11,4,2,Sat,6,Yes,No,FY24-25,8,Past
2024-11-03,2024,11,Nov,2024-11,4,3,Sun,7,Yes,No,FY24-25,8,Past
2024-11-04,2024,11,Nov,2024-11,4,4,Mon,1,No,No,FY24-25,8,Past
2024-11-05,2024,11,Nov,2024-11,4,5,Tue,2,No,No,FY24-25,8,Past
2024-11-06,2024,11,Nov,2024-11,4,6,Wed,3,No,No,FY24-25,8,Past
2024-11-07,2024,11,Nov,2024-11,4,7,Thu,4,No,No,FY24-25,8,Past
2024-11-08,2024,11,Nov,2024-11,4,8,Fri,5,No,No,FY24-25,8,Past
2024-11-09,2024,11,Nov,2024-11,4,9,Sat,6,Yes,No,FY24-25,8,Past
2024-11-10,2024,11,Nov,2024-11,4,10,Sun,7,Yes,No,FY24-25,8,Past
2024-11-11,2024,11,Nov,2024-11,4,11,Mon,1,No,No,FY24-25,8,Past
2024-11-12,2024,11,Nov,2024-11,4,12,Tue,2,No,No,FY24-25,8,Past
2024-11-13,2024,11,Nov,2024-11,4,13,Wed,3,No,No,FY24-25,8,Past
2024-11-14,2024,11,Nov,2024-11,4,14,Thu,4,No,No,FY24-25,8,Past
2024-11-15,2024,11,Nov,2024-11,4,15,Fri,5,No,No,FY24-25,8,Past
2024-11-16,2024,11,Nov,2024-11,4,16,Sat,6,Yes,No,FY24-25,8,Past
2024-11-17,2024,11,Nov,2024-11,4,17,Sun,7,Yes,No,FY24-25,8,Past
2024-11-18,2024,11,Nov,2024-11,4,18,Mon,1,No,No,FY24-25,8,Past
2024-11-19,2024,11,Nov,2024-11,4,19,Tue,2,No,No,FY24-25,8,Past
2024-11-20,2024,11,Nov,2024-11,4,20,Wed,3,No,No,FY24-25,8,Past
2024-11-21,2024,11,Nov,2024-11,4,21,Thu,4,No,No,FY24-25,8,Past
2024-11-22,2024,11,Nov,2024-11,4,22,Fri,5,No,No,FY24-25,8,Past
2024-11-23,2024,11,Nov,2024-11,4,23,Sat,6,Yes,No,FY24-25,8,Past
2024-11-24,2024,11,Nov,2024-11,4,24,Sun,7,Yes,No,FY24-25,8,Past
2024-11-25,2024,11,Nov,2024-11,4,25,Mon,1,No,No,FY24-25,8,Past
2024-11-26,2024,11,Nov,2024-11,4,26,Tue,2,No,No,FY24-25,8,Past
2024-11-27,2024,11,Nov,2024-11,4,27,Wed,3,No,No,FY24-25,8,Past
2024-11-28,2024,11,Nov,2024-11,4,28,Thu,4,No,No,FY24-25,8,Past
2024-11-29,2024,11,Nov,2024-11,4,29,Fri,5,No,No,FY24-25,8,Past
2024-11-30,2024,11,Nov,2024-11,4,30,Sat,6,Yes,No,FY24-25,8,Past
2024-12-01,2024,12,Dec,2024-12,4,1,Sun,7,Yes,No,FY24-25,9,Past
2024-12-02,2024,12,Dec,2024-12,4,2,Mon,1,No,No,FY24-25,9,Past
2024-12-03,2024,12,Dec,2024-12,4,3,Tue,2,No,No,FY24-25,9,Past
2024-12-04,2024,12,Dec,2024-12,4,4,Wed,3,No,No,FY24-25,9,Past
2024-12-05,2024,12,Dec,2024-12,4,5,Thu,4,No,No,FY24-25,9,Past
2024-12-06,2024,12,Dec,2024-12,4,6,Fri,5,No,No,FY24-25,9,Past
2024-12-07,2024,12,Dec,2024-12,4,7,Sat,6,Yes,No,FY24-25,9,Past
2024-12-08,2024,12,Dec,2024-12,4,8,Sun,7,Yes,No,FY24-25,9,Past
2024-12-09,2024,12,Dec,2024-12,4,9,Mon,1,No,No,FY24-25,9,Past
2024-12-10,2024,12,Dec,2024-12,4,10,Tue,2,No,No,FY24-25,9,Past
2024-12-11,2024,12,Dec,2024-12,4,11,Wed,3,No,No,FY24-25,9,Past
2024-12-12,2024,12,Dec,2024-12,4,12,Thu,4,No,No,FY24-25,9,Past
2024-12-13,2024,12,Dec,2024-12,4,13,Fri,5,No,No,FY24-25,9,Past
2024-12-14,2024,12,Dec,2024-12,4,14,Sat,6,Yes,No,FY24-25,9,Past
2024-12-15,2024,12,Dec,2024-12,4,15,Sun,7,Yes,No,FY24-25,9,Past
2024-12-16,2024,12,Dec,2024-12,4,16,Mon,1,No,No,FY24-25,9,Past
2024-12-17,2024,12,Dec,2024-12,4,17,Tue,2,No,No,FY24-25,9,Past
2024-12-18,2024,12,Dec,2024-12,4,18,Wed,3,No,No,FY24-25,9,Past
2024-12-19,2024,12,Dec,2024-12,4,19,Thu,4,No,No,FY24-25,9,Past
2024-12-20,2024,12,Dec,2024-12,4,20,Fri,5,No,No,FY24-25,9,Past
2024-12-21,2024,12,Dec,2024-12,4,21,Sat,6,Yes,No,FY24-25,9,Past
2024-12-22,2024,12,Dec,2024-12,4,22,Sun,7,Yes,No,FY24-25,9,Past
2024-12-23,2024,12,Dec,2024-12,4,23,Mon,1,No,No,FY24-25,9,Past
2024-12-24,2024,12,Dec,2024-12,4,24,Tue,2,No,No,FY24-25,9,Past
2024-12-25,2024,12,Dec,2024-12,4,25,Wed,3,No,No,FY24-25,9,Past
2024-12-26,2024,12,Dec,2024-12,4,26,Thu,4,No,No,FY24-25,9,Past
2024-12-27,2024,12,Dec,2024-12,4,27,Fri,5,No,No,FY24-25,9,Past
2024-12-28,2024,12,Dec,2024-12,4,28,Sat,6,Yes,No,FY24-25,9,Past
2024-12-29,2024,12,Dec,2024-12,4,29,Sun,7,Yes,No,FY24-25,9,Past
2024-12-30,2024,12,Dec,2024-12,4,30,Mon,1,No,No,FY24-25,9,Past
2024-12-31,2024,12,Dec,2024-12,4,31,Tue,2,No,No,FY24-25,9,Past
2025-01-01,2025,1,Jan,2025-01,1,1,Wed,3,No,No,FY24-25,10,Past
2025-01-02,2025,1,Jan,2025-01,1,2,Thu,4,No,No,FY24-25,10,Past
2025-01-03,2025,1,Jan,2025-01,1,3,Fri,5,No,No,FY24-25,10,Past
2025-01-04,2025,1,Jan,2025-01,1,4,Sat,6,Yes,No,FY24-25,10,Past
2025-01-05,2025,1,Jan,2025-01,1,5,Sun,7,Yes,No,FY24-25,10,Past
2025-01-06,2025,1,Jan,2025-01,1,6,Mon,1,No,No,FY24-25,10,Past
2025-01-07,2025,1,Jan,2025-01,1,7,Tue,2,No,No,FY24-25,10,Past
2025-01-08,2025,1,Jan,2025-01,1,8,Wed,3,No,No,FY24-25,10,Past
2025-01-09,2025,1,Jan,2025-01,1,9,Thu,4,No,No,FY24-25,10,Past
2025-01-10,2025,1,Jan,2025-01,1,10,Fri,5,No,No,FY24-25,10,Past
2025-01-11,2025,1,Jan,2025-01,1,11,Sat,6,Yes,No,FY24-25,10,Past
2025-01-12,2025,1,Jan,2025-01,1,12,Sun,7,Yes,No,FY24-25,10,Past
2025-01-13,2025,1,Jan,2025-01,1,13,Mon,1,No,No,FY24-25,10,Past
2025-01-14,2025,1,Jan,2025-01,1,14,Tue,2,No,Yes,FY24-25,10,Past
2025-01-15,2025,1,Jan,2025-01,1,15,Wed,3,No,No,FY24-25,10,Past
2025-01-16,2025,1,Jan,2025-01,1,16,Thu,4,No,No,FY24-25,10,Past
2025-01-17,2025,1,Jan,2025-01,1,17,Fri,5,No,No,FY24-25,10,Past
2025-01-18,2025,1,Jan,2025-01,1,18,Sat,6,Yes,No,FY24-25,10,Past
2025-01-19,2025,1,Jan,2025-01,1,19,Sun,7,Yes,No,FY24-25,10,Past
2025-01-20,2025,1,Jan,2025-01,1,20,Mon,1,No,No,FY24-25,10,Past
2025-01-21,2025,1,Jan,2025-01,1,21,Tue,2,No,No,FY24-25,10,Past
2025-01-22,2025,1,Jan,2025-01,1,22,Wed,3,No,No,FY24-25,10,Past
2025-01-23,2025,1,Jan,2025-01,1,23,Thu,4,No,No,FY24-25,10,Past
2025-01-24,2025,1,Jan,2025-01,1,24,Fri,5,No,No,FY24-25,10,Past
2025-01-25,2025,1,Jan,2025-01,1,25,Sat,6,Yes,No,FY24-25,10,Past
2025-01-26,2025,1,Jan,2025-01,1,26,Sun,7,Yes,Yes,FY24-25,10,Past
2025-01-27,2025,1,Jan,2025-01,1,27,Mon,1,No,No,FY24-25,10,Past
2025-01-28,2025,1,Jan,2025-01,1,28,Tue,2,No,No,FY24-25,10,Past
2025-01-29,2025,1,Jan,2025-01,1,29,Wed,3,No,No,FY24-25,10,Past
2025-01-30,2025,1,Jan,2025-01,1,30,Thu,4,No,No,FY24-25,10,Past
2025-01-31,2025,1,Jan,2025-01,1,31,Fri,5,No,No,FY24-25,10,Past
2025-02-01,2025,2,Feb,2025-02,1,1,Sat,6,Yes,No,FY24-25,11,Past
2025-02-02,2025,2,Feb,2025-02,1,2,Sun,7,Yes,No,FY24-25,11,Past
2025-02-03,2025,2,Feb,2025-02,1,3,Mon,1,No,No,FY24-25,11,Past
2025-02-04,2025,2,Feb,2025-02,1,4,Tue,2,No,No,FY24-25,11,Past
2025-02-05,2025,2,Feb,2025-02,1,5,Wed,3,No,No,FY24-25,11,Past
2025-02-06,2025,2,Feb,2025-02,1,6,Thu,4,No,No,FY24-25,11,Past
2025-02-07,2025,2,Feb,2025-02,1,7,Fri,5,No,No,FY24-25,11,Past
2025-02-08,2025,2,Feb,2025-02,1,8,Sat,6,Yes,No,FY24-25,11,Past
2025-02-09,2025,2,Feb,2025-02,1,9,Sun,7,Yes,No,FY24-25,11,Past
2025-02-10,2025,2,Feb,2025-02,1,10,Mon,1,No,No,FY24-25,11,Past
2025-02-11,2025,2,Feb,2025-02,1,11,Tue,2,No,No,FY24-25,11,Past
2025-02-12,2025,2,Feb,2025-02,1,12,Wed,3,No,No,FY24-25,11,Past
2025-02-13,2025,2,Feb,2025-02,1,13,Thu,4,No,No,FY24-25,11,Past
2025-02-14,2025,2,Feb,2025-02,1,14,Fri,5,No,No,FY24-25,11,Past
2025-02-15,2025,2,Feb,2025-02,1,15,Sat,6,Yes,No,FY24-25,11,Past
2025-02-16,2025,2,Feb,2025-02,1,16,Sun,7,Yes,No,FY24-25,11,Past
2025-02-17,2025,2,Feb,2025-02,1,17,Mon,1,No,No,FY24-25,11,Past
2025-02-18,2025,2,Feb,2025-02,1,18,Tue,2,No,No,FY24-25,11,Past
2025-02-19,2025,2,Feb,2025-02,1,19,Wed,3,No,No,FY24-25,11,Past
2025-02-20,2025,2,Feb,2025-02,1,20,Thu,4,No,No,FY24-25,11,Past
2025-02-21,2025,2,Feb,2025-02,1,21,Fri,5,No,No,FY24-25,11,Past
2025-02-22,2025,2,Feb,2025-02,1,22,Sat,6,Yes,No,FY24-25,11,Past
2025-02-23,2025,2,Feb,2025-02,1,23,Sun,7,Yes,No,FY24-25,11,Past
2025-02-24,2025,2,Feb,2025-02,1,24,Mon,1,No,No,FY24-25,11,Past
2025-02-25,2025,2,Feb,2025-02,1,25,Tue,2,No,No,FY24-25,11,Past
2025-02-26,2025,2,Feb,2025-02,1,26,Wed,3,No,No,FY24-25,11,Past
2025-02-27,2025,2,Feb,2025-02,1,27,Thu,4,No,No,FY24-25,11,Past
2025-02-28,2025,2,Feb,2025-02,1,28,Fri,5,No,No,FY24-25,11,Past
2025-03-01,2025,3,Mar,2025-03,1,1,Sat,6,Yes,No,FY24-25,12,Past
2025-03-02,2025,3,Mar,2025-03,1,2,Sun,7,Yes,No,FY24-25,12,Past
2025-03-03,2025,3,Mar,2025-03,1,3,Mon,1,No,No,FY24-25,12,Past
2025-03-04,2025,3,Mar,2025-03,1,4,Tue,2,No,No,FY24-25,12,Past
2025-03-05,2025,3,Mar,2025-03,1,5,Wed,3,No,No,FY24-25,12,Past
2025-03-06,2025,3,Mar,2025-03,1,6,Thu,4,No,No,FY24-25,12,Past
2025-03-07,2025,3,Mar,2025-03,1,7,Fri,5,No,No,FY24-25,12,Past
2025-03-08,2025,3,Mar,2025-03,1,8,Sat,6,Yes,No,FY24-25,12,Past
2025-03-09,2025,3,Mar,2025-03,1,9,Sun,7,Yes,No,FY24-25,12,Past
2025-03-10,2025,3,Mar,2025-03,1,10,Mon,1,No,No,FY24-25,12,Past
2025-03-11,2025,3,Mar,2025-03,1,11,Tue,2,No,No,FY24-25,12,Past
2025-03-12,2025,3,Mar,2025-03,1,12,Wed,3,No,No,FY24-25,12,Past
2025-03-13,2025,3,Mar,2025-03,1,13,Thu,4,No,No,FY24-25,12,Past
2025-03-14,2025,3,Mar,2025-03,1,14,Fri,5,No,No,FY24-25,12,Past
2025-03-15,2025,3,Mar,2025-03,1,15,Sat,6,Yes,No,FY24-25,12,Past
2025-03-16,2025,3,Mar,2025-03,1,16,Sun,7,Yes,No,FY24-25,12,Past
2025-03-17,2025,3,Mar,2025-03,1,17,Mon,1,No,No,FY24-25,12,Past
2025-03-18,2025,3,Mar,2025-03,1,18,Tue,2,No,No,FY24-25,12,Past
2025-03-19,2025,3,Mar,2025-03,1,19,Wed,3,No,No,FY24-25,12,Past
2025-03-20,2025,3,Mar,2025-03,1,20,Thu,4,No,No,FY24-25,12,Past
2025-03-21,2025,3,Mar,2025-03,1,21,Fri,5,No,No,FY24-25,12,Past
2025-03-22,2025,3,Mar,2025-03,1,22,Sat,6,Yes,No,FY24-25,12,Past
2025-03-23,2025,3,Mar,2025-03,1,23,Sun,7,Yes,No,FY24-25,12,Past
2025-03-24,2025,3,Mar,2025-03,1,24,Mon,1,No,No,FY24-25,12,Past
2025-03-25,2025,3,Mar,2025-03,1,25,Tue,2,No,No,FY24-25,12,Past
2025-03-26,2025,3,Mar,2025-03,1,26,Wed,3,No,No,FY24-25,12,Past
2025-03-27,2025,3,Mar,2025-03,1,27,Thu,4,No,No,FY24-25,12,Past
2025-03-28,2025,3,Mar,2025-03,1,28,Fri,5,No,No,FY24-25,12,Past
2025-03-29,2025,3,Mar,2025-03,1,29,Sat,6,Yes,No,FY24-25,12,Past
2025-03-30,2025,3,Mar,2025-03,1,30,Sun,7,Yes,No,FY24-25,12,Past
2025-03-31,2025,3,Mar,2025-03,1,31,Mon,1,No,No,FY24-25,12,Past
2025-04-01,2025,4,Apr,2025-04,2,1,Tue,2,No,No,FY25-26,1,Past
2025-04-02,2025,4,Apr,2025-04,2,2,Wed,3,No,No,FY25-26,1,Past
2025-04-03,2025,4,Apr,2025-04,2,3,Thu,4,No,No,FY25-26,1,Past
2025-04-04,2025,4,Apr,2025-04,2,4,Fri,5,No,No,FY25-26,1,Past
2025-04-05,2025,4,Apr,2025-04,2,5,Sat,6,Yes,No,FY25-26,1,Past
2025-04-06,2025,4,Apr,2025-04,2,6,Sun,7,Yes,No,FY25-26,1,Past
2025-04-07,2025,4,Apr,2025-04,2,7,Mon,1,No,No,FY25-26,1,Past
2025-04-08,2025,4,Apr,2025-04,2,8,Tue,2,No,No,FY25-26,1,Past
2025-04-09,2025,4,Apr,2025-04,2,9,Wed,3,No,No,FY25-26,1,Past
2025-04-10,2025,4,Apr,2025-04,2,10,Thu,4,No,No,FY25-26,1,Past
2025-04-11,2025,4,Apr,2025-04,2,11,Fri,5,No,No,FY25-26,1,Past
2025-04-12,2025,4,Apr,2025-04,2,12,Sat,6,Yes,No,FY25-26,1,Past
2025-04-13,2025,4,Apr,2025-04,2,13,Sun,7,Yes,No,FY25-26,1,Past
2025-04-14,2025,4,Apr,2025-04,2,14,Mon,1,No,Yes,FY25-26,1,Past
2025-04-15,2025,4,Apr,2025-04,2,15,Tue,2,No,No,FY25-26,1,Past
2025-04-16,2025,4,Apr,2025-04,2,16,Wed,3,No,No,FY25-26,1,Past
2025-04-17,2025,4,Apr,2025-04,2,17,Thu,4,No,No,FY25-26,1,Past
2025-04-18,2025,4,Apr,2025-04,2,18,Fri,5,No,No,FY25-26,1,Past
2025-04-19,2025,4,Apr,2025-04,2,19,Sat,6,Yes,No,FY25-26,1,Past
2025-04-20,2025,4,Apr,2025-04,2,20,Sun,7,Yes,No,FY25-26,1,Past
2025-04-21,2025,4,Apr,2025-04,2,21,Mon,1,No,No,FY25-26,1,Past
2025-04-22,2025,4,Apr,2025-04,2,22,Tue,2,No,No,FY25-26,1,Past
2025-04-23,2025,4,Apr,2025-04,2,23,Wed,3,No,No,FY25-26,1,Past
2025-04-24,2025,4,Apr,2025-04,2,24,Thu,4,No,No,FY25-26,1,Past
2025-04-25,2025,4,Apr,2025-04,2,25,Fri,5,No,No,FY25-26,1,Past
2025-04-26,2025,4,Apr,2025-04,2,26,Sat,6,Yes,No,FY25-26,1,Past
2025-04-27,2025,4,Apr,2025-04,2,27,Sun,7,Yes,No,FY25-26,1,Past
2025-04-28,2025,4,Apr,2025-04,2,28,Mon,1,No,No,FY25-26,1,Past
2025-04-29,2025,4,Apr,2025-04,2,29,Tue,2,No,No,FY25-26,1,Past
2025-04-30,2025,4,Apr,2025-04,2,30,Wed,3,No,No,FY25-26,1,Past
2025-05-01,2025,5,May,2025-05,2,1,Thu,4,No,No,FY25-26,2,Past
2025-05-02,2025,5,May,2025-05,2,2,Fri,5,No,No,FY25-26,2,Past
2025-05-03,2025,5,May,2025-05,2,3,Sat,6,Yes,No,FY25-26,2,Past
2025-05-04,2025,5,May,2025-05,2,4,Sun,7,Yes,No,FY25-26,2,Past
2025-05-05,2025,5,May,2025-05,2,5,Mon,1,No,No,FY25-26,2,Past
2025-05-06,2025,5,May,2025-05,2,6,Tue,2,No,No,FY25-26,2,Past
2025-05-07,2025,5,May,2025-05,2,7,Wed,3,No,No,FY25-26,2,Past
2025-05-08,2025,5,May,2025-05,2,8,Thu,4,No,No,FY25-26,2,Past
2025-05-09,2025,5,May,2025-05,2,9,Fri,5,No,No,FY25-26,2,Past
2025-05-10,2025,5,May,2025-05,2,10,Sat,6,Yes,No,FY25-26,2,Past
2025-05-11,2025,5,May,2025-05,2,11,Sun,7,Yes,No,FY25-26,2,Past
2025-05-12,2025,5,May,2025-05,2,12,Mon,1,No,No,FY25-26,2,Past
2025-05-13,2025,5,May,2025-05,2,13,Tue,2,No,No,FY25-26,2,Past
2025-05-14,2025,5,May,2025-05,2,14,Wed,3,No,No,FY25-26,2,Past
2025-05-15,2025,5,May,2025-05,2,15,Thu,4,No,No,FY25-26,2,Past
2025-05-16,2025,5,May,2025-05,2,16,Fri,5,No,No,FY25-26,2,Past
2025-05-17,2025,5,May,2025-05,2,17,Sat,6,Yes,No,FY25-26,2,Past
2025-05-18,2025,5,May,2025-05,2,18,Sun,7,Yes,No,FY25-26,2,Past
2025-05-19,2025,5,May,2025-05,2,19,Mon,1,No,No,FY25-26,2,Past
2025-05-20,2025,5,May,2025-05,2,20,Tue,2,No,No,FY25-26,2,Past
2025-05-21,2025,5,May,2025-05,2,21,Wed,3,No,No,FY25-26,2,Past
2025-05-22,2025,5,May,2025-05,2,22,Thu,4,No,No,FY25-26,2,Past
2025-05-23,2025,5,May,2025-05,2,23,Fri,5,No,No,FY25-26,2,Past
2025-05-24,2025,5,May,2025-05,2,24,Sat,6,Yes,No,FY25-26,2,Past
2025-05-25,2025,5,May,2025-05,2,25,Sun,7,Yes,No,FY25-26,2,Past
2025-05-26,2025,5,May,2025-05,2,26,Mon,1,No,No,FY25-26,2,Past
2025-05-27,2025,5,May,2025-05,2,27,Tue,2,No,No,FY25-26,2,Past
2025-05-28,2025,5,May,2025-05,2,28,Wed,3,No,No,FY25-26,2,Past
2025-05-29,2025,5,May,2025-05,2,29,Thu,4,No,No,FY25-26,2,Past
2025-05-30,2025,5,May,2025-05,2,30,Fri,5,No,No,FY25-26,2,Past
2025-05-31,2025,5,May,2025-05,2,31,Sat,6,Yes,No,FY25-26,2,Past
2025-06-01,2025,6,Jun,2025-06,2,1,Sun,7,Yes,No,FY25-26,3,Past
2025-06-02,2025,6,Jun,2025-06,2,2,Mon,1,No,No,FY25-26,3,Past
2025-06-03,2025,6,Jun,2025-06,2,3,Tue,2,No,No,FY25-26,3,Past
2025-06-04,2025,6,Jun,2025-06,2,4,Wed,3,No,No,FY25-26,3,Past
2025-06-05,2025,6,Jun,2025-06,2,5,Thu,4,No,No,FY25-26,3,Past
2025-06-06,2025,6,Jun,2025-06,2,6,Fri,5,No,No,FY25-26,3,Past
2025-06-07,2025,6,Jun,2025-06,2,7,Sat,6,Yes,No,FY25-26,3,Past
2025-06-08,2025,6,Jun,2025-06,2,8,Sun,7,Yes,No,FY25-26,3,Past
2025-06-09,2025,6,Jun,2025-06,2,9,Mon,1,No,No,FY25-26,3,Past
2025-06-10,2025,6,Jun,2025-06,2,10,Tue,2,No,No,FY25-26,3,Past
2025-06-11,2025,6,Jun,2025-06,2,11,Wed,3,No,No,FY25-26,3,Past
2025-06-12,2025,6,Jun,2025-06,2,12,Thu,4,No,No,FY25-26,3,Past
2025-06-13,2025,6,Jun,2025-06,2,13,Fri,5,No,No,FY25-26,3,Past
2025-06-14,2025,6,Jun,2025-06,2,14,Sat,6,Yes,No,FY25-26,3,Past
2025-06-15,2025,6,Jun,2025-06,2,15,Sun,7,Yes,No,FY25-26,3,Past
2025-06-16,2025,6,Jun,2025-06,2,16,Mon,1,No,No,FY25-26,3,Past
2025-06-17,2025,6,Jun,2025-06,2,17,Tue,2,No,No,FY25-26,3,Past
2025-06-18,2025,6,Jun,2025-06,2,18,Wed,3,No,No,FY25-26,3,Past
2025-06-19,2025,6,Jun,2025-06,2,19,Thu,4,No,No,FY25-26,3,Past
2025-06-20,2025,6,Jun,2025-06,2,20,Fri,5,No,No,FY25-26,3,Past
2025-06-21,2025,6,Jun,2025-06,2,21,Sat,6,Yes,No,FY25-26,3,Past
2025-06-22,2025,6,Jun,2025-06,2,22,Sun,7,Yes,No,FY25-26,3,Past
2025-06-23,2025,6,Jun,2025-06,2,23,Mon,1,No,No,FY25-26,3,Past
2025-06-24,2025,6,Jun,2025-06,2,24,Tue,2,No,No,FY25-26,3,Past
2025-06-25,2025,6,Jun,2025-06,2,25,Wed,3,No,No,FY25-26,3,Past
2025-06-26,2025,6,Jun,2025-06,2,26,Thu,4,No,No,FY25-26,3,Past
2025-06-27,2025,6,Jun,2025-06,2,27,Fri,5,No,No,FY25-26,3,Past
2025-06-28,2025,6,Jun,2025-06,2,28,Sat,6,Yes,No,FY25-26,3,Past
2025-06-29,2025,6,Jun,2025-06,2,29,Sun,7,Yes,No,FY25-26,3,Past
2025-06-30,2025,6,Jun,2025-06,2,30,Mon,1,No,No,FY25-26,3,Past
2025-07-01,2025,7,Jul,2025-07,3,1,Tue,2,No,No,FY25-26,4,Past
2025-07-02,2025,7,Jul,2025-07,3,2,Wed,3,No,No,FY25-26,4,Past
2025-07-03,2025,7,Jul,2025-07,3,3,Thu,4,No,No,FY25-26,4,Past
2025-07-04,2025,7,Jul,2025-07,3,4,Fri,5,No,No,FY25-26,4,Past
2025-07-05,2025,7,Jul,2025-07,3,5,Sat,6,Yes,No,FY25-26,4,Past
2025-07-06,2025,7,Jul,2025-07,3,6,Sun,7,Yes,No,FY25-26,4,Past
2025-07-07,2025,7,Jul,2025-07,3,7,Mon,1,No,No,FY25-26,4,Past
2025-07-08,2025,7,Jul,2025-07,3,8,Tue,2,No,No,FY25-26,4,Past
2025-07-09,2025,7,Jul,2025-07,3,9,Wed,3,No,No,FY25-26,4,Past
2025-07-10,2025,7,Jul,2025-07,3,10,Thu,4,No,No,FY25-26,4,Past
2025-07-11,2025,7,Jul,2025-07,3,11,Fri,5,No,No,FY25-26,4,Past
2025-07-12,2025,7,Jul,2025-07,3,12,Sat,6,Yes,No,FY25-26,4,Past
2025-07-13,2025,7,Jul,2025-07,3,13,Sun,7,Yes,No,FY25-26,4,Past
2025-07-14,2025,7,Jul,2025-07,3,14,Mon,1,No,No,FY25-26,4,Past
2025-07-15,2025,7,Jul,2025-07,3,15,Tue,2,No,No,FY25-26,4,Past
2025-07-16,2025,7,Jul,2025-07,3,16,Wed,3,No,No,FY25-26,4,Past
2025-07-17,2025,7,Jul,2025-07,3,17,Thu,4,No,No,FY25-26,4,Past
2025-07-18,2025,7,Jul,2025-07,3,18,Fri,5,No,No,FY25-26,4,Past
2025-07-19,2025,7,Jul,2025-07,3,19,Sat,6,Yes,No,FY25-26,4,Past
2025-07-20,2025,7,Jul,2025-07,3,20,Sun,7,Yes,No,FY25-26,4,Past
2025-07-21,2025,7,Jul,2025-07,3,21,Mon,1,No,No,FY25-26,4,Past
2025-07-22,2025,7,Jul,2025-07,3,22,Tue,2,No,No,FY25-26,4,Past
2025-07-23,2025,7,Jul,2025-07,3,23,Wed,3,No,No,FY25-26,4,Past
2025-07-24,2025,7,Jul,2025-07,3,24,Thu,4,No,No,FY25-26,4,Past
2025-07-25,2025,7,Jul,2025-07,3,25,Fri,5,No,No,FY25-26,4,Past
2025-07-26,2025,7,Jul,2025-07,3,26,Sat,6,Yes,No,FY25-26,4,Past
2025-07-27,2025,7,Jul,2025-07,3,27,Sun,7,Yes,No,FY25-26,4,Past
2025-07-28,2025,7,Jul,2025-07,3,28,Mon,1,No,No,FY25-26,4,Past
2025-07-29,2025,7,Jul,2025-07,3,29,Tue,2,No,No,FY25-26,4,Past
2025-07-30,2025,7,Jul,2025-07,3,30,Wed,3,No,No,FY25-26,4,Past
2025-07-31,2025,7,Jul,2025-07,3,31,Thu,4,No,No,FY25-26,4,Past
2025-08-01,2025,8,Aug,2025-08,3,1,Fri,5,No,No,FY25-26,5,Past
2025-08-02,2025,8,Aug,2025-08,3,2,Sat,6,Yes,No,FY25-26,5,Past
2025-08-03,2025,8,Aug,2025-08,3,3,Sun,7,Yes,No,FY25-26,5,Past
2025-08-04,2025,8,Aug,2025-08,3,4,Mon,1,No,No,FY25-26,5,Past
2025-08-05,2025,8,Aug,2025-08,3,5,Tue,2,No,No,FY25-26,5,Past
2025-08-06,2025,8,Aug,2025-08,3,6,Wed,3,No,No,FY25-26,5,Past
2025-08-07,2025,8,Aug,2025-08,3,7,Thu,4,No,No,FY25-26,5,Past
2025-08-08,2025,8,Aug,2025-08,3,8,Fri,5,No,No,FY25-26,5,Past
2025-08-09,2025,8,Aug,2025-08,3,9,Sat,6,Yes,No,FY25-26,5,Past
2025-08-10,2025,8,Aug,2025-08,3,10,Sun,7,Yes,No,FY25-26,5,Past
2025-08-11,2025,8,Aug,2025-08,3,11,Mon,1,No,No,FY25-26,5,Past
2025-08-12,2025,8,Aug,2025-08,3,12,Tue,2,No,No,FY25-26,5,Past
2025-08-13,2025,8,Aug,2025-08,3,13,Wed,3,No,No,FY25-26,5,Past
2025-08-14,2025,8,Aug,2025-08,3,14,Thu,4,No,No,FY25-26,5,Past
2025-08-15,2025,8,Aug,2025-08,3,15,Fri,5,No,Yes,FY25-26,5,Past
2025-08-16,2025,8,Aug,2025-08,3,16,Sat,6,Yes,No,FY25-26,5,Past
2025-08-17,2025,8,Aug,2025-08,3,17,Sun,7,Yes,No,FY25-26,5,Past
2025-08-18,2025,8,Aug,2025-08,3,18,Mon,1,No,No,FY25-26,5,Past
2025-08-19,2025,8,Aug,2025-08,3,19,Tue,2,No,No,FY25-26,5,Past
2025-08-20,2025,8,Aug,2025-08,3,20,Wed,3,No,No,FY25-26,5,Past
2025-08-21,2025,8,Aug,2025-08,3,21,Thu,4,No,No,FY25-26,5,Past
2025-08-22,2025,8,Aug,2025-08,3,22,Fri,5,No,No,FY25-26,5,Past
2025-08-23,2025,8,Aug,2025-08,3,23,Sat,6,Yes,No,FY25-26,5,Past
2025-08-24,2025,8,Aug,2025-08,3,24,Sun,7,Yes,No,FY25-26,5,Past
2025-08-25,2025,8,Aug,2025-08,3,25,Mon,1,No,No,FY25-26,5,Past
2025-08-26,2025,8,Aug,2025-08,3,26,Tue,2,No,No,FY25-26,5,Past
2025-08-27,2025,8,Aug,2025-08,3,27,Wed,3,No,No,FY25-26,5,Past
2025-08-28,2025,8,Aug,2025-08,3,28,Thu,4,No,No,FY25-26,5,Past
2025-08-29,2025,8,Aug,2025-08,3,29,Fri,5,No,No,FY25-26,5,Past
2025-08-30,2025,8,Aug,2025-08,3,30,Sat,6,Yes,No,FY25-26,5,Past
2025-08-31,2025,8,Aug,2025-08,3,31,Sun,7,Yes,No,FY25-26,5,Past
2025-09-01,2025,9,Sep,2025-09,3,1,Mon,1,No,No,FY25-26,6,Past
2025-09-02,2025,9,Sep,2025-09,3,2,Tue,2,No,No,FY25-26,6,Past
2025-09-03,2025,9,Sep,2025-09,3,3,Wed,3,No,No,FY25-26,6,Past
2025-09-04,2025,9,Sep,2025-09,3,4,Thu,4,No,No,FY25-26,6,Past
2025-09-05,2025,9,Sep,2025-09,3,5,Fri,5,No,No,FY25-26,6,Past
2025-09-06,2025,9,Sep,2025-09,3,6,Sat,6,Yes,No,FY25-26,6,Past
2025-09-07,2025,9,Sep,2025-09,3,7,Sun,7,Yes,No,FY25-26,6,Past
2025-09-08,2025,9,Sep,2025-09,3,8,Mon,1,No,No,FY25-26,6,Past
2025-09-09,2025,9,Sep,2025-09,3,9,Tue,2,No,No,FY25-26,6,Past
2025-09-10,2025,9,Sep,2025-09,3,10,Wed,3,No,No,FY25-26,6,Past
2025-09-11,2025,9,Sep,2025-09,3,11,Thu,4,No,No,FY25-26,6,Past
2025-09-12,2025,9,Sep,2025-09,3,12,Fri,5,No,No,FY25-26,6,Past
2025-09-13,2025,9,Sep,2025-09,3,13,Sat,6,Yes,No,FY25-26,6,Past
2025-09-14,2025,9,Sep,2025-09,3,14,Sun,7,Yes,No,FY25-26,6,Past
2025-09-15,2025,9,Sep,2025-09,3,15,Mon,1,No,No,FY25-26,6,Past
2025-09-16,2025,9,Sep,2025-09,3,16,Tue,2,No,No,FY25-26,6,Past
2025-09-17,2025,9,Sep,2025-09,3,17,Wed,3,No,No,FY25-26,6,Past
2025-09-18,2025,9,Sep,2025-09,3,18,Thu,4,No,No,FY25-26,6,Past
2025-09-19,2025,9,Sep,2025-09,3,19,Fri,5,No,No,FY25-26,6,Past
2025-09-20,2025,9,Sep,2025-09,3,20,Sat,6,Yes,No,FY25-26,6,Past
2025-09-21,2025,9,Sep,2025-09,3,21,Sun,7,Yes,No,FY25-26,6,Past
2025-09-22,2025,9,Sep,2025-09,3,22,Mon,1,No,No,FY25-26,6,Past
2025-09-23,2025,9,Sep,2025-09,3,23,Tue,2,No,No,FY25-26,6,Past
2025-09-24,2025,9,Sep,2025-09,3,24,Wed,3,No,No,FY25-26,6,Past
2025-09-25,2025,9,Sep,2025-09,3,25,Thu,4,No,No,FY25-26,6,Past
2025-09-26,2025,9,Sep,2025-09,3,26,Fri,5,No,No,FY25-26,6,Past
2025-09-27,2025,9,Sep,2025-09,3,27,Sat,6,Yes,No,FY25-26,6,Past
2025-09-28,2025,9,Sep,2025-09,3,28,Sun,7,Yes,No,FY25-26,6,Past
2025-09-29,2025,9,Sep,2025-09,3,29,Mon,1,No,No,FY25-26,6,Past
2025-09-30,2025,9,Sep,2025-09,3,30,Tue,2,No,No,FY25-26,6,Past
2025-10-01,2025,10,Oct,2025-10,4,1,Wed,3,No,No,FY25-26,7,Past
2025-10-02,2025,10,Oct,2025-10,4,2,Thu,4,No,No,FY25-26,7,Past
2025-10-03,2025,10,Oct,2025-10,4,3,Fri,5,No,No,FY25-26,7,Past
2025-10-04,2025,10,Oct,2025-10,4,4,Sat,6,Yes,No,FY25-26,7,Past
2025-10-05,2025,10,Oct,2025-10,4,5,Sun,7,Yes,No,FY25-26,7,Past
2025-10-06,2025,10,Oct,2025-10,4,6,Mon,1,No,No,FY25-26,7,Past
2025-10-07,2025,10,Oct,2025-10,4,7,Tue,2,No,No,FY25-26,7,Past
2025-10-08,2025,10,Oct,2025-10,4,8,Wed,3,No,No,FY25-26,7,Past
2025-10-09,2025,10,Oct,2025-10,4,9,Thu,4,No,No,FY25-26,7,Past
2025-10-10,2025,10,Oct,2025-10,4,10,Fri,5,No,No,FY25-26,7,Past
2025-10-11,2025,10,Oct,2025-10,4,11,Sat,6,Yes,No,FY25-26,7,Past
2025-10-12,2025,10,Oct,2025-10,4,12,Sun,7,Yes,No,FY25-26,7,Past
2025-10-13,2025,10,Oct,2025-10,4,13,Mon,1,No,No,FY25-26,7,Past
2025-10-14,2025,10,Oct,2025-10,4,14,Tue,2,No,No,FY25-26,7,Past
2025-10-15,2025,10,Oct,2025-10,4,15,Wed,3,No,No,FY25-26,7,Past
2025-10-16,2025,10,Oct,2025-10,4,16,Thu,4,No,No,FY25-26,7,Past
2025-10-17,2025,10,Oct,2025-10,4,17,Fri,5,No,No,FY25-26,7,Past
2025-10-18,2025,10,Oct,2025-10,4,18,Sat,6,Yes,No,FY25-26,7,Past
2025-10-19,2025,10,Oct,2025-10,4,19,Sun,7,Yes,No,FY25-26,7,Past
2025-10-20,2025,10,Oct,2025-10,4,20,Mon,1,No,Yes,FY25-26,7,Past
2025-10-21,2025,10,Oct,2025-10,4,21,Tue,2,No,Yes,FY25-26,7,Past
2025-10-22,2025,10,Oct,2025-10,4,22,Wed,3,No,No,FY25-26,7,Past
2025-10-23,2025,10,Oct,2025-10,4,23,Thu,4,No,No,FY25-26,7,Past
2025-10-24,2025,10,Oct,2025-10,4,24,Fri,5,No,No,FY25-26,7,Past
2025-10-25,2025,10,Oct,2025-10,4,25,Sat,6,Yes,No,FY25-26,7,Past
2025-10-26,2025,10,Oct,2025-10,4,26,Sun,7,Yes,No,FY25-26,7,Past
2025-10-27,2025,10,Oct,2025-10,4,27,Mon,1,No,No,FY25-26,7,Past
2025-10-28,2025,10,Oct,2025-10,4,28,Tue,2,No,No,FY25-26,7,Past
2025-10-29,2025,10,Oct,2025-10,4,29,Wed,3,No,No,FY25-26,7,Past
2025-10-30,2025,10,Oct,2025-10,4,30,Thu,4,No,No,FY25-26,7,Past
2025-10-31,2025,10,Oct,2025-10,4,31,Fri,5,No,No,FY25-26,7,Past
2025-11-01,2025,11,Nov,2025-11,4,1,Sat,6,Yes,No,FY25-26,8,Past
2025-11-02,2025,11,Nov,2025-11,4,2,Sun,7,Yes,No,FY25-26,8,Past
2025-11-03,2025,11,Nov,2025-11,4,3,Mon,1,No,No,FY25-26,8,Past
2025-11-04,2025,11,Nov,2025-11,4,4,Tue,2,No,No,FY25-26,8,Past
2025-11-05,2025,11,Nov,2025-11,4,5,Wed,3,No,No,FY25-26,8,Past
2025-11-06,2025,11,Nov,2025-11,4,6,Thu,4,No,No,FY25-26,8,Past
2025-11-07,2025,11,Nov,2025-11,4,7,Fri,5,No,No,FY25-26,8,Past
2025-11-08,2025,11,Nov,2025-11,4,8,Sat,6,Yes,No,FY25-26,8,Past
2025-11-09,2025,11,Nov,2025-11,4,9,Sun,7,Yes,No,FY25-26,8,Past
2025-11-10,2025,11,Nov,2025-11,4,10,Mon,1,No,No,FY25-26,8,Past
2025-11-11,2025,11,Nov,2025-11,4,11,Tue,2,No,No,FY25-26,8,Past
2025-11-12,2025,11,Nov,2025-11,4,12,Wed,3,No,No,FY25-26,8,Past
2025-11-13,2025,11,Nov,2025-11,4,13,Thu,4,No,No,FY25-26,8,Past
2025-11-14,2025,11,Nov,2025-11,4,14,Fri,5,No,No,FY25-26,8,Past
2025-11-15,2025,11,Nov,2025-11,4,15,Sat,6,Yes,No,FY25-26,8,Past
2025-11-16,2025,11,Nov,2025-11,4,16,Sun,7,Yes,No,FY25-26,8,Past
2025-11-17,2025,11,Nov,2025-11,4,17,Mon,1,No,No,FY25-26,8,Past
2025-11-18,2025,11,Nov,2025-11,4,18,Tue,2,No,No,FY25-26,8,Past
2025-11-19,2025,11,Nov,2025-11,4,19,Wed,3,No,No,FY25-26,8,Past
2025-11-20,2025,11,Nov,2025-11,4,20,Thu,4,No,No,FY25-26,8,Past
2025-11-21,2025,11,Nov,2025-11,4,21,Fri,5,No,No,FY25-26,8,Past
2025-11-22,2025,11,Nov,2025-11,4,22,Sat,6,Yes,No,FY25-26,8,Past
2025-11-23,2025,11,Nov,2025-11,4,23,Sun,7,Yes,No,FY25-26,8,Past
2025-11-24,2025,11,Nov,2025-11,4,24,Mon,1,No,No,FY25-26,8,Past
2025-11-25,2025,11,Nov,2025-11,4,25,Tue,2,No,No,FY25-26,8,Past
2025-11-26,2025,11,Nov,2025-11,4,26,Wed,3,No,No,FY25-26,8,Past
2025-11-27,2025,11,Nov,2025-11,4,27,Thu,4,No,No,FY25-26,8,Past
2025-11-28,2025,11,Nov,2025-11,4,28,Fri,5,No,No,FY25-26,8,Past
2025-11-29,2025,11,Nov,2025-11,4,29,Sat,6,Yes,No,FY25-26,8,Past
2025-11-30,2025,11,Nov,2025-11,4,30,Sun,7,Yes,No,FY25-26,8,Past
2025-12-01,2025,12,Dec,2025-12,4,1,Mon,1,No,No,FY25-26,9,Past
2025-12-02,2025,12,Dec,2025-12,4,2,Tue,2,No,No,FY25-26,9,Past
2025-12-03,2025,12,Dec,2025-12,4,3,Wed,3,No,No,FY25-26,9,Past
2025-12-04,2025,12,Dec,2025-12,4,4,Thu,4,No,No,FY25-26,9,Past
2025-12-05,2025,12,Dec,2025-12,4,5,Fri,5,No,No,FY25-26,9,Past
2025-12-06,2025,12,Dec,2025-12,4,6,Sat,6,Yes,No,FY25-26,9,Past
2025-12-07,2025,12,Dec,2025-12,4,7,Sun,7,Yes,No,FY25-26,9,Past
2025-12-08,2025,12,Dec,2025-12,4,8,Mon,1,No,No,FY25-26,9,Past
2025-12-09,2025,12,Dec,2025-12,4,9,Tue,2,No,No,FY25-26,9,Past
2025-12-10,2025,12,Dec,2025-12,4,10,Wed,3,No,No,FY25-26,9,Past
2025-12-11,2025,12,Dec,2025-12,4,11,Thu,4,No,No,FY25-26,9,Past
2025-12-12,2025,12,Dec,2025-12,4,12,Fri,5,No,No,FY25-26,9,Past
2025-12-13,2025,12,Dec,2025-12,4,13,Sat,6,Yes,No,FY25-26,9,Past
2025-12-14,2025,12,Dec,2025-12,4,14,Sun,7,Yes,No,FY25-26,9,Past
2025-12-15,2025,12,Dec,2025-12,4,15,Mon,1,No,No,FY25-26,9,Past
2025-12-16,2025,12,Dec,2025-12,4,16,Tue,2,No,No,FY25-26,9,Past
2025-12-17,2025,12,Dec,2025-12,4,17,Wed,3,No,No,FY25-26,9,Past
2025-12-18,2025,12,Dec,2025-12,4,18,Thu,4,No,No,FY25-26,9,Past
2025-12-19,2025,12,Dec,2025-12,4,19,Fri,5,No,No,FY25-26,9,Past
2025-12-20,2025,12,Dec,2025-12,4,20,Sat,6,Yes,No,FY25-26,9,Past
2025-12-21,2025,12,Dec,2025-12,4,21,Sun,7,Yes,No,FY25-26,9,Past
2025-12-22,2025,12,Dec,2025-12,4,22,Mon,1,No,No,FY25-26,9,Past
2025-12-23,2025,12,Dec,2025-12,4,23,Tue,2,No,No,FY25-26,9,Past
2025-12-24,2025,12,Dec,2025-12,4,24,Wed,3,No,No,FY25-26,9,Past
2025-12-25,2025,12,Dec,2025-12,4,25,Thu,4,No,Yes,FY25-26,9,Past
2025-12-26,2025,12,Dec,2025-12,4,26,Fri,5,No,No,FY25-26,9,Past
2025-12-27,2025,12,Dec,2025-12,4,27,Sat,6,Yes,No,FY25-26,9,Past
2025-12-28,2025,12,Dec,2025-12,4,28,Sun,7,Yes,No,FY25-26,9,Past
2025-12-29,2025,12,Dec,2025-12,4,29,Mon,1,No,No,FY25-26,9,Past
2025-12-30,2025,12,Dec,2025-12,4,30,Tue,2,No,No,FY25-26,9,Past
2025-12-31,2025,12,Dec,2025-12,4,31,Wed,3,No,No,FY25-26,9,Past
2026-01-01,2026,1,Jan,2026-01,1,1,Thu,4,No,No,FY25-26,10,Past
2026-01-02,2026,1,Jan,2026-01,1,2,Fri,5,No,No,FY25-26,10,Past
2026-01-03,2026,1,Jan,2026-01,1,3,Sat,6,Yes,No,FY25-26,10,Past
2026-01-04,2026,1,Jan,2026-01,1,4,Sun,7,Yes,No,FY25-26,10,Past
2026-01-05,2026,1,Jan,2026-01,1,5,Mon,1,No,No,FY25-26,10,Past
2026-01-06,2026,1,Jan,2026-01,1,6,Tue,2,No,No,FY25-26,10,Past
2026-01-07,2026,1,Jan,2026-01,1,7,Wed,3,No,No,FY25-26,10,Past
2026-01-08,2026,1,Jan,2026-01,1,8,Thu,4,No,No,FY25-26,10,Past
2026-01-09,2026,1,Jan,2026-01,1,9,Fri,5,No,No,FY25-26,10,Past
2026-01-10,2026,1,Jan,2026-01,1,10,Sat,6,Yes,No,FY25-26,10,Past
2026-01-11,2026,1,Jan,2026-01,1,11,Sun,7,Yes,No,FY25-26,10,Past
2026-01-12,2026,1,Jan,2026-01,1,12,Mon,1,No,No,FY25-26,10,Past
2026-01-13,2026,1,Jan,2026-01,1,13,Tue,2,No,No,FY25-26,10,Past
2026-01-14,2026,1,Jan,2026-01,1,14,Wed,3,No,Yes,FY25-26,10,Past
2026-01-15,2026,1,Jan,2026-01,1,15,Thu,4,No,No,FY25-26,10,Past
2026-01-16,2026,1,Jan,2026-01,1,16,Fri,5,No,No,FY25-26,10,Past
2026-01-17,2026,1,Jan,2026-01,1,17,Sat,6,Yes,No,FY25-26,10,Past
2026-01-18,2026,1,Jan,2026-01,1,18,Sun,7,Yes,No,FY25-26,10,Past
2026-01-19,2026,1,Jan,2026-01,1,19,Mon,1,No,No,FY25-26,10,Past
2026-01-20,2026,1,Jan,2026-01,1,20,Tue,2,No,No,FY25-26,10,Past
2026-01-21,2026,1,Jan,2026-01,1,21,Wed,3,No,No,FY25-26,10,Past
2026-01-22,2026,1,Jan,2026-01,1,22,Thu,4,No,No,FY25-26,10,Past
2026-01-23,2026,1,Jan,2026-01,1,23,Fri,5,No,No,FY25-26,10,Past
2026-01-24,2026,1,Jan,2026-01,1,24,Sat,6,Yes,No,FY25-26,10,Past
2026-01-25,2026,1,Jan,2026-01,1,25,Sun,7,Yes,No,FY25-26,10,Past
2026-01-26,2026,1,Jan,2026-01,1,26,Mon,1,No,Yes,FY25-26,10,Past
2026-01-27,2026,1,Jan,2026-01,1,27,Tue,2,No,No,FY25-26,10,Past
2026-01-28,2026,1,Jan,2026-01,1,28,Wed,3,No,No,FY25-26,10,Past
2026-01-29,2026,1,Jan,2026-01,1,29,Thu,4,No,No,FY25-26,10,Past
2026-01-30,2026,1,Jan,2026-01,1,30,Fri,5,No,No,FY25-26,10,Past
2026-01-31,2026,1,Jan,2026-01,1,31,Sat,6,Yes,No,FY25-26,10,Past
2026-02-01,2026,2,Feb,2026-02,1,1,Sun,7,Yes,No,FY25-26,11,Past
2026-02-02,2026,2,Feb,2026-02,1,2,Mon,1,No,No,FY25-26,11,Past
2026-02-03,2026,2,Feb,2026-02,1,3,Tue,2,No,No,FY25-26,11,Past
2026-02-04,2026,2,Feb,2026-02,1,4,Wed,3,No,No,FY25-26,11,Past
2026-02-05,2026,2,Feb,2026-02,1,5,Thu,4,No,No,FY25-26,11,Past
2026-02-06,2026,2,Feb,2026-02,1,6,Fri,5,No,No,FY25-26,11,Past
2026-02-07,2026,2,Feb,2026-02,1,7,Sat,6,Yes,No,FY25-26,11,Past
2026-02-08,2026,2,Feb,2026-02,1,8,Sun,7,Yes,No,FY25-26,11,Past
2026-02-09,2026,2,Feb,2026-02,1,9,Mon,1,No,No,FY25-26,11,Past
2026-02-10,2026,2,Feb,2026-02,1,10,Tue,2,No,No,FY25-26,11,Past
2026-02-11,2026,2,Feb,2026-02,1,11,Wed,3,No,No,FY25-26,11,Past
2026-02-12,2026,2,Feb,2026-02,1,12,Thu,4,No,No,FY25-26,11,Past
2026-02-13,2026,2,Feb,2026-02,1,13,Fri,5,No,No,FY25-26,11,Past
2026-02-14,2026,2,Feb,2026-02,1,14,Sat,6,Yes,No,FY25-26,11,Past
2026-02-15,2026,2,Feb,2026-02,1,15,Sun,7,Yes,No,FY25-26,11,Past
2026-02-16,2026,2,Feb,2026-02,1,16,Mon,1,No,No,FY25-26,11,Past
2026-02-17,2026,2,Feb,2026-02,1,17,Tue,2,No,No,FY25-26,11,Past
2026-02-18,2026,2,Feb,2026-02,1,18,Wed,3,No,No,FY25-26,11,Past
2026-02-19,2026,2,Feb,2026-02,1,19,Thu,4,No,No,FY25-26,11,Past
2026-02-20,2026,2,Feb,2026-02,1,20,Fri,5,No,No,FY25-26,11,Past
2026-02-21,2026,2,Feb,2026-02,1,21,Sat,6,Yes,No,FY25-26,11,Past
2026-02-22,2026,2,Feb,2026-02,1,22,Sun,7,Yes,No,FY25-26,11,Past
2026-02-23,2026,2,Feb,2026-02,1,23,Mon,1,No,No,FY25-26,11,Past
2026-02-24,2026,2,Feb,2026-02,1,24,Tue,2,No,No,FY25-26,11,Past
2026-02-25,2026,2,Feb,2026-02,1,25,Wed,3,No,No,FY25-26,11,Past
2026-02-26,2026,2,Feb,2026-02,1,26,Thu,4,No,No,FY25-26,11,Past
2026-02-27,2026,2,Feb,2026-02,1,27,Fri,5,No,No,FY25-26,11,Past
2026-02-28,2026,2,Feb,2026-02,1,28,Sat,6,Yes,No,FY25-26,11,Past
2026-03-01,2026,3,Mar,2026-03,1,1,Sun,7,Yes,No,FY25-26,12,Past
2026-03-02,2026,3,Mar,2026-03,1,2,Mon,1,No,No,FY25-26,12,Past
2026-03-03,2026,3,Mar,2026-03,1,3,Tue,2,No,No,FY25-26,12,Past
2026-03-04,2026,3,Mar,2026-03,1,4,Wed,3,No,No,FY25-26,12,Past
2026-03-05,2026,3,Mar,2026-03,1,5,Thu,4,No,No,FY25-26,12,Past
2026-03-06,2026,3,Mar,2026-03,1,6,Fri,5,No,No,FY25-26,12,Past
2026-03-07,2026,3,Mar,2026-03,1,7,Sat,6,Yes,No,FY25-26,12,Past
2026-03-08,2026,3,Mar,2026-03,1,8,Sun,7,Yes,No,FY25-26,12,Past
2026-03-09,2026,3,Mar,2026-03,1,9,Mon,1,No,No,FY25-26,12,Past
2026-03-10,2026,3,Mar,2026-03,1,10,Tue,2,No,No,FY25-26,12,Past
2026-03-11,2026,3,Mar,2026-03,1,11,Wed,3,No,No,FY25-26,12,Past
2026-03-12,2026,3,Mar,2026-03,1,12,Thu,4,No,No,FY25-26,12,Past
2026-03-13,2026,3,Mar,2026-03,1,13,Fri,5,No,No,FY25-26,12,Past
2026-03-14,2026,3,Mar,2026-03,1,14,Sat,6,Yes,No,FY25-26,12,Past
2026-03-15,2026,3,Mar,2026-03,1,15,Sun,7,Yes,No,FY25-26,12,Past
2026-03-16,2026,3,Mar,2026-03,1,16,Mon,1,No,No,FY25-26,12,Past
2026-03-17,2026,3,Mar,2026-03,1,17,Tue,2,No,No,FY25-26,12,Past
2026-03-18,2026,3,Mar,2026-03,1,18,Wed,3,No,No,FY25-26,12,Past
2026-03-19,2026,3,Mar,2026-03,1,19,Thu,4,No,No,FY25-26,12,Past
2026-03-20,2026,3,Mar,2026-03,1,20,Fri,5,No,No,FY25-26,12,Past
2026-03-21,2026,3,Mar,2026-03,1,21,Sat,6,Yes,No,FY25-26,12,Past
2026-03-22,2026,3,Mar,2026-03,1,22,Sun,7,Yes,No,FY25-26,12,Past
2026-03-23,2026,3,Mar,2026-03,1,23,Mon,1,No,No,FY25-26,12,Past
2026-03-24,2026,3,Mar,2026-03,1,24,Tue,2,No,No,FY25-26,12,Past
2026-03-25,2026,3,Mar,2026-03,1,25,Wed,3,No,No,FY25-26,12,Past
2026-03-26,2026,3,Mar,2026-03,1,26,Thu,4,No,No,FY25-26,12,Past
2026-03-27,2026,3,Mar,2026-03,1,27,Fri,5,No,No,FY25-26,12,Past
2026-03-28,2026,3,Mar,2026-03,1,28,Sat,6,Yes,No,FY25-26,12,Past
2026-03-29,2026,3,Mar,2026-03,1,29,Sun,7,Yes,No,FY25-26,12,Past
2026-03-30,2026,3,Mar,2026-03,1,30,Mon,1,No,No,FY25-26,12,Past
2026-03-31,2026,3,Mar,2026-03,1,31,Tue,2,No,No,FY25-26,12,Past
2026-04-01,2026,4,Apr,2026-04,2,1,Wed,3,No,No,FY26-27,1,Past
2026-04-02,2026,4,Apr,2026-04,2,2,Thu,4,No,No,FY26-27,1,Past
2026-04-03,2026,4,Apr,2026-04,2,3,Fri,5,No,No,FY26-27,1,Past
2026-04-04,2026,4,Apr,2026-04,2,4,Sat,6,Yes,No,FY26-27,1,Past
2026-04-05,2026,4,Apr,2026-04,2,5,Sun,7,Yes,No,FY26-27,1,Past
2026-04-06,2026,4,Apr,2026-04,2,6,Mon,1,No,No,FY26-27,1,Past
2026-04-07,2026,4,Apr,2026-04,2,7,Tue,2,No,No,FY26-27,1,Past
2026-04-08,2026,4,Apr,2026-04,2,8,Wed,3,No,No,FY26-27,1,Past
2026-04-09,2026,4,Apr,2026-04,2,9,Thu,4,No,No,FY26-27,1,Past
2026-04-10,2026,4,Apr,2026-04,2,10,Fri,5,No,No,FY26-27,1,Past
2026-04-11,2026,4,Apr,2026-04,2,11,Sat,6,Yes,No,FY26-27,1,Past
2026-04-12,2026,4,Apr,2026-04,2,12,Sun,7,Yes,No,FY26-27,1,Past
2026-04-13,2026,4,Apr,2026-04,2,13,Mon,1,No,No,FY26-27,1,Past
2026-04-14,2026,4,Apr,2026-04,2,14,Tue,2,No,Yes,FY26-27,1,Past
2026-04-15,2026,4,Apr,2026-04,2,15,Wed,3,No,No,FY26-27,1,Past
2026-04-16,2026,4,Apr,2026-04,2,16,Thu,4,No,No,FY26-27,1,Past
2026-04-17,2026,4,Apr,2026-04,2,17,Fri,5,No,No,FY26-27,1,Past
2026-04-18,2026,4,Apr,2026-04,2,18,Sat,6,Yes,No,FY26-27,1,Past
2026-04-19,2026,4,Apr,2026-04,2,19,Sun,7,Yes,No,FY26-27,1,Past
2026-04-20,2026,4,Apr,2026-04,2,20,Mon,1,No,No,FY26-27,1,Past
2026-04-21,2026,4,Apr,2026-04,2,21,Tue,2,No,No,FY26-27,1,Past
2026-04-22,2026,4,Apr,2026-04,2,22,Wed,3,No,No,FY26-27,1,Past
2026-04-23,2026,4,Apr,2026-04,2,23,Thu,4,No,No,FY26-27,1,Past
2026-04-24,2026,4,Apr,2026-04,2,24,Fri,5,No,No,FY26-27,1,Past
2026-04-25,2026,4,Apr,2026-04,2,25,Sat,6,Yes,No,FY26-27,1,Past
2026-04-26,2026,4,Apr,2026-04,2,26,Sun,7,Yes,No,FY26-27,1,Past
2026-04-27,2026,4,Apr,2026-04,2,27,Mon,1,No,No,FY26-27,1,Past
2026-04-28,2026,4,Apr,2026-04,2,28,Tue,2,No,No,FY26-27,1,Past
2026-04-29,2026,4,Apr,2026-04,2,29,Wed,3,No,No,FY26-27,1,Past
2026-04-30,2026,4,Apr,2026-04,2,30,Thu,4,No,No,FY26-27,1,Past
2026-05-01,2026,5,May,2026-05,2,1,Fri,5,No,No,FY26-27,2,Past
2026-05-02,2026,5,May,2026-05,2,2,Sat,6,Yes,No,FY26-27,2,Past
2026-05-03,2026,5,May,2026-05,2,3,Sun,7,Yes,No,FY26-27,2,Past
2026-05-04,2026,5,May,2026-05,2,4,Mon,1,No,No,FY26-27,2,Past
2026-05-05,2026,5,May,2026-05,2,5,Tue,2,No,No,FY26-27,2,Past
2026-05-06,2026,5,May,2026-05,2,6,Wed,3,No,No,FY26-27,2,Past
2026-05-07,2026,5,May,2026-05,2,7,Thu,4,No,No,FY26-27,2,Past
2026-05-08,2026,5,May,2026-05,2,8,Fri,5,No,No,FY26-27,2,Past
2026-05-09,2026,5,May,2026-05,2,9,Sat,6,Yes,No,FY26-27,2,Past
2026-05-10,2026,5,May,2026-05,2,10,Sun,7,Yes,No,FY26-27,2,Past
2026-05-11,2026,5,May,2026-05,2,11,Mon,1,No,No,FY26-27,2,Past
2026-05-12,2026,5,May,2026-05,2,12,Tue,2,No,No,FY26-27,2,Past
2026-05-13,2026,5,May,2026-05,2,13,Wed,3,No,No,FY26-27,2,Past
2026-05-14,2026,5,May,2026-05,2,14,Thu,4,No,No,FY26-27,2,Past
2026-05-15,2026,5,May,2026-05,2,15,Fri,5,No,No,FY26-27,2,Past
2026-05-16,2026,5,May,2026-05,2,16,Sat,6,Yes,No,FY26-27,2,Past
2026-05-17,2026,5,May,2026-05,2,17,Sun,7,Yes,No,FY26-27,2,Past
2026-05-18,2026,5,May,2026-05,2,18,Mon,1,No,No,FY26-27,2,Past
2026-05-19,2026,5,May,2026-05,2,19,Tue,2,No,No,FY26-27,2,Past
2026-05-20,2026,5,May,2026-05,2,20,Wed,3,No,No,FY26-27,2,Past
2026-05-21,2026,5,May,2026-05,2,21,Thu,4,No,No,FY26-27,2,Past
2026-05-22,2026,5,May,2026-05,2,22,Fri,5,No,No,FY26-27,2,Past
2026-05-23,2026,5,May,2026-05,2,23,Sat,6,Yes,No,FY26-27,2,Past
2026-05-24,2026,5,May,2026-05,2,24,Sun,7,Yes,No,FY26-27,2,Past
2026-05-25,2026,5,May,2026-05,2,25,Mon,1,No,No,FY26-27,2,Past
2026-05-26,2026,5,May,2026-05,2,26,Tue,2,No,No,FY26-27,2,Past
2026-05-27,2026,5,May,2026-05,2,27,Wed,3,No,No,FY26-27,2,Past
2026-05-28,2026,5,May,2026-05,2,28,Thu,4,No,No,FY26-27,2,Past
2026-05-29,2026,5,May,2026-05,2,29,Fri,5,No,No,FY26-27,2,Past
2026-05-30,2026,5,May,2026-05,2,30,Sat,6,Yes,No,FY26-27,2,Past
2026-05-31,2026,5,May,2026-05,2,31,Sun,7,Yes,No,FY26-27,2,Past
2026-06-01,2026,6,Jun,2026-06,2,1,Mon,1,No,No,FY26-27,3,Past
2026-06-02,2026,6,Jun,2026-06,2,2,Tue,2,No,No,FY26-27,3,Past
2026-06-03,2026,6,Jun,2026-06,2,3,Wed,3,No,No,FY26-27,3,Past
2026-06-04,2026,6,Jun,2026-06,2,4,Thu,4,No,No,FY26-27,3,Past
2026-06-05,2026,6,Jun,2026-06,2,5,Fri,5,No,No,FY26-27,3,Past
2026-06-06,2026,6,Jun,2026-06,2,6,Sat,6,Yes,No,FY26-27,3,Past
2026-06-07,2026,6,Jun,2026-06,2,7,Sun,7,Yes,No,FY26-27,3,Past
2026-06-08,2026,6,Jun,2026-06,2,8,Mon,1,No,No,FY26-27,3,Past
2026-06-09,2026,6,Jun,2026-06,2,9,Tue,2,No,No,FY26-27,3,Past
2026-06-10,2026,6,Jun,2026-06,2,10,Wed,3,No,No,FY26-27,3,Past
2026-06-11,2026,6,Jun,2026-06,2,11,Thu,4,No,No,FY26-27,3,Past
2026-06-12,2026,6,Jun,2026-06,2,12,Fri,5,No,No,FY26-27,3,Past
2026-06-13,2026,6,Jun,2026-06,2,13,Sat,6,Yes,No,FY26-27,3,Past
2026-06-14,2026,6,Jun,2026-06,2,14,Sun,7,Yes,No,FY26-27,3,Past
2026-06-15,2026,6,Jun,2026-06,2,15,Mon,1,No,No,FY26-27,3,Past
2026-06-16,2026,6,Jun,2026-06,2,16,Tue,2,No,No,FY26-27,3,Past
2026-06-17,2026,6,Jun,2026-06,2,17,Wed,3,No,No,FY26-27,3,Past
2026-06-18,2026,6,Jun,2026-06,2,18,Thu,4,No,No,FY26-27,3,Past
2026-06-19,2026,6,Jun,2026-06,2,19,Fri,5,No,No,FY26-27,3,Past
2026-06-20,2026,6,Jun,2026-06,2,20,Sat,6,Yes,No,FY26-27,3,Past
2026-06-21,2026,6,Jun,2026-06,2,21,Sun,7,Yes,No,FY26-27,3,Past
2026-06-22,2026,6,Jun,2026-06,2,22,Mon,1,No,No,FY26-27,3,Past
2026-06-23,2026,6,Jun,2026-06,2,23,Tue,2,No,No,FY26-27,3,Past
2026-06-24,2026,6,Jun,2026-06,2,24,Wed,3,No,No,FY26-27,3,Past
2026-06-25,2026,6,Jun,2026-06,2,25,Thu,4,No,No,FY26-27,3,Past
2026-06-26,2026,6,Jun,2026-06,2,26,Fri,5,No,No,FY26-27,3,Past
2026-06-27,2026,6,Jun,2026-06,2,27,Sat,6,Yes,No,FY26-27,3,Past
2026-06-28,2026,6,Jun,2026-06,2,28,Sun,7,Yes,No,FY26-27,3,Past
2026-06-29,2026,6,Jun,2026-06,2,29,Mon,1,No,No,FY26-27,3,Past
2026-06-30,2026,6,Jun,2026-06,2,30,Tue,2,No,No,FY26-27,3,Past
2026-07-01,2026,7,Jul,2026-07,3,1,Wed,3,No,No,FY26-27,4,Past
2026-07-02,2026,7,Jul,2026-07,3,2,Thu,4,No,No,FY26-27,4,Past
2026-07-03,2026,7,Jul,2026-07,3,3,Fri,5,No,No,FY26-27,4,Past
2026-07-04,2026,7,Jul,2026-07,3,4,Sat,6,Yes,No,FY26-27,4,Past
2026-07-05,2026,7,Jul,2026-07,3,5,Sun,7,Yes,No,FY26-27,4,Past
2026-07-06,2026,7,Jul,2026-07,3,6,Mon,1,No,No,FY26-27,4,Past
2026-07-07,2026,7,Jul,2026-07,3,7,Tue,2,No,No,FY26-27,4,Past
2026-07-08,2026,7,Jul,2026-07,3,8,Wed,3,No,No,FY26-27,4,Past
2026-07-09,2026,7,Jul,2026-07,3,9,Thu,4,No,No,FY26-27,4,Past
2026-07-10,2026,7,Jul,2026-07,3,10,Fri,5,No,No,FY26-27,4,Past
2026-07-11,2026,7,Jul,2026-07,3,11,Sat,6,Yes,No,FY26-27,4,Past
2026-07-12,2026,7,Jul,2026-07,3,12,Sun,7,Yes,No,FY26-27,4,Past
2026-07-13,2026,7,Jul,2026-07,3,13,Mon,1,No,No,FY26-27,4,Past
2026-07-14,2026,7,Jul,2026-07,3,14,Tue,2,No,No,FY26-27,4,Past
2026-07-15,2026,7,Jul,2026-07,3,15,Wed,3,No,No,FY26-27,4,Past
2026-07-16,2026,7,Jul,2026-07,3,16,Thu,4,No,No,FY26-27,4,Past
2026-07-17,2026,7,Jul,2026-07,3,17,Fri,5,No,No,FY26-27,4,Past
2026-07-18,2026,7,Jul,2026-07,3,18,Sat,6,Yes,No,FY26-27,4,Past
2026-07-19,2026,7,Jul,2026-07,3,19,Sun,7,Yes,No,FY26-27,4,Past
2026-07-20,2026,7,Jul,2026-07,3,20,Mon,1,No,No,FY26-27,4,Past
2026-07-21,2026,7,Jul,2026-07,3,21,Tue,2,No,No,FY26-27,4,Past
2026-07-22,2026,7,Jul,2026-07,3,22,Wed,3,No,No,FY26-27,4,Past
2026-07-23,2026,7,Jul,2026-07,3,23,Thu,4,No,No,FY26-27,4,Past
2026-07-24,2026,7,Jul,2026-07,3,24,Fri,5,No,No,FY26-27,4,Past
2026-07-25,2026,7,Jul,2026-07,3,25,Sat,6,Yes,No,FY26-27,4,Past
2026-07-26,2026,7,Jul,2026-07,3,26,Sun,7,Yes,No,FY26-27,4,Past
2026-07-27,2026,7,Jul,2026-07,3,27,Mon,1,No,No,FY26-27,4,Past
2026-07-28,2026,7,Jul,2026-07,3,28,Tue,2,No,No,FY26-27,4,Past
2026-07-29,2026,7,Jul,2026-07,3,29,Wed,3,No,No,FY26-27,4,Past
2026-07-30,2026,7,Jul,2026-07,3,30,Thu,4,No,No,FY26-27,4,Past
2026-07-31,2026,7,Jul,2026-07,3,31,Fri,5,No,No,FY26-27,4,Past
2026-08-01,2026,8,Aug,2026-08,3,1,Sat,6,Yes,No,FY26-27,5,Past
2026-08-02,2026,8,Aug,2026-08,3,2,Sun,7,Yes,No,FY26-27,5,Past
2026-08-03,2026,8,Aug,2026-08,3,3,Mon,1,No,No,FY26-27,5,Past
2026-08-04,2026,8,Aug,2026-08,3,4,Tue,2,No,No,FY26-27,5,Past
2026-08-05,2026,8,Aug,2026-08,3,5,Wed,3,No,No,FY26-27,5,Past
2026-08-06,2026,8,Aug,2026-08,3,6,Thu,4,No,No,FY26-27,5,Past
2026-08-07,2026,8,Aug,2026-08,3,7,Fri,5,No,No,FY26-27,5,Past
2026-08-08,2026,8,Aug,2026-08,3,8,Sat,6,Yes,No,FY26-27,5,Past
2026-08-09,2026,8,Aug,2026-08,3,9,Sun,7,Yes,No,FY26-27,5,Past
2026-08-10,2026,8,Aug,2026-08,3,10,Mon,1,No,No,FY26-27,5,Past
2026-08-11,2026,8,Aug,2026-08,3,11,Tue,2,No,No,FY26-27,5,Past
2026-08-12,2026,8,Aug,2026-08,3,12,Wed,3,No,No,FY26-27,5,Past
2026-08-13,2026,8,Aug,2026-08,3,13,Thu,4,No,No,FY26-27,5,Past
2026-08-14,2026,8,Aug,2026-08,3,14,Fri,5,No,No,FY26-27,5,Past
2026-08-15,2026,8,Aug,2026-08,3,15,Sat,6,Yes,Yes,FY26-27,5,Past
2026-08-16,2026,8,Aug,2026-08,3,16,Sun,7,Yes,No,FY26-27,5,Past
2026-08-17,2026,8,Aug,2026-08,3,17,Mon,1,No,No,FY26-27,5,Past
2026-08-18,2026,8,Aug,2026-08,3,18,Tue,2,No,No,FY26-27,5,Past
2026-08-19,2026,8,Aug,2026-08,3,19,Wed,3,No,No,FY26-27,5,Past
2026-08-20,2026,8,Aug,2026-08,3,20,Thu,4,No,No,FY26-27,5,Past
2026-08-21,2026,8,Aug,2026-08,3,21,Fri,5,No,No,FY26-27,5,Past
2026-08-22,2026,8,Aug,2026-08,3,22,Sat,6,Yes,No,FY26-27,5,Past
2026-08-23,2026,8,Aug,2026-08,3,23,Sun,7,Yes,No,FY26-27,5,Past
2026-08-24,2026,8,Aug,2026-08,3,24,Mon,1,No,No,FY26-27,5,Past
2026-08-25,2026,8,Aug,2026-08,3,25,Tue,2,No,No,FY26-27,5,Past
2026-08-26,2026,8,Aug,2026-08,3,26,Wed,3,No,No,FY26-27,5,Past
2026-08-27,2026,8,Aug,2026-08,3,27,Thu,4,No,No,FY26-27,5,Past
2026-08-28,2026,8,Aug,2026-08,3,28,Fri,5,No,No,FY26-27,5,Today
2026-08-29,2026,8,Aug,2026-08,3,29,Sat,6,Yes,No,FY26-27,5,Future
2026-08-30,2026,8,Aug,2026-08,3,30,Sun,7,Yes,No,FY26-27,5,Future
2026-08-31,2026,8,Aug,2026-08,3,31,Mon,1,No,No,FY26-27,5,Future
2026-09-01,2026,9,Sep,2026-09,3,1,Tue,2,No,No,FY26-27,6,Future
2026-09-02,2026,9,Sep,2026-09,3,2,Wed,3,No,No,FY26-27,6,Future
2026-09-03,2026,9,Sep,2026-09,3,3,Thu,4,No,No,FY26-27,6,Future
2026-09-04,2026,9,Sep,2026-09,3,4,Fri,5,No,No,FY26-27,6,Future
2026-09-05,2026,9,Sep,2026-09,3,5,Sat,6,Yes,No,FY26-27,6,Future
2026-09-06,2026,9,Sep,2026-09,3,6,Sun,7,Yes,No,FY26-27,6,Future
2026-09-07,2026,9,Sep,2026-09,3,7,Mon,1,No,No,FY26-27,6,Future
2026-09-08,2026,9,Sep,2026-09,3,8,Tue,2,No,No,FY26-27,6,Future
2026-09-09,2026,9,Sep,2026-09,3,9,Wed,3,No,No,FY26-27,6,Future
2026-09-10,2026,9,Sep,2026-09,3,10,Thu,4,No,No,FY26-27,6,Future
2026-09-11,2026,9,Sep,2026-09,3,11,Fri,5,No,No,FY26-27,6,Future
2026-09-12,2026,9,Sep,2026-09,3,12,Sat,6,Yes,No,FY26-27,6,Future
2026-09-13,2026,9,Sep,2026-09,3,13,Sun,7,Yes,No,FY26-27,6,Future
2026-09-14,2026,9,Sep,2026-09,3,14,Mon,1,No,No,FY26-27,6,Future
2026-09-15,2026,9,Sep,2026-09,3,15,Tue,2,No,No,FY26-27,6,Future
2026-09-16,2026,9,Sep,2026-09,3,16,Wed,3,No,No,FY26-27,6,Future
2026-09-17,2026,9,Sep,2026-09,3,17,Thu,4,No,No,FY26-27,6,Future
2026-09-18,2026,9,Sep,2026-09,3,18,Fri,5,No,No,FY26-27,6,Future
2026-09-19,2026,9,Sep,2026-09,3,19,Sat,6,Yes,No,FY26-27,6,Future
2026-09-20,2026,9,Sep,2026-09,3,20,Sun,7,Yes,No,FY26-27,6,Future
2026-09-21,2026,9,Sep,2026-09,3,21,Mon,1,No,No,FY26-27,6,Future
2026-09-22,2026,9,Sep,2026-09,3,22,Tue,2,No,No,FY26-27,6,Future
2026-09-23,2026,9,Sep,2026-09,3,23,Wed,3,No,No,FY26-27,6,Future
2026-09-24,2026,9,Sep,2026-09,3,24,Thu,4,No,No,FY26-27,6,Future
2026-09-25,2026,9,Sep,2026-09,3,25,Fri,5,No,No,FY26-27,6,Future
2026-09-26,2026,9,Sep,2026-09,3,26,Sat,6,Yes,No,FY26-27,6,Future
2026-09-27,2026,9,Sep,2026-09,3,27,Sun,7,Yes,No,FY26-27,6,Future
2026-09-28,2026,9,Sep,2026-09,3,28,Mon,1,No,No,FY26-27,6,Future
2026-09-29,2026,9,Sep,2026-09,3,29,Tue,2,No,No,FY26-27,6,Future
2026-09-30,2026,9,Sep,2026-09,3,30,Wed,3,No,No,FY26-27,6,Future
2026-10-01,2026,10,Oct,2026-10,4,1,Thu,4,No,No,FY26-27,7,Future
2026-10-02,2026,10,Oct,2026-10,4,2,Fri,5,No,No,FY26-27,7,Future
2026-10-03,2026,10,Oct,2026-10,4,3,Sat,6,Yes,No,FY26-27,7,Future
2026-10-04,2026,10,Oct,2026-10,4,4,Sun,7,Yes,No,FY26-27,7,Future
2026-10-05,2026,10,Oct,2026-10,4,5,Mon,1,No,No,FY26-27,7,Future
2026-10-06,2026,10,Oct,2026-10,4,6,Tue,2,No,No,FY26-27,7,Future
2026-10-07,2026,10,Oct,2026-10,4,7,Wed,3,No,No,FY26-27,7,Future
2026-10-08,2026,10,Oct,2026-10,4,8,Thu,4,No,No,FY26-27,7,Future
2026-10-09,2026,10,Oct,2026-10,4,9,Fri,5,No,No,FY26-27,7,Future
2026-10-10,2026,10,Oct,2026-10,4,10,Sat,6,Yes,No,FY26-27,7,Future
2026-10-11,2026,10,Oct,2026-10,4,11,Sun,7,Yes,No,FY26-27,7,Future
2026-10-12,2026,10,Oct,2026-10,4,12,Mon,1,No,No,FY26-27,7,Future
2026-10-13,2026,10,Oct,2026-10,4,13,Tue,2,No,No,FY26-27,7,Future
2026-10-14,2026,10,Oct,2026-10,4,14,Wed,3,No,No,FY26-27,7,Future
2026-10-15,2026,10,Oct,2026-10,4,15,Thu,4,No,No,FY26-27,7,Future
2026-10-16,2026,10,Oct,2026-10,4,16,Fri,5,No,No,FY26-27,7,Future
2026-10-17,2026,10,Oct,2026-10,4,17,Sat,6,Yes,No,FY26-27,7,Future
2026-10-18,2026,10,Oct,2026-10,4,18,Sun,7,Yes,No,FY26-27,7,Future
2026-10-19,2026,10,Oct,2026-10,4,19,Mon,1,No,No,FY26-27,7,Future
2026-10-20,2026,10,Oct,2026-10,4,20,Tue,2,No,No,FY26-27,7,Future
2026-10-21,2026,10,Oct,2026-10,4,21,Wed,3,No,No,FY26-27,7,Future
2026-10-22,2026,10,Oct,2026-10,4,22,Thu,4,No,No,FY26-27,7,Future
2026-10-23,2026,10,Oct,2026-10,4,23,Fri,5,No,No,FY26-27,7,Future
2026-10-24,2026,10,Oct,2026-10,4,24,Sat,6,Yes,No,FY26-27,7,Future
2026-10-25,2026,10,Oct,2026-10,4,25,Sun,7,Yes,No,FY26-27,7,Future
2026-10-26,2026,10,Oct,2026-10,4,26,Mon,1,No,No,FY26-27,7,Future
2026-10-27,2026,10,Oct,2026-10,4,27,Tue,2,No,No,FY26-27,7,Future
2026-10-28,2026,10,Oct,2026-10,4,28,Wed,3,No,No,FY26-27,7,Future
2026-10-29,2026,10,Oct,2026-10,4,29,Thu,4,No,No,FY26-27,7,Future
2026-10-30,2026,10,Oct,2026-10,4,30,Fri,5,No,No,FY26-27,7,Future
2026-10-31,2026,10,Oct,2026-10,4,31,Sat,6,Yes,No,FY26-27,7,Future
2026-11-01,2026,11,Nov,2026-11,4,1,Sun,7,Yes,No,FY26-27,8,Future
2026-11-02,2026,11,Nov,2026-11,4,2,Mon,1,No,No,FY26-27,8,Future
2026-11-03,2026,11,Nov,2026-11,4,3,Tue,2,No,No,FY26-27,8,Future
2026-11-04,2026,11,Nov,2026-11,4,4,Wed,3,No,No,FY26-27,8,Future
2026-11-05,2026,11,Nov,2026-11,4,5,Thu,4,No,No,FY26-27,8,Future
2026-11-06,2026,11,Nov,2026-11,4,6,Fri,5,No,No,FY26-27,8,Future
2026-11-07,2026,11,Nov,2026-11,4,7,Sat,6,Yes,No,FY26-27,8,Future
2026-11-08,2026,11,Nov,2026-11,4,8,Sun,7,Yes,Yes,FY26-27,8,Future
2026-11-09,2026,11,Nov,2026-11,4,9,Mon,1,No,No,FY26-27,8,Future
2026-11-10,2026,11,Nov,2026-11,4,10,Tue,2,No,No,FY26-27,8,Future
2026-11-11,2026,11,Nov,2026-11,4,11,Wed,3,No,No,FY26-27,8,Future
2026-11-12,2026,11,Nov,2026-11,4,12,Thu,4,No,No,FY26-27,8,Future
2026-11-13,2026,11,Nov,2026-11,4,13,Fri,5,No,No,FY26-27,8,Future
2026-11-14,2026,11,Nov,2026-11,4,14,Sat,6,Yes,No,FY26-27,8,Future
2026-11-15,2026,11,Nov,2026-11,4,15,Sun,7,Yes,No,FY26-27,8,Future
2026-11-16,2026,11,Nov,2026-11,4,16,Mon,1,No,No,FY26-27,8,Future
2026-11-17,2026,11,Nov,2026-11,4,17,Tue,2,No,No,FY26-27,8,Future
2026-11-18,2026,11,Nov,2026-11,4,18,Wed,3,No,No,FY26-27,8,Future
2026-11-19,2026,11,Nov,2026-11,4,19,Thu,4,No,No,FY26-27,8,Future
2026-11-20,2026,11,Nov,2026-11,4,20,Fri,5,No,No,FY26-27,8,Future
2026-11-21,2026,11,Nov,2026-11,4,21,Sat,6,Yes,No,FY26-27,8,Future
2026-11-22,2026,11,Nov,2026-11,4,22,Sun,7,Yes,No,FY26-27,8,Future
2026-11-23,2026,11,Nov,2026-11,4,23,Mon,1,No,No,FY26-27,8,Future
2026-11-24,2026,11,Nov,2026-11,4,24,Tue,2,No,No,FY26-27,8,Future
2026-11-25,2026,11,Nov,2026-11,4,25,Wed,3,No,No,FY26-27,8,Future
2026-11-26,2026,11,Nov,2026-11,4,26,Thu,4,No,No,FY26-27,8,Future
2026-11-27,2026,11,Nov,2026-11,4,27,Fri,5,No,No,FY26-27,8,Future
2026-11-28,2026,11,Nov,2026-11,4,28,Sat,6,Yes,No,FY26-27,8,Future
2026-11-29,2026,11,Nov,2026-11,4,29,Sun,7,Yes,No,FY26-27,8,Future
2026-11-30,2026,11,Nov,2026-11,4,30,Mon,1,No,No,FY26-27,8,Future
2026-12-01,2026,12,Dec,2026-12,4,1,Tue,2,No,No,FY26-27,9,Future
2026-12-02,2026,12,Dec,2026-12,4,2,Wed,3,No,No,FY26-27,9,Future
2026-12-03,2026,12,Dec,2026-12,4,3,Thu,4,No,No,FY26-27,9,Future
2026-12-04,2026,12,Dec,2026-12,4,4,Fri,5,No,No,FY26-27,9,Future
2026-12-05,2026,12,Dec,2026-12,4,5,Sat,6,Yes,No,FY26-27,9,Future
2026-12-06,2026,12,Dec,2026-12,4,6,Sun,7,Yes,No,FY26-27,9,Future
2026-12-07,2026,12,Dec,2026-12,4,7,Mon,1,No,No,FY26-27,9,Future
2026-12-08,2026,12,Dec,2026-12,4,8,Tue,2,No,No,FY26-27,9,Future
2026-12-09,2026,12,Dec,2026-12,4,9,Wed,3,No,No,FY26-27,9,Future
2026-12-10,2026,12,Dec,2026-12,4,10,Thu,4,No,No,FY26-27,9,Future
2026-12-11,2026,12,Dec,2026-12,4,11,Fri,5,No,No,FY26-27,9,Future
2026-12-12,2026,12,Dec,2026-12,4,12,Sat,6,Yes,No,FY26-27,9,Future
2026-12-13,2026,12,Dec,2026-12,4,13,Sun,7,Yes,No,FY26-27,9,Future
2026-12-14,2026,12,Dec,2026-12,4,14,Mon,1,No,No,FY26-27,9,Future
2026-12-15,2026,12,Dec,2026-12,4,15,Tue,2,No,No,FY26-27,9,Future
2026-12-16,2026,12,Dec,2026-12,4,16,Wed,3,No,No,FY26-27,9,Future
2026-12-17,2026,12,Dec,2026-12,4,17,Thu,4,No,No,FY26-27,9,Future
2026-12-18,2026,12,Dec,2026-12,4,18,Fri,5,No,No,FY26-27,9,Future
2026-12-19,2026,12,Dec,2026-12,4,19,Sat,6,Yes,No,FY26-27,9,Future
2026-12-20,2026,12,Dec,2026-12,4,20,Sun,7,Yes,No,FY26-27,9,Future
2026-12-21,2026,12,Dec,2026-12,4,21,Mon,1,No,No,FY26-27,9,Future
2026-12-22,2026,12,Dec,2026-12,4,22,Tue,2,No,No,FY26-27,9,Future
2026-12-23,2026,12,Dec,2026-12,4,23,Wed,3,No,No,FY26-27,9,Future
2026-12-24,2026,12,Dec,2026-12,4,24,Thu,4,No,No,FY26-27,9,Future
2026-12-25,2026,12,Dec,2026-12,4,25,Fri,5,No,Yes,FY26-27,9,Future
2026-12-26,2026,12,Dec,2026-12,4,26,Sat,6,Yes,No,FY26-27,9,Future
2026-12-27,2026,12,Dec,2026-12,4,27,Sun,7,Yes,No,FY26-27,9,Future
2026-12-28,2026,12,Dec,2026-12,4,28,Mon,1,No,No,FY26-27,9,Future
2026-12-29,2026,12,Dec,2026-12,4,29,Tue,2,No,No,FY26-27,9,Future
2026-12-30,2026,12,Dec,2026-12,4,30,Wed,3,No,No,FY26-27,9,Future
2026-12-31,2026,12,Dec,2026-12,4,31,Thu,4,No,No,FY26-27,9,Future
2027-01-01,2027,1,Jan,2027-01,1,1,Fri,5,No,No,FY26-27,10,Future
2027-01-02,2027,1,Jan,2027-01,1,2,Sat,6,Yes,No,FY26-27,10,Future
2027-01-03,2027,1,Jan,2027-01,1,3,Sun,7,Yes,No,FY26-27,10,Future
2027-01-04,2027,1,Jan,2027-01,1,4,Mon,1,No,No,FY26-27,10,Future
2027-01-05,2027,1,Jan,2027-01,1,5,Tue,2,No,No,FY26-27,10,Future
2027-01-06,2027,1,Jan,2027-01,1,6,Wed,3,No,No,FY26-27,10,Future
2027-01-07,2027,1,Jan,2027-01,1,7,Thu,4,No,No,FY26-27,10,Future
2027-01-08,2027,1,Jan,2027-01,1,8,Fri,5,No,No,FY26-27,10,Future
2027-01-09,2027,1,Jan,2027-01,1,9,Sat,6,Yes,No,FY26-27,10,Future
2027-01-10,2027,1,Jan,2027-01,1,10,Sun,7,Yes,No,FY26-27,10,Future
2027-01-11,2027,1,Jan,2027-01,1,11,Mon,1,No,No,FY26-27,10,Future
2027-01-12,2027,1,Jan,2027-01,1,12,Tue,2,No,No,FY26-27,10,Future
2027-01-13,2027,1,Jan,2027-01,1,13,Wed,3,No,No,FY26-27,10,Future
2027-01-14,2027,1,Jan,2027-01,1,14,Thu,4,No,Yes,FY26-27,10,Future
2027-01-15,2027,1,Jan,2027-01,1,15,Fri,5,No,No,FY26-27,10,Future
2027-01-16,2027,1,Jan,2027-01,1,16,Sat,6,Yes,No,FY26-27,10,Future
2027-01-17,2027,1,Jan,2027-01,1,17,Sun,7,Yes,No,FY26-27,10,Future
2027-01-18,2027,1,Jan,2027-01,1,18,Mon,1,No,No,FY26-27,10,Future
2027-01-19,2027,1,Jan,2027-01,1,19,Tue,2,No,No,FY26-27,10,Future
2027-01-20,2027,1,Jan,2027-01,1,20,Wed,3,No,No,FY26-27,10,Future
2027-01-21,2027,1,Jan,2027-01,1,21,Thu,4,No,No,FY26-27,10,Future
2027-01-22,2027,1,Jan,2027-01,1,22,Fri,5,No,No,FY26-27,10,Future
2027-01-23,2027,1,Jan,2027-01,1,23,Sat,6,Yes,No,FY26-27,10,Future
2027-01-24,2027,1,Jan,2027-01,1,24,Sun,7,Yes,No,FY26-27,10,Future
2027-01-25,2027,1,Jan,2027-01,1,25,Mon,1,No,No,FY26-27,10,Future
2027-01-26,2027,1,Jan,2027-01,1,26,Tue,2,No,Yes,FY26-27,10,Future
2027-01-27,2027,1,Jan,2027-01,1,27,Wed,3,No,No,FY26-27,10,Future
2027-01-28,2027,1,Jan,2027-01,1,28,Thu,4,No,No,FY26-27,10,Future
2027-01-29,2027,1,Jan,2027-01,1,29,Fri,5,No,No,FY26-27,10,Future
2027-01-30,2027,1,Jan,2027-01,1,30,Sat,6,Yes,No,FY26-27,10,Future
2027-01-31,2027,1,Jan,2027-01,1,31,Sun,7,Yes,No,FY26-27,10,Future
2027-02-01,2027,2,Feb,2027-02,1,1,Mon,1,No,No,FY26-27,11,Future
2027-02-02,2027,2,Feb,2027-02,1,2,Tue,2,No,No,FY26-27,11,Future
2027-02-03,2027,2,Feb,2027-02,1,3,Wed,3,No,No,FY26-27,11,Future
2027-02-04,2027,2,Feb,2027-02,1,4,Thu,4,No,No,FY26-27,11,Future
2027-02-05,2027,2,Feb,2027-02,1,5,Fri,5,No,No,FY26-27,11,Future
2027-02-06,2027,2,Feb,2027-02,1,6,Sat,6,Yes,No,FY26-27,11,Future
2027-02-07,2027,2,Feb,2027-02,1,7,Sun,7,Yes,No,FY26-27,11,Future
2027-02-08,2027,2,Feb,2027-02,1,8,Mon,1,No,No,FY26-27,11,Future
2027-02-09,2027,2,Feb,2027-02,1,9,Tue,2,No,No,FY26-27,11,Future
2027-02-10,2027,2,Feb,2027-02,1,10,Wed,3,No,No,FY26-27,11,Future
2027-02-11,2027,2,Feb,2027-02,1,11,Thu,4,No,No,FY26-27,11,Future
2027-02-12,2027,2,Feb,2027-02,1,12,Fri,5,No,No,FY26-27,11,Future
2027-02-13,2027,2,Feb,2027-02,1,13,Sat,6,Yes,No,FY26-27,11,Future
2027-02-14,2027,2,Feb,2027-02,1,14,Sun,7,Yes,No,FY26-27,11,Future
2027-02-15,2027,2,Feb,2027-02,1,15,Mon,1,No,No,FY26-27,11,Future
2027-02-16,2027,2,Feb,2027-02,1,16,Tue,2,No,No,FY26-27,11,Future
2027-02-17,2027,2,Feb,2027-02,1,17,Wed,3,No,No,FY26-27,11,Future
2027-02-18,2027,2,Feb,2027-02,1,18,Thu,4,No,No,FY26-27,11,Future
2027-02-19,2027,2,Feb,2027-02,1,19,Fri,5,No,No,FY26-27,11,Future
2027-02-20,2027,2,Feb,2027-02,1,20,Sat,6,Yes,No,FY26-27,11,Future
2027-02-21,2027,2,Feb,2027-02,1,21,Sun,7,Yes,No,FY26-27,11,Future
2027-02-22,2027,2,Feb,2027-02,1,22,Mon,1,No,No,FY26-27,11,Future
2027-02-23,2027,2,Feb,2027-02,1,23,Tue,2,No,No,FY26-27,11,Future
2027-02-24,2027,2,Feb,2027-02,1,24,Wed,3,No,No,FY26-27,11,Future
2027-02-25,2027,2,Feb,2027-02,1,25,Thu,4,No,No,FY26-27,11,Future
2027-02-26,2027,2,Feb,2027-02,1,26,Fri,5,No,No,FY26-27,11,Future
2027-02-27,2027,2,Feb,2027-02,1,27,Sat,6,Yes,No,FY26-27,11,Future
2027-02-28,2027,2,Feb,2027-02,1,28,Sun,7,Yes,No,FY26-27,11,Future
2027-03-01,2027,3,Mar,2027-03,1,1,Mon,1,No,No,FY26-27,12,Future
2027-03-02,2027,3,Mar,2027-03,1,2,Tue,2,No,No,FY26-27,12,Future
2027-03-03,2027,3,Mar,2027-03,1,3,Wed,3,No,No,FY26-27,12,Future
2027-03-04,2027,3,Mar,2027-03,1,4,Thu,4,No,No,FY26-27,12,Future
2027-03-05,2027,3,Mar,2027-03,1,5,Fri,5,No,No,FY26-27,12,Future
2027-03-06,2027,3,Mar,2027-03,1,6,Sat,6,Yes,No,FY26-27,12,Future
2027-03-07,2027,3,Mar,2027-03,1,7,Sun,7,Yes,No,FY26-27,12,Future
2027-03-08,2027,3,Mar,2027-03,1,8,Mon,1,No,No,FY26-27,12,Future
2027-03-09,2027,3,Mar,2027-03,1,9,Tue,2,No,No,FY26-27,12,Future
2027-03-10,2027,3,Mar,2027-03,1,10,Wed,3,No,No,FY26-27,12,Future
2027-03-11,2027,3,Mar,2027-03,1,11,Thu,4,No,No,FY26-27,12,Future
2027-03-12,2027,3,Mar,2027-03,1,12,Fri,5,No,No,FY26-27,12,Future
2027-03-13,2027,3,Mar,2027-03,1,13,Sat,6,Yes,No,FY26-27,12,Future
2027-03-14,2027,3,Mar,2027-03,1,14,Sun,7,Yes,No,FY26-27,12,Future
2027-03-15,2027,3,Mar,2027-03,1,15,Mon,1,No,No,FY26-27,12,Future
2027-03-16,2027,3,Mar,2027-03,1,16,Tue,2,No,No,FY26-27,12,Future
2027-03-17,2027,3,Mar,2027-03,1,17,Wed,3,No,No,FY26-27,12,Future
2027-03-18,2027,3,Mar,2027-03,1,18,Thu,4,No,No,FY26-27,12,Future
2027-03-19,2027,3,Mar,2027-03,1,19,Fri,5,No,No,FY26-27,12,Future
2027-03-20,2027,3,Mar,2027-03,1,20,Sat,6,Yes,No,FY26-27,12,Future
2027-03-21,2027,3,Mar,2027-03,1,21,Sun,7,Yes,No,FY26-27,12,Future
2027-03-22,2027,3,Mar,2027-03,1,22,Mon,1,No,No,FY26-27,12,Future
2027-03-23,2027,3,Mar,2027-03,1,23,Tue,2,No,No,FY26-27,12,Future
2027-03-24,2027,3,Mar,2027-03,1,24,Wed,3,No,No,FY26-27,12,Future
2027-03-25,2027,3,Mar,2027-03,1,25,Thu,4,No,No,FY26-27,12,Future
2027-03-26,2027,3,Mar,2027-03,1,26,Fri,5,No,No,FY26-27,12,Future
2027-03-27,2027,3,Mar,2027-03,1,27,Sat,6,Yes,No,FY26-27,12,Future
2027-03-28,2027,3,Mar,2027-03,1,28,Sun,7,Yes,No,FY26-27,12,Future
2027-03-29,2027,3,Mar,2027-03,1,29,Mon,1,No,No,FY26-27,12,Future
2027-03-30,2027,3,Mar,2027-03,1,30,Tue,2,No,No,FY26-27,12,Future
2027-03-31,2027,3,Mar,2027-03,1,31,Wed,3,No,No,FY26-27,12,Future
2027-04-01,2027,4,Apr,2027-04,2,1,Thu,4,No,No,FY27-28,1,Future
2027-04-02,2027,4,Apr,2027-04,2,2,Fri,5,No,No,FY27-28,1,Future
2027-04-03,2027,4,Apr,2027-04,2,3,Sat,6,Yes,No,FY27-28,1,Future
2027-04-04,2027,4,Apr,2027-04,2,4,Sun,7,Yes,No,FY27-28,1,Future
2027-04-05,2027,4,Apr,2027-04,2,5,Mon,1,No,No,FY27-28,1,Future
2027-04-06,2027,4,Apr,2027-04,2,6,Tue,2,No,No,FY27-28,1,Future
2027-04-07,2027,4,Apr,2027-04,2,7,Wed,3,No,No,FY27-28,1,Future
2027-04-08,2027,4,Apr,2027-04,2,8,Thu,4,No,No,FY27-28,1,Future
2027-04-09,2027,4,Apr,2027-04,2,9,Fri,5,No,No,FY27-28,1,Future
2027-04-10,2027,4,Apr,2027-04,2,10,Sat,6,Yes,No,FY27-28,1,Future
2027-04-11,2027,4,Apr,2027-04,2,11,Sun,7,Yes,No,FY27-28,1,Future
2027-04-12,2027,4,Apr,2027-04,2,12,Mon,1,No,No,FY27-28,1,Future
2027-04-13,2027,4,Apr,2027-04,2,13,Tue,2,No,No,FY27-28,1,Future
2027-04-14,2027,4,Apr,2027-04,2,14,Wed,3,No,Yes,FY27-28,1,Future
2027-04-15,2027,4,Apr,2027-04,2,15,Thu,4,No,No,FY27-28,1,Future
2027-04-16,2027,4,Apr,2027-04,2,16,Fri,5,No,No,FY27-28,1,Future
2027-04-17,2027,4,Apr,2027-04,2,17,Sat,6,Yes,No,FY27-28,1,Future
2027-04-18,2027,4,Apr,2027-04,2,18,Sun,7,Yes,No,FY27-28,1,Future
2027-04-19,2027,4,Apr,2027-04,2,19,Mon,1,No,No,FY27-28,1,Future
2027-04-20,2027,4,Apr,2027-04,2,20,Tue,2,No,No,FY27-28,1,Future
2027-04-21,2027,4,Apr,2027-04,2,21,Wed,3,No,No,FY27-28,1,Future
2027-04-22,2027,4,Apr,2027-04,2,22,Thu,4,No,No,FY27-28,1,Future
2027-04-23,2027,4,Apr,2027-04,2,23,Fri,5,No,No,FY27-28,1,Future
2027-04-24,2027,4,Apr,2027-04,2,24,Sat,6,Yes,No,FY27-28,1,Future
2027-04-25,2027,4,Apr,2027-04,2,25,Sun,7,Yes,No,FY27-28,1,Future
2027-04-26,2027,4,Apr,2027-04,2,26,Mon,1,No,No,FY27-28,1,Future
2027-04-27,2027,4,Apr,2027-04,2,27,Tue,2,No,No,FY27-28,1,Future
2027-04-28,2027,4,Apr,2027-04,2,28,Wed,3,No,No,FY27-28,1,Future
2027-04-29,2027,4,Apr,2027-04,2,29,Thu,4,No,No,FY27-28,1,Future
2027-04-30,2027,4,Apr,2027-04,2,30,Fri,5,No,No,FY27-28,1,Future
2027-05-01,2027,5,May,2027-05,2,1,Sat,6,Yes,No,FY27-28,2,Future
2027-05-02,2027,5,May,2027-05,2,2,Sun,7,Yes,No,FY27-28,2,Future
2027-05-03,2027,5,May,2027-05,2,3,Mon,1,No,No,FY27-28,2,Future
2027-05-04,2027,5,May,2027-05,2,4,Tue,2,No,No,FY27-28,2,Future
2027-05-05,2027,5,May,2027-05,2,5,Wed,3,No,No,FY27-28,2,Future
2027-05-06,2027,5,May,2027-05,2,6,Thu,4,No,No,FY27-28,2,Future
2027-05-07,2027,5,May,2027-05,2,7,Fri,5,No,No,FY27-28,2,Future
2027-05-08,2027,5,May,2027-05,2,8,Sat,6,Yes,No,FY27-28,2,Future
2027-05-09,2027,5,May,2027-05,2,9,Sun,7,Yes,No,FY27-28,2,Future
2027-05-10,2027,5,May,2027-05,2,10,Mon,1,No,No,FY27-28,2,Future
2027-05-11,2027,5,May,2027-05,2,11,Tue,2,No,No,FY27-28,2,Future
2027-05-12,2027,5,May,2027-05,2,12,Wed,3,No,No,FY27-28,2,Future
2027-05-13,2027,5,May,2027-05,2,13,Thu,4,No,No,FY27-28,2,Future
2027-05-14,2027,5,May,2027-05,2,14,Fri,5,No,No,FY27-28,2,Future
2027-05-15,2027,5,May,2027-05,2,15,Sat,6,Yes,No,FY27-28,2,Future
2027-05-16,2027,5,May,2027-05,2,16,Sun,7,Yes,No,FY27-28,2,Future
2027-05-17,2027,5,May,2027-05,2,17,Mon,1,No,No,FY27-28,2,Future
2027-05-18,2027,5,May,2027-05,2,18,Tue,2,No,No,FY27-28,2,Future
2027-05-19,2027,5,May,2027-05,2,19,Wed,3,No,No,FY27-28,2,Future
2027-05-20,2027,5,May,2027-05,2,20,Thu,4,No,No,FY27-28,2,Future
2027-05-21,2027,5,May,2027-05,2,21,Fri,5,No,No,FY27-28,2,Future
2027-05-22,2027,5,May,2027-05,2,22,Sat,6,Yes,No,FY27-28,2,Future
2027-05-23,2027,5,May,2027-05,2,23,Sun,7,Yes,No,FY27-28,2,Future
2027-05-24,2027,5,May,2027-05,2,24,Mon,1,No,No,FY27-28,2,Future
2027-05-25,2027,5,May,2027-05,2,25,Tue,2,No,No,FY27-28,2,Future
2027-05-26,2027,5,May,2027-05,2,26,Wed,3,No,No,FY27-28,2,Future
2027-05-27,2027,5,May,2027-05,2,27,Thu,4,No,No,FY27-28,2,Future
2027-05-28,2027,5,May,2027-05,2,28,Fri,5,No,No,FY27-28,2,Future
2027-05-29,2027,5,May,2027-05,2,29,Sat,6,Yes,No,FY27-28,2,Future
2027-05-30,2027,5,May,2027-05,2,30,Sun,7,Yes,No,FY27-28,2,Future
2027-05-31,2027,5,May,2027-05,2,31,Mon,1,No,No,FY27-28,2,Future
2027-06-01,2027,6,Jun,2027-06,2,1,Tue,2,No,No,FY27-28,3,Future
2027-06-02,2027,6,Jun,2027-06,2,2,Wed,3,No,No,FY27-28,3,Future
2027-06-03,2027,6,Jun,2027-06,2,3,Thu,4,No,No,FY27-28,3,Future
2027-06-04,2027,6,Jun,2027-06,2,4,Fri,5,No,No,FY27-28,3,Future
2027-06-05,2027,6,Jun,2027-06,2,5,Sat,6,Yes,No,FY27-28,3,Future
2027-06-06,2027,6,Jun,2027-06,2,6,Sun,7,Yes,No,FY27-28,3,Future
2027-06-07,2027,6,Jun,2027-06,2,7,Mon,1,No,No,FY27-28,3,Future
2027-06-08,2027,6,Jun,2027-06,2,8,Tue,2,No,No,FY27-28,3,Future
2027-06-09,2027,6,Jun,2027-06,2,9,Wed,3,No,No,FY27-28,3,Future
2027-06-10,2027,6,Jun,2027-06,2,10,Thu,4,No,No,FY27-28,3,Future
2027-06-11,2027,6,Jun,2027-06,2,11,Fri,5,No,No,FY27-28,3,Future
2027-06-12,2027,6,Jun,2027-06,2,12,Sat,6,Yes,No,FY27-28,3,Future
2027-06-13,2027,6,Jun,2027-06,2,13,Sun,7,Yes,No,FY27-28,3,Future
2027-06-14,2027,6,Jun,2027-06,2,14,Mon,1,No,No,FY27-28,3,Future
2027-06-15,2027,6,Jun,2027-06,2,15,Tue,2,No,No,FY27-28,3,Future
2027-06-16,2027,6,Jun,2027-06,2,16,Wed,3,No,No,FY27-28,3,Future
2027-06-17,2027,6,Jun,2027-06,2,17,Thu,4,No,No,FY27-28,3,Future
2027-06-18,2027,6,Jun,2027-06,2,18,Fri,5,No,No,FY27-28,3,Future
2027-06-19,2027,6,Jun,2027-06,2,19,Sat,6,Yes,No,FY27-28,3,Future
2027-06-20,2027,6,Jun,2027-06,2,20,Sun,7,Yes,No,FY27-28,3,Future
2027-06-21,2027,6,Jun,2027-06,2,21,Mon,1,No,No,FY27-28,3,Future
2027-06-22,2027,6,Jun,2027-06,2,22,Tue,2,No,No,FY27-28,3,Future
2027-06-23,2027,6,Jun,2027-06,2,23,Wed,3,No,No,FY27-28,3,Future
2027-06-24,2027,6,Jun,2027-06,2,24,Thu,4,No,No,FY27-28,3,Future
2027-06-25,2027,6,Jun,2027-06,2,25,Fri,5,No,No,FY27-28,3,Future
2027-06-26,2027,6,Jun,2027-06,2,26,Sat,6,Yes,No,FY27-28,3,Future
2027-06-27,2027,6,Jun,2027-06,2,27,Sun,7,Yes,No,FY27-28,3,Future
2027-06-28,2027,6,Jun,2027-06,2,28,Mon,1,No,No,FY27-28,3,Future
2027-06-29,2027,6,Jun,2027-06,2,29,Tue,2,No,No,FY27-28,3,Future
2027-06-30,2027,6,Jun,2027-06,2,30,Wed,3,No,No,FY27-28,3,Future
2027-07-01,2027,7,Jul,2027-07,3,1,Thu,4,No,No,FY27-28,4,Future
2027-07-02,2027,7,Jul,2027-07,3,2,Fri,5,No,No,FY27-28,4,Future
2027-07-03,2027,7,Jul,2027-07,3,3,Sat,6,Yes,No,FY27-28,4,Future
2027-07-04,2027,7,Jul,2027-07,3,4,Sun,7,Yes,No,FY27-28,4,Future
2027-07-05,2027,7,Jul,2027-07,3,5,Mon,1,No,No,FY27-28,4,Future
2027-07-06,2027,7,Jul,2027-07,3,6,Tue,2,No,No,FY27-28,4,Future
2027-07-07,2027,7,Jul,2027-07,3,7,Wed,3,No,No,FY27-28,4,Future
2027-07-08,2027,7,Jul,2027-07,3,8,Thu,4,No,No,FY27-28,4,Future
2027-07-09,2027,7,Jul,2027-07,3,9,Fri,5,No,No,FY27-28,4,Future
2027-07-10,2027,7,Jul,2027-07,3,10,Sat,6,Yes,No,FY27-28,4,Future
2027-07-11,2027,7,Jul,2027-07,3,11,Sun,7,Yes,No,FY27-28,4,Future
2027-07-12,2027,7,Jul,2027-07,3,12,Mon,1,No,No,FY27-28,4,Future
2027-07-13,2027,7,Jul,2027-07,3,13,Tue,2,No,No,FY27-28,4,Future
2027-07-14,2027,7,Jul,2027-07,3,14,Wed,3,No,No,FY27-28,4,Future
2027-07-15,2027,7,Jul,2027-07,3,15,Thu,4,No,No,FY27-28,4,Future
2027-07-16,2027,7,Jul,2027-07,3,16,Fri,5,No,No,FY27-28,4,Future
2027-07-17,2027,7,Jul,2027-07,3,17,Sat,6,Yes,No,FY27-28,4,Future
2027-07-18,2027,7,Jul,2027-07,3,18,Sun,7,Yes,No,FY27-28,4,Future
2027-07-19,2027,7,Jul,2027-07,3,19,Mon,1,No,No,FY27-28,4,Future
2027-07-20,2027,7,Jul,2027-07,3,20,Tue,2,No,No,FY27-28,4,Future
2027-07-21,2027,7,Jul,2027-07,3,21,Wed,3,No,No,FY27-28,4,Future
2027-07-22,2027,7,Jul,2027-07,3,22,Thu,4,No,No,FY27-28,4,Future
2027-07-23,2027,7,Jul,2027-07,3,23,Fri,5,No,No,FY27-28,4,Future
2027-07-24,2027,7,Jul,2027-07,3,24,Sat,6,Yes,No,FY27-28,4,Future
2027-07-25,2027,7,Jul,2027-07,3,25,Sun,7,Yes,No,FY27-28,4,Future
2027-07-26,2027,7,Jul,2027-07,3,26,Mon,1,No,No,FY27-28,4,Future
2027-07-27,2027,7,Jul,2027-07,3,27,Tue,2,No,No,FY27-28,4,Future
2027-07-28,2027,7,Jul,2027-07,3,28,Wed,3,No,No,FY27-28,4,Future
2027-07-29,2027,7,Jul,2027-07,3,29,Thu,4,No,No,FY27-28,4,Future
2027-07-30,2027,7,Jul,2027-07,3,30,Fri,5,No,No,FY27-28,4,Future
2027-07-31,2027,7,Jul,2027-07,3,31,Sat,6,Yes,No,FY27-28,4,Future
2027-08-01,2027,8,Aug,2027-08,3,1,Sun,7,Yes,No,FY27-28,5,Future
2027-08-02,2027,8,Aug,2027-08,3,2,Mon,1,No,No,FY27-28,5,Future
2027-08-03,2027,8,Aug,2027-08,3,3,Tue,2,No,No,FY27-28,5,Future
2027-08-04,2027,8,Aug,2027-08,3,4,Wed,3,No,No,FY27-28,5,Future
2027-08-05,2027,8,Aug,2027-08,3,5,Thu,4,No,No,FY27-28,5,Future
2027-08-06,2027,8,Aug,2027-08,3,6,Fri,5,No,No,FY27-28,5,Future
2027-08-07,2027,8,Aug,2027-08,3,7,Sat,6,Yes,No,FY27-28,5,Future
2027-08-08,2027,8,Aug,2027-08,3,8,Sun,7,Yes,No,FY27-28,5,Future
2027-08-09,2027,8,Aug,2027-08,3,9,Mon,1,No,No,FY27-28,5,Future
2027-08-10,2027,8,Aug,2027-08,3,10,Tue,2,No,No,FY27-28,5,Future
2027-08-11,2027,8,Aug,2027-08,3,11,Wed,3,No,No,FY27-28,5,Future
2027-08-12,2027,8,Aug,2027-08,3,12,Thu,4,No,No,FY27-28,5,Future
2027-08-13,2027,8,Aug,2027-08,3,13,Fri,5,No,No,FY27-28,5,Future
2027-08-14,2027,8,Aug,2027-08,3,14,Sat,6,Yes,No,FY27-28,5,Future
2027-08-15,2027,8,Aug,2027-08,3,15,Sun,7,Yes,No,FY27-28,5,Future
2027-08-16,2027,8,Aug,2027-08,3,16,Mon,1,No,No,FY27-28,5,Future
2027-08-17,2027,8,Aug,2027-08,3,17,Tue,2,No,No,FY27-28,5,Future
2027-08-18,2027,8,Aug,2027-08,3,18,Wed,3,No,No,FY27-28,5,Future
2027-08-19,2027,8,Aug,2027-08,3,19,Thu,4,No,No,FY27-28,5,Future
2027-08-20,2027,8,Aug,2027-08,3,20,Fri,5,No,No,FY27-28,5,Future
2027-08-21,2027,8,Aug,2027-08,3,21,Sat,6,Yes,No,FY27-28,5,Future
2027-08-22,2027,8,Aug,2027-08,3,22,Sun,7,Yes,No,FY27-28,5,Future
2027-08-23,2027,8,Aug,2027-08,3,23,Mon,1,No,No,FY27-28,5,Future
2027-08-24,2027,8,Aug,2027-08,3,24,Tue,2,No,No,FY27-28,5,Future
2027-08-25,2027,8,Aug,2027-08,3,25,Wed,3,No,No,FY27-28,5,Future
2027-08-26,2027,8,Aug,2027-08,3,26,Thu,4,No,No,FY27-28,5,Future
2027-08-27,2027,8,Aug,2027-08,3,27,Fri,5,No,No,FY27-28,5,Future
2027-08-28,2027,8,Aug,2027-08,3,28,Sat,6,Yes,No,FY27-28,5,Future
2027-08-29,2027,8,Aug,2027-08,3,29,Sun,7,Yes,No,FY27-28,5,Future
2027-08-30,2027,8,Aug,2027-08,3,30,Mon,1,No,No,FY27-28,5,Future
2027-08-31,2027,8,Aug,2027-08,3,31,Tue,2,No,No,FY27-28,5,Future
2027-09-01,2027,9,Sep,2027-09,3,1,Wed,3,No,No,FY27-28,6,Future
2027-09-02,2027,9,Sep,2027-09,3,2,Thu,4,No,No,FY27-28,6,Future
2027-09-03,2027,9,Sep,2027-09,3,3,Fri,5,No,No,FY27-28,6,Future
2027-09-04,2027,9,Sep,2027-09,3,4,Sat,6,Yes,No,FY27-28,6,Future
2027-09-05,2027,9,Sep,2027-09,3,5,Sun,7,Yes,No,FY27-28,6,Future
2027-09-06,2027,9,Sep,2027-09,3,6,Mon,1,No,No,FY27-28,6,Future
2027-09-07,2027,9,Sep,2027-09,3,7,Tue,2,No,No,FY27-28,6,Future
2027-09-08,2027,9,Sep,2027-09,3,8,Wed,3,No,No,FY27-28,6,Future
2027-09-09,2027,9,Sep,2027-09,3,9,Thu,4,No,No,FY27-28,6,Future
2027-09-10,2027,9,Sep,2027-09,3,10,Fri,5,No,No,FY27-28,6,Future
2027-09-11,2027,9,Sep,2027-09,3,11,Sat,6,Yes,No,FY27-28,6,Future
2027-09-12,2027,9,Sep,2027-09,3,12,Sun,7,Yes,No,FY27-28,6,Future
2027-09-13,2027,9,Sep,2027-09,3,13,Mon,1,No,No,FY27-28,6,Future
2027-09-14,2027,9,Sep,2027-09,3,14,Tue,2,No,No,FY27-28,6,Future
2027-09-15,2027,9,Sep,2027-09,3,15,Wed,3,No,No,FY27-28,6,Future
2027-09-16,2027,9,Sep,2027-09,3,16,Thu,4,No,No,FY27-28,6,Future
2027-09-17,2027,9,Sep,2027-09,3,17,Fri,5,No,No,FY27-28,6,Future
2027-09-18,2027,9,Sep,2027-09,3,18,Sat,6,Yes,No,FY27-28,6,Future
2027-09-19,2027,9,Sep,2027-09,3,19,Sun,7,Yes,No,FY27-28,6,Future
2027-09-20,2027,9,Sep,2027-09,3,20,Mon,1,No,No,FY27-28,6,Future
2027-09-21,2027,9,Sep,2027-09,3,21,Tue,2,No,No,FY27-28,6,Future
2027-09-22,2027,9,Sep,2027-09,3,22,Wed,3,No,No,FY27-28,6,Future
2027-09-23,2027,9,Sep,2027-09,3,23,Thu,4,No,No,FY27-28,6,Future
2027-09-24,2027,9,Sep,2027-09,3,24,Fri,5,No,No,FY27-28,6,Future
2027-09-25,2027,9,Sep,2027-09,3,25,Sat,6,Yes,No,FY27-28,6,Future
2027-09-26,2027,9,Sep,2027-09,3,26,Sun,7,Yes,No,FY27-28,6,Future
2027-09-27,2027,9,Sep,2027-09,3,27,Mon,1,No,No,FY27-28,6,Future
2027-09-28,2027,9,Sep,2027-09,3,28,Tue,2,No,No,FY27-28,6,Future
2027-09-29,2027,9,Sep,2027-09,3,29,Wed,3,No,No,FY27-28,6,Future
2027-09-30,2027,9,Sep,2027-09,3,30,Thu,4,No,No,FY27-28,6,Future
2027-10-01,2027,10,Oct,2027-10,4,1,Fri,5,No,No,FY27-28,7,Future
2027-10-02,2027,10,Oct,2027-10,4,2,Sat,6,Yes,No,FY27-28,7,Future
2027-10-03,2027,10,Oct,2027-10,4,3,Sun,7,Yes,No,FY27-28,7,Future
2027-10-04,2027,10,Oct,2027-10,4,4,Mon,1,No,No,FY27-28,7,Future
2027-10-05,2027,10,Oct,2027-10,4,5,Tue,2,No,No,FY27-28,7,Future
2027-10-06,2027,10,Oct,2027-10,4,6,Wed,3,No,No,FY27-28,7,Future
2027-10-07,2027,10,Oct,2027-10,4,7,Thu,4,No,No,FY27-28,7,Future
2027-10-08,2027,10,Oct,2027-10,4,8,Fri,5,No,No,FY27-28,7,Future
2027-10-09,2027,10,Oct,2027-10,4,9,Sat,6,Yes,No,FY27-28,7,Future
2027-10-10,2027,10,Oct,2027-10,4,10,Sun,7,Yes,No,FY27-28,7,Future
2027-10-11,2027,10,Oct,2027-10,4,11,Mon,1,No,No,FY27-28,7,Future
2027-10-12,2027,10,Oct,2027-10,4,12,Tue,2,No,No,FY27-28,7,Future
2027-10-13,2027,10,Oct,2027-10,4,13,Wed,3,No,No,FY27-28,7,Future
2027-10-14,2027,10,Oct,2027-10,4,14,Thu,4,No,No,FY27-28,7,Future
2027-10-15,2027,10,Oct,2027-10,4,15,Fri,5,No,No,FY27-28,7,Future
2027-10-16,2027,10,Oct,2027-10,4,16,Sat,6,Yes,No,FY27-28,7,Future
2027-10-17,2027,10,Oct,2027-10,4,17,Sun,7,Yes,No,FY27-28,7,Future
2027-10-18,2027,10,Oct,2027-10,4,18,Mon,1,No,No,FY27-28,7,Future
2027-10-19,2027,10,Oct,2027-10,4,19,Tue,2,No,No,FY27-28,7,Future
2027-10-20,2027,10,Oct,2027-10,4,20,Wed,3,No,No,FY27-28,7,Future
2027-10-21,2027,10,Oct,2027-10,4,21,Thu,4,No,No,FY27-28,7,Future
2027-10-22,2027,10,Oct,2027-10,4,22,Fri,5,No,No,FY27-28,7,Future
2027-10-23,2027,10,Oct,2027-10,4,23,Sat,6,Yes,No,FY27-28,7,Future
2027-10-24,2027,10,Oct,2027-10,4,24,Sun,7,Yes,No,FY27-28,7,Future
2027-10-25,2027,10,Oct,2027-10,4,25,Mon,1,No,No,FY27-28,7,Future
2027-10-26,2027,10,Oct,2027-10,4,26,Tue,2,No,No,FY27-28,7,Future
2027-10-27,2027,10,Oct,2027-10,4,27,Wed,3,No,No,FY27-28,7,Future
2027-10-28,2027,10,Oct,2027-10,4,28,Thu,4,No,No,FY27-28,7,Future
2027-10-29,2027,10,Oct,2027-10,4,29,Fri,5,No,No,FY27-28,7,Future
2027-10-30,2027,10,Oct,2027-10,4,30,Sat,6,Yes,No,FY27-28,7,Future
2027-10-31,2027,10,Oct,2027-10,4,31,Sun,7,Yes,No,FY27-28,7,Future
2027-11-01,2027,11,Nov,2027-11,4,1,Mon,1,No,No,FY27-28,8,Future
2027-11-02,2027,11,Nov,2027-11,4,2,Tue,2,No,No,FY27-28,8,Future
2027-11-03,2027,11,Nov,2027-11,4,3,Wed,3,No,No,FY27-28,8,Future
2027-11-04,2027,11,Nov,2027-11,4,4,Thu,4,No,No,FY27-28,8,Future
2027-11-05,2027,11,Nov,2027-11,4,5,Fri,5,No,No,FY27-28,8,Future
2027-11-06,2027,11,Nov,2027-11,4,6,Sat,6,Yes,No,FY27-28,8,Future
2027-11-07,2027,11,Nov,2027-11,4,7,Sun,7,Yes,No,FY27-28,8,Future
2027-11-08,2027,11,Nov,2027-11,4,8,Mon,1,No,No,FY27-28,8,Future
2027-11-09,2027,11,Nov,2027-11,4,9,Tue,2,No,No,FY27-28,8,Future
2027-11-10,2027,11,Nov,2027-11,4,10,Wed,3,No,No,FY27-28,8,Future
2027-11-11,2027,11,Nov,2027-11,4,11,Thu,4,No,No,FY27-28,8,Future
2027-11-12,2027,11,Nov,2027-11,4,12,Fri,5,No,No,FY27-28,8,Future
2027-11-13,2027,11,Nov,2027-11,4,13,Sat,6,Yes,No,FY27-28,8,Future
2027-11-14,2027,11,Nov,2027-11,4,14,Sun,7,Yes,No,FY27-28,8,Future
2027-11-15,2027,11,Nov,2027-11,4,15,Mon,1,No,No,FY27-28,8,Future
2027-11-16,2027,11,Nov,2027-11,4,16,Tue,2,No,No,FY27-28,8,Future
2027-11-17,2027,11,Nov,2027-11,4,17,Wed,3,No,No,FY27-28,8,Future
2027-11-18,2027,11,Nov,2027-11,4,18,Thu,4,No,No,FY27-28,8,Future
2027-11-19,2027,11,Nov,2027-11,4,19,Fri,5,No,No,FY27-28,8,Future
2027-11-20,2027,11,Nov,2027-11,4,20,Sat,6,Yes,No,FY27-28,8,Future
2027-11-21,2027,11,Nov,2027-11,4,21,Sun,7,Yes,No,FY27-28,8,Future
2027-11-22,2027,11,Nov,2027-11,4,22,Mon,1,No,No,FY27-28,8,Future
2027-11-23,2027,11,Nov,2027-11,4,23,Tue,2,No,No,FY27-28,8,Future
2027-11-24,2027,11,Nov,2027-11,4,24,Wed,3,No,No,FY27-28,8,Future
2027-11-25,2027,11,Nov,2027-11,4,25,Thu,4,No,No,FY27-28,8,Future
2027-11-26,2027,11,Nov,2027-11,4,26,Fri,5,No,No,FY27-28,8,Future
2027-11-27,2027,11,Nov,2027-11,4,27,Sat,6,Yes,No,FY27-28,8,Future
2027-11-28,2027,11,Nov,2027-11,4,28,Sun,7,Yes,No,FY27-28,8,Future
2027-11-29,2027,11,Nov,2027-11,4,29,Mon,1,No,No,FY27-28,8,Future
2027-11-30,2027,11,Nov,2027-11,4,30,Tue,2,No,No,FY27-28,8,Future
2027-12-01,2027,12,Dec,2027-12,4,1,Wed,3,No,No,FY27-28,9,Future
2027-12-02,2027,12,Dec,2027-12,4,2,Thu,4,No,No,FY27-28,9,Future
2027-12-03,2027,12,Dec,2027-12,4,3,Fri,5,No,No,FY27-28,9,Future
2027-12-04,2027,12,Dec,2027-12,4,4,Sat,6,Yes,No,FY27-28,9,Future
2027-12-05,2027,12,Dec,2027-12,4,5,Sun,7,Yes,No,FY27-28,9,Future
2027-12-06,2027,12,Dec,2027-12,4,6,Mon,1,No,No,FY27-28,9,Future
2027-12-07,2027,12,Dec,2027-12,4,7,Tue,2,No,No,FY27-28,9,Future
2027-12-08,2027,12,Dec,2027-12,4,8,Wed,3,No,No,FY27-28,9,Future
2027-12-09,2027,12,Dec,2027-12,4,9,Thu,4,No,No,FY27-28,9,Future
2027-12-10,2027,12,Dec,2027-12,4,10,Fri,5,No,No,FY27-28,9,Future
2027-12-11,2027,12,Dec,2027-12,4,11,Sat,6,Yes,No,FY27-28,9,Future
2027-12-12,2027,12,Dec,2027-12,4,12,Sun,7,Yes,No,FY27-28,9,Future
2027-12-13,2027,12,Dec,2027-12,4,13,Mon,1,No,No,FY27-28,9,Future
2027-12-14,2027,12,Dec,2027-12,4,14,Tue,2,No,No,FY27-28,9,Future
2027-12-15,2027,12,Dec,2027-12,4,15,Wed,3,No,No,FY27-28,9,Future
2027-12-16,2027,12,Dec,2027-12,4,16,Thu,4,No,No,FY27-28,9,Future
2027-12-17,2027,12,Dec,2027-12,4,17,Fri,5,No,No,FY27-28,9,Future
2027-12-18,2027,12,Dec,2027-12,4,18,Sat,6,Yes,No,FY27-28,9,Future
2027-12-19,2027,12,Dec,2027-12,4,19,Sun,7,Yes,No,FY27-28,9,Future
2027-12-20,2027,12,Dec,2027-12,4,20,Mon,1,No,No,FY27-28,9,Future
2027-12-21,2027,12,Dec,2027-12,4,21,Tue,2,No,No,FY27-28,9,Future
2027-12-22,2027,12,Dec,2027-12,4,22,Wed,3,No,No,FY27-28,9,Future
2027-12-23,2027,12,Dec,2027-12,4,23,Thu,4,No,No,FY27-28,9,Future
2027-12-24,2027,12,Dec,2027-12,4,24,Fri,5,No,No,FY27-28,9,Future
2027-12-25,2027,12,Dec,2027-12,4,25,Sat,6,Yes,No,FY27-28,9,Future
2027-12-26,2027,12,Dec,2027-12,4,26,Sun,7,Yes,No,FY27-28,9,Future
2027-12-27,2027,12,Dec,2027-12,4,27,Mon,1,No,No,FY27-28,9,Future
2027-12-28,2027,12,Dec,2027-12,4,28,Tue,2,No,No,FY27-28,9,Future
2027-12-29,2027,12,Dec,2027-12,4,29,Wed,3,No,No,FY27-28,9,Future
2027-12-30,2027,12,Dec,2027-12,4,30,Thu,4,No,No,FY27-28,9,Future
2027-12-31,2027,12,Dec,2027-12,4,31,Fri,5,No,No,FY27-28,9,Future
2028-01-01,2028,1,Jan,2028-01,1,1,Sat,6,Yes,No,FY27-28,10,Future
2028-01-02,2028,1,Jan,2028-01,1,2,Sun,7,Yes,No,FY27-28,10,Future
2028-01-03,2028,1,Jan,2028-01,1,3,Mon,1,No,No,FY27-28,10,Future
2028-01-04,2028,1,Jan,2028-01,1,4,Tue,2,No,No,FY27-28,10,Future
2028-01-05,2028,1,Jan,2028-01,1,5,Wed,3,No,No,FY27-28,10,Future
2028-01-06,2028,1,Jan,2028-01,1,6,Thu,4,No,No,FY27-28,10,Future
2028-01-07,2028,1,Jan,2028-01,1,7,Fri,5,No,No,FY27-28,10,Future
2028-01-08,2028,1,Jan,2028-01,1,8,Sat,6,Yes,No,FY27-28,10,Future
2028-01-09,2028,1,Jan,2028-01,1,9,Sun,7,Yes,No,FY27-28,10,Future
2028-01-10,2028,1,Jan,2028-01,1,10,Mon,1,No,No,FY27-28,10,Future
2028-01-11,2028,1,Jan,2028-01,1,11,Tue,2,No,No,FY27-28,10,Future
2028-01-12,2028,1,Jan,2028-01,1,12,Wed,3,No,No,FY27-28,10,Future
2028-01-13,2028,1,Jan,2028-01,1,13,Thu,4,No,No,FY27-28,10,Future
2028-01-14,2028,1,Jan,2028-01,1,14,Fri,5,No,No,FY27-28,10,Future
2028-01-15,2028,1,Jan,2028-01,1,15,Sat,6,Yes,No,FY27-28,10,Future
2028-01-16,2028,1,Jan,2028-01,1,16,Sun,7,Yes,No,FY27-28,10,Future
2028-01-17,2028,1,Jan,2028-01,1,17,Mon,1,No,No,FY27-28,10,Future
2028-01-18,2028,1,Jan,2028-01,1,18,Tue,2,No,No,FY27-28,10,Future
2028-01-19,2028,1,Jan,2028-01,1,19,Wed,3,No,No,FY27-28,10,Future
2028-01-20,2028,1,Jan,2028-01,1,20,Thu,4,No,No,FY27-28,10,Future
2028-01-21,2028,1,Jan,2028-01,1,21,Fri,5,No,No,FY27-28,10,Future
2028-01-22,2028,1,Jan,2028-01,1,22,Sat,6,Yes,No,FY27-28,10,Future
2028-01-23,2028,1,Jan,2028-01,1,23,Sun,7,Yes,No,FY27-28,10,Future
2028-01-24,2028,1,Jan,2028-01,1,24,Mon,1,No,No,FY27-28,10,Future
2028-01-25,2028,1,Jan,2028-01,1,25,Tue,2,No,No,FY27-28,10,Future
2028-01-26,2028,1,Jan,2028-01,1,26,Wed,3,No,No,FY27-28,10,Future
2028-01-27,2028,1,Jan,2028-01,1,27,Thu,4,No,No,FY27-28,10,Future
2028-01-28,2028,1,Jan,2028-01,1,28,Fri,5,No,No,FY27-28,10,Future
2028-01-29,2028,1,Jan,2028-01,1,29,Sat,6,Yes,No,FY27-28,10,Future
2028-01-30,2028,1,Jan,2028-01,1,30,Sun,7,Yes,No,FY27-28,10,Future
2028-01-31,2028,1,Jan,2028-01,1,31,Mon,1,No,No,FY27-28,10,Future
2028-02-01,2028,2,Feb,2028-02,1,1,Tue,2,No,No,FY27-28,11,Future
2028-02-02,2028,2,Feb,2028-02,1,2,Wed,3,No,No,FY27-28,11,Future
2028-02-03,2028,2,Feb,2028-02,1,3,Thu,4,No,No,FY27-28,11,Future
2028-02-04,2028,2,Feb,2028-02,1,4,Fri,5,No,No,FY27-28,11,Future
2028-02-05,2028,2,Feb,2028-02,1,5,Sat,6,Yes,No,FY27-28,11,Future
2028-02-06,2028,2,Feb,2028-02,1,6,Sun,7,Yes,No,FY27-28,11,Future
2028-02-07,2028,2,Feb,2028-02,1,7,Mon,1,No,No,FY27-28,11,Future
2028-02-08,2028,2,Feb,2028-02,1,8,Tue,2,No,No,FY27-28,11,Future
2028-02-09,2028,2,Feb,2028-02,1,9,Wed,3,No,No,FY27-28,11,Future
2028-02-10,2028,2,Feb,2028-02,1,10,Thu,4,No,No,FY27-28,11,Future
2028-02-11,2028,2,Feb,2028-02,1,11,Fri,5,No,No,FY27-28,11,Future
2028-02-12,2028,2,Feb,2028-02,1,12,Sat,6,Yes,No,FY27-28,11,Future
2028-02-13,2028,2,Feb,2028-02,1,13,Sun,7,Yes,No,FY27-28,11,Future
2028-02-14,2028,2,Feb,2028-02,1,14,Mon,1,No,No,FY27-28,11,Future
2028-02-15,2028,2,Feb,2028-02,1,15,Tue,2,No,No,FY27-28,11,Future
2028-02-16,2028,2,Feb,2028-02,1,16,Wed,3,No,No,FY27-28,11,Future
2028-02-17,2028,2,Feb,2028-02,1,17,Thu,4,No,No,FY27-28,11,Future
2028-02-18,2028,2,Feb,2028-02,1,18,Fri,5,No,No,FY27-28,11,Future
2028-02-19,2028,2,Feb,2028-02,1,19,Sat,6,Yes,No,FY27-28,11,Future
2028-02-20,2028,2,Feb,2028-02,1,20,Sun,7,Yes,No,FY27-28,11,Future
2028-02-21,2028,2,Feb,2028-02,1,21,Mon,1,No,No,FY27-28,11,Future
2028-02-22,2028,2,Feb,2028-02,1,22,Tue,2,No,No,FY27-28,11,Future
2028-02-23,2028,2,Feb,2028-02,1,23,Wed,3,No,No,FY27-28,11,Future
2028-02-24,2028,2,Feb,2028-02,1,24,Thu,4,No,No,FY27-28,11,Future
2028-02-25,2028,2,Feb,2028-02,1,25,Fri,5,No,No,FY27-28,11,Future
2028-02-26,2028,2,Feb,2028-02,1,26,Sat,6,Yes,No,FY27-28,11,Future
2028-02-27,2028,2,Feb,2028-02,1,27,Sun,7,Yes,No,FY27-28,11,Future
2028-02-28,2028,2,Feb,2028-02,1,28,Mon,1,No,No,FY27-28,11,Future
2028-02-29,2028,2,Feb,2028-02,1,29,Tue,2,No,No,FY27-28,11,Future
2028-03-01,2028,3,Mar,2028-03,1,1,Wed,3,No,No,FY27-28,12,Future
2028-03-02,2028,3,Mar,2028-03,1,2,Thu,4,No,No,FY27-28,12,Future
2028-03-03,2028,3,Mar,2028-03,1,3,Fri,5,No,No,FY27-28,12,Future
2028-03-04,2028,3,Mar,2028-03,1,4,Sat,6,Yes,No,FY27-28,12,Future
2028-03-05,2028,3,Mar,2028-03,1,5,Sun,7,Yes,No,FY27-28,12,Future
2028-03-06,2028,3,Mar,2028-03,1,6,Mon,1,No,No,FY27-28,12,Future
2028-03-07,2028,3,Mar,2028-03,1,7,Tue,2,No,No,FY27-28,12,Future
2028-03-08,2028,3,Mar,2028-03,1,8,Wed,3,No,No,FY27-28,12,Future
2028-03-09,2028,3,Mar,2028-03,1,9,Thu,4,No,No,FY27-28,12,Future
2028-03-10,2028,3,Mar,2028-03,1,10,Fri,5,No,No,FY27-28,12,Future
2028-03-11,2028,3,Mar,2028-03,1,11,Sat,6,Yes,No,FY27-28,12,Future
2028-03-12,2028,3,Mar,2028-03,1,12,Sun,7,Yes,No,FY27-28,12,Future
2028-03-13,2028,3,Mar,2028-03,1,13,Mon,1,No,No,FY27-28,12,Future
2028-03-14,2028,3,Mar,2028-03,1,14,Tue,2,No,No,FY27-28,12,Future
2028-03-15,2028,3,Mar,2028-03,1,15,Wed,3,No,No,FY27-28,12,Future
2028-03-16,2028,3,Mar,2028-03,1,16,Thu,4,No,No,FY27-28,12,Future
2028-03-17,2028,3,Mar,2028-03,1,17,Fri,5,No,No,FY27-28,12,Future
2028-03-18,2028,3,Mar,2028-03,1,18,Sat,6,Yes,No,FY27-28,12,Future
2028-03-19,2028,3,Mar,2028-03,1,19,Sun,7,Yes,No,FY27-28,12,Future
2028-03-20,2028,3,Mar,2028-03,1,20,Mon,1,No,No,FY27-28,12,Future
2028-03-21,2028,3,Mar,2028-03,1,21,Tue,2,No,No,FY27-28,12,Future
2028-03-22,2028,3,Mar,2028-03,1,22,Wed,3,No,No,FY27-28,12,Future
2028-03-23,2028,3,Mar,2028-03,1,23,Thu,4,No,No,FY27-28,12,Future
2028-03-24,2028,3,Mar,2028-03,1,24,Fri,5,No,No,FY27-28,12,Future
2028-03-25,2028,3,Mar,2028-03,1,25,Sat,6,Yes,No,FY27-28,12,Future
2028-03-26,2028,3,Mar,2028-03,1,26,Sun,7,Yes,No,FY27-28,12,Future
2028-03-27,2028,3,Mar,2028-03,1,27,Mon,1,No,No,FY27-28,12,Future
2028-03-28,2028,3,Mar,2028-03,1,28,Tue,2,No,No,FY27-28,12,Future
2028-03-29,2028,3,Mar,2028-03,1,29,Wed,3,No,No,FY27-28,12,Future
2028-03-30,2028,3,Mar,2028-03,1,30,Thu,4,No,No,FY27-28,12,Future
2028-03-31,2028,3,Mar,2028-03,1,31,Fri,5,No,No,FY27-28,12,Future
2028-04-01,2028,4,Apr,2028-04,2,1,Sat,6,Yes,No,FY28-29,1,Future
2028-04-02,2028,4,Apr,2028-04,2,2,Sun,7,Yes,No,FY28-29,1,Future
2028-04-03,2028,4,Apr,2028-04,2,3,Mon,1,No,No,FY28-29,1,Future
2028-04-04,2028,4,Apr,2028-04,2,4,Tue,2,No,No,FY28-29,1,Future
2028-04-05,2028,4,Apr,2028-04,2,5,Wed,3,No,No,FY28-29,1,Future
2028-04-06,2028,4,Apr,2028-04,2,6,Thu,4,No,No,FY28-29,1,Future
2028-04-07,2028,4,Apr,2028-04,2,7,Fri,5,No,No,FY28-29,1,Future
2028-04-08,2028,4,Apr,2028-04,2,8,Sat,6,Yes,No,FY28-29,1,Future
2028-04-09,2028,4,Apr,2028-04,2,9,Sun,7,Yes,No,FY28-29,1,Future
2028-04-10,2028,4,Apr,2028-04,2,10,Mon,1,No,No,FY28-29,1,Future
2028-04-11,2028,4,Apr,2028-04,2,11,Tue,2,No,No,FY28-29,1,Future
2028-04-12,2028,4,Apr,2028-04,2,12,Wed,3,No,No,FY28-29,1,Future
2028-04-13,2028,4,Apr,2028-04,2,13,Thu,4,No,No,FY28-29,1,Future
2028-04-14,2028,4,Apr,2028-04,2,14,Fri,5,No,No,FY28-29,1,Future
2028-04-15,2028,4,Apr,2028-04,2,15,Sat,6,Yes,No,FY28-29,1,Future
2028-04-16,2028,4,Apr,2028-04,2,16,Sun,7,Yes,No,FY28-29,1,Future
2028-04-17,2028,4,Apr,2028-04,2,17,Mon,1,No,No,FY28-29,1,Future
2028-04-18,2028,4,Apr,2028-04,2,18,Tue,2,No,No,FY28-29,1,Future
2028-04-19,2028,4,Apr,2028-04,2,19,Wed,3,No,No,FY28-29,1,Future
2028-04-20,2028,4,Apr,2028-04,2,20,Thu,4,No,No,FY28-29,1,Future
2028-04-21,2028,4,Apr,2028-04,2,21,Fri,5,No,No,FY28-29,1,Future
2028-04-22,2028,4,Apr,2028-04,2,22,Sat,6,Yes,No,FY28-29,1,Future
2028-04-23,2028,4,Apr,2028-04,2,23,Sun,7,Yes,No,FY28-29,1,Future
2028-04-24,2028,4,Apr,2028-04,2,24,Mon,1,No,No,FY28-29,1,Future
2028-04-25,2028,4,Apr,2028-04,2,25,Tue,2,No,No,FY28-29,1,Future
2028-04-26,2028,4,Apr,2028-04,2,26,Wed,3,No,No,FY28-29,1,Future
2028-04-27,2028,4,Apr,2028-04,2,27,Thu,4,No,No,FY28-29,1,Future
2028-04-28,2028,4,Apr,2028-04,2,28,Fri,5,No,No,FY28-29,1,Future
2028-04-29,2028,4,Apr,2028-04,2,29,Sat,6,Yes,No,FY28-29,1,Future
2028-04-30,2028,4,Apr,2028-04,2,30,Sun,7,Yes,No,FY28-29,1,Future
2028-05-01,2028,5,May,2028-05,2,1,Mon,1,No,No,FY28-29,2,Future
2028-05-02,2028,5,May,2028-05,2,2,Tue,2,No,No,FY28-29,2,Future
2028-05-03,2028,5,May,2028-05,2,3,Wed,3,No,No,FY28-29,2,Future
2028-05-04,2028,5,May,2028-05,2,4,Thu,4,No,No,FY28-29,2,Future
2028-05-05,2028,5,May,2028-05,2,5,Fri,5,No,No,FY28-29,2,Future
2028-05-06,2028,5,May,2028-05,2,6,Sat,6,Yes,No,FY28-29,2,Future
2028-05-07,2028,5,May,2028-05,2,7,Sun,7,Yes,No,FY28-29,2,Future
2028-05-08,2028,5,May,2028-05,2,8,Mon,1,No,No,FY28-29,2,Future
2028-05-09,2028,5,May,2028-05,2,9,Tue,2,No,No,FY28-29,2,Future
2028-05-10,2028,5,May,2028-05,2,10,Wed,3,No,No,FY28-29,2,Future
2028-05-11,2028,5,May,2028-05,2,11,Thu,4,No,No,FY28-29,2,Future
2028-05-12,2028,5,May,2028-05,2,12,Fri,5,No,No,FY28-29,2,Future
2028-05-13,2028,5,May,2028-05,2,13,Sat,6,Yes,No,FY28-29,2,Future
2028-05-14,2028,5,May,2028-05,2,14,Sun,7,Yes,No,FY28-29,2,Future
2028-05-15,2028,5,May,2028-05,2,15,Mon,1,No,No,FY28-29,2,Future
2028-05-16,2028,5,May,2028-05,2,16,Tue,2,No,No,FY28-29,2,Future
2028-05-17,2028,5,May,2028-05,2,17,Wed,3,No,No,FY28-29,2,Future
2028-05-18,2028,5,May,2028-05,2,18,Thu,4,No,No,FY28-29,2,Future
2028-05-19,2028,5,May,2028-05,2,19,Fri,5,No,No,FY28-29,2,Future
2028-05-20,2028,5,May,2028-05,2,20,Sat,6,Yes,No,FY28-29,2,Future
2028-05-21,2028,5,May,2028-05,2,21,Sun,7,Yes,No,FY28-29,2,Future
2028-05-22,2028,5,May,2028-05,2,22,Mon,1,No,No,FY28-29,2,Future
2028-05-23,2028,5,May,2028-05,2,23,Tue,2,No,No,FY28-29,2,Future
2028-05-24,2028,5,May,2028-05,2,24,Wed,3,No,No,FY28-29,2,Future
2028-05-25,2028,5,May,2028-05,2,25,Thu,4,No,No,FY28-29,2,Future
2028-05-26,2028,5,May,2028-05,2,26,Fri,5,No,No,FY28-29,2,Future
2028-05-27,2028,5,May,2028-05,2,27,Sat,6,Yes,No,FY28-29,2,Future
2028-05-28,2028,5,May,2028-05,2,28,Sun,7,Yes,No,FY28-29,2,Future
2028-05-29,2028,5,May,2028-05,2,29,Mon,1,No,No,FY28-29,2,Future
2028-05-30,2028,5,May,2028-05,2,30,Tue,2,No,No,FY28-29,2,Future
2028-05-31,2028,5,May,2028-05,2,31,Wed,3,No,No,FY28-29,2,Future
2028-06-01,2028,6,Jun,2028-06,2,1,Thu,4,No,No,FY28-29,3,Future
2028-06-02,2028,6,Jun,2028-06,2,2,Fri,5,No,No,FY28-29,3,Future
2028-06-03,2028,6,Jun,2028-06,2,3,Sat,6,Yes,No,FY28-29,3,Future
2028-06-04,2028,6,Jun,2028-06,2,4,Sun,7,Yes,No,FY28-29,3,Future
2028-06-05,2028,6,Jun,2028-06,2,5,Mon,1,No,No,FY28-29,3,Future
2028-06-06,2028,6,Jun,2028-06,2,6,Tue,2,No,No,FY28-29,3,Future
2028-06-07,2028,6,Jun,2028-06,2,7,Wed,3,No,No,FY28-29,3,Future
2028-06-08,2028,6,Jun,2028-06,2,8,Thu,4,No,No,FY28-29,3,Future
2028-06-09,2028,6,Jun,2028-06,2,9,Fri,5,No,No,FY28-29,3,Future
2028-06-10,2028,6,Jun,2028-06,2,10,Sat,6,Yes,No,FY28-29,3,Future
2028-06-11,2028,6,Jun,2028-06,2,11,Sun,7,Yes,No,FY28-29,3,Future
2028-06-12,2028,6,Jun,2028-06,2,12,Mon,1,No,No,FY28-29,3,Future
2028-06-13,2028,6,Jun,2028-06,2,13,Tue,2,No,No,FY28-29,3,Future
2028-06-14,2028,6,Jun,2028-06,2,14,Wed,3,No,No,FY28-29,3,Future
2028-06-15,2028,6,Jun,2028-06,2,15,Thu,4,No,No,FY28-29,3,Future
2028-06-16,2028,6,Jun,2028-06,2,16,Fri,5,No,No,FY28-29,3,Future
2028-06-17,2028,6,Jun,2028-06,2,17,Sat,6,Yes,No,FY28-29,3,Future
2028-06-18,2028,6,Jun,2028-06,2,18,Sun,7,Yes,No,FY28-29,3,Future
2028-06-19,2028,6,Jun,2028-06,2,19,Mon,1,No,No,FY28-29,3,Future
2028-06-20,2028,6,Jun,2028-06,2,20,Tue,2,No,No,FY28-29,3,Future
2028-06-21,2028,6,Jun,2028-06,2,21,Wed,3,No,No,FY28-29,3,Future
2028-06-22,2028,6,Jun,2028-06,2,22,Thu,4,No,No,FY28-29,3,Future
2028-06-23,2028,6,Jun,2028-06,2,23,Fri,5,No,No,FY28-29,3,Future
2028-06-24,2028,6,Jun,2028-06,2,24,Sat,6,Yes,No,FY28-29,3,Future
2028-06-25,2028,6,Jun,2028-06,2,25,Sun,7,Yes,No,FY28-29,3,Future
2028-06-26,2028,6,Jun,2028-06,2,26,Mon,1,No,No,FY28-29,3,Future
2028-06-27,2028,6,Jun,2028-06,2,27,Tue,2,No,No,FY28-29,3,Future
2028-06-28,2028,6,Jun,2028-06,2,28,Wed,3,No,No,FY28-29,3,Future
2028-06-29,2028,6,Jun,2028-06,2,29,Thu,4,No,No,FY28-29,3,Future
2028-06-30,2028,6,Jun,2028-06,2,30,Fri,5,No,No,FY28-29,3,Future
2028-07-01,2028,7,Jul,2028-07,3,1,Sat,6,Yes,No,FY28-29,4,Future
2028-07-02,2028,7,Jul,2028-07,3,2,Sun,7,Yes,No,FY28-29,4,Future
2028-07-03,2028,7,Jul,2028-07,3,3,Mon,1,No,No,FY28-29,4,Future
2028-07-04,2028,7,Jul,2028-07,3,4,Tue,2,No,No,FY28-29,4,Future
2028-07-05,2028,7,Jul,2028-07,3,5,Wed,3,No,No,FY28-29,4,Future
2028-07-06,2028,7,Jul,2028-07,3,6,Thu,4,No,No,FY28-29,4,Future
2028-07-07,2028,7,Jul,2028-07,3,7,Fri,5,No,No,FY28-29,4,Future
2028-07-08,2028,7,Jul,2028-07,3,8,Sat,6,Yes,No,FY28-29,4,Future
2028-07-09,2028,7,Jul,2028-07,3,9,Sun,7,Yes,No,FY28-29,4,Future
2028-07-10,2028,7,Jul,2028-07,3,10,Mon,1,No,No,FY28-29,4,Future
2028-07-11,2028,7,Jul,2028-07,3,11,Tue,2,No,No,FY28-29,4,Future
2028-07-12,2028,7,Jul,2028-07,3,12,Wed,3,No,No,FY28-29,4,Future
2028-07-13,2028,7,Jul,2028-07,3,13,Thu,4,No,No,FY28-29,4,Future
2028-07-14,2028,7,Jul,2028-07,3,14,Fri,5,No,No,FY28-29,4,Future
2028-07-15,2028,7,Jul,2028-07,3,15,Sat,6,Yes,No,FY28-29,4,Future
2028-07-16,2028,7,Jul,2028-07,3,16,Sun,7,Yes,No,FY28-29,4,Future
2028-07-17,2028,7,Jul,2028-07,3,17,Mon,1,No,No,FY28-29,4,Future
2028-07-18,2028,7,Jul,2028-07,3,18,Tue,2,No,No,FY28-29,4,Future
2028-07-19,2028,7,Jul,2028-07,3,19,Wed,3,No,No,FY28-29,4,Future
2028-07-20,2028,7,Jul,2028-07,3,20,Thu,4,No,No,FY28-29,4,Future
2028-07-21,2028,7,Jul,2028-07,3,21,Fri,5,No,No,FY28-29,4,Future
2028-07-22,2028,7,Jul,2028-07,3,22,Sat,6,Yes,No,FY28-29,4,Future
2028-07-23,2028,7,Jul,2028-07,3,23,Sun,7,Yes,No,FY28-29,4,Future
2028-07-24,2028,7,Jul,2028-07,3,24,Mon,1,No,No,FY28-29,4,Future
2028-07-25,2028,7,Jul,2028-07,3,25,Tue,2,No,No,FY28-29,4,Future
2028-07-26,2028,7,Jul,2028-07,3,26,Wed,3,No,No,FY28-29,4,Future
2028-07-27,2028,7,Jul,2028-07,3,27,Thu,4,No,No,FY28-29,4,Future
2028-07-28,2028,7,Jul,2028-07,3,28,Fri,5,No,No,FY28-29,4,Future
2028-07-29,2028,7,Jul,2028-07,3,29,Sat,6,Yes,No,FY28-29,4,Future
2028-07-30,2028,7,Jul,2028-07,3,30,Sun,7,Yes,No,FY28-29,4,Future
2028-07-31,2028,7,Jul,2028-07,3,31,Mon,1,No,No,FY28-29,4,Future
2028-08-01,2028,8,Aug,2028-08,3,1,Tue,2,No,No,FY28-29,5,Future
2028-08-02,2028,8,Aug,2028-08,3,2,Wed,3,No,No,FY28-29,5,Future
2028-08-03,2028,8,Aug,2028-08,3,3,Thu,4,No,No,FY28-29,5,Future
2028-08-04,2028,8,Aug,2028-08,3,4,Fri,5,No,No,FY28-29,5,Future
2028-08-05,2028,8,Aug,2028-08,3,5,Sat,6,Yes,No,FY28-29,5,Future
2028-08-06,2028,8,Aug,2028-08,3,6,Sun,7,Yes,No,FY28-29,5,Future
2028-08-07,2028,8,Aug,2028-08,3,7,Mon,1,No,No,FY28-29,5,Future
2028-08-08,2028,8,Aug,2028-08,3,8,Tue,2,No,No,FY28-29,5,Future
2028-08-09,2028,8,Aug,2028-08,3,9,Wed,3,No,No,FY28-29,5,Future
2028-08-10,2028,8,Aug,2028-08,3,10,Thu,4,No,No,FY28-29,5,Future
2028-08-11,2028,8,Aug,2028-08,3,11,Fri,5,No,No,FY28-29,5,Future
2028-08-12,2028,8,Aug,2028-08,3,12,Sat,6,Yes,No,FY28-29,5,Future
2028-08-13,2028,8,Aug,2028-08,3,13,Sun,7,Yes,No,FY28-29,5,Future
2028-08-14,2028,8,Aug,2028-08,3,14,Mon,1,No,No,FY28-29,5,Future
2028-08-15,2028,8,Aug,2028-08,3,15,Tue,2,No,No,FY28-29,5,Future
2028-08-16,2028,8,Aug,2028-08,3,16,Wed,3,No,No,FY28-29,5,Future
2028-08-17,2028,8,Aug,2028-08,3,17,Thu,4,No,No,FY28-29,5,Future
2028-08-18,2028,8,Aug,2028-08,3,18,Fri,5,No,No,FY28-29,5,Future
2028-08-19,2028,8,Aug,2028-08,3,19,Sat,6,Yes,No,FY28-29,5,Future
2028-08-20,2028,8,Aug,2028-08,3,20,Sun,7,Yes,No,FY28-29,5,Future
2028-08-21,2028,8,Aug,2028-08,3,21,Mon,1,No,No,FY28-29,5,Future
2028-08-22,2028,8,Aug,2028-08,3,22,Tue,2,No,No,FY28-29,5,Future
2028-08-23,2028,8,Aug,2028-08,3,23,Wed,3,No,No,FY28-29,5,Future
2028-08-24,2028,8,Aug,2028-08,3,24,Thu,4,No,No,FY28-29,5,Future
2028-08-25,2028,8,Aug,2028-08,3,25,Fri,5,No,No,FY28-29,5,Future
2028-08-26,2028,8,Aug,2028-08,3,26,Sat,6,Yes,No,FY28-29,5,Future
2028-08-27,2028,8,Aug,2028-08,3,27,Sun,7,Yes,No,FY28-29,5,Future
2028-08-28,2028,8,Aug,2028-08,3,28,Mon,1,No,No,FY28-29,5,Future
2028-08-29,2028,8,Aug,2028-08,3,29,Tue,2,No,No,FY28-29,5,Future
2028-08-30,2028,8,Aug,2028-08,3,30,Wed,3,No,No,FY28-29,5,Future
2028-08-31,2028,8,Aug,2028-08,3,31,Thu,4,No,No,FY28-29,5,Future
2028-09-01,2028,9,Sep,2028-09,3,1,Fri,5,No,No,FY28-29,6,Future
2028-09-02,2028,9,Sep,2028-09,3,2,Sat,6,Yes,No,FY28-29,6,Future
2028-09-03,2028,9,Sep,2028-09,3,3,Sun,7,Yes,No,FY28-29,6,Future
2028-09-04,2028,9,Sep,2028-09,3,4,Mon,1,No,No,FY28-29,6,Future
2028-09-05,2028,9,Sep,2028-09,3,5,Tue,2,No,No,FY28-29,6,Future
2028-09-06,2028,9,Sep,2028-09,3,6,Wed,3,No,No,FY28-29,6,Future
2028-09-07,2028,9,Sep,2028-09,3,7,Thu,4,No,No,FY28-29,6,Future
2028-09-08,2028,9,Sep,2028-09,3,8,Fri,5,No,No,FY28-29,6,Future
2028-09-09,2028,9,Sep,2028-09,3,9,Sat,6,Yes,No,FY28-29,6,Future
2028-09-10,2028,9,Sep,2028-09,3,10,Sun,7,Yes,No,FY28-29,6,Future
2028-09-11,2028,9,Sep,2028-09,3,11,Mon,1,No,No,FY28-29,6,Future
2028-09-12,2028,9,Sep,2028-09,3,12,Tue,2,No,No,FY28-29,6,Future
2028-09-13,2028,9,Sep,2028-09,3,13,Wed,3,No,No,FY28-29,6,Future
2028-09-14,2028,9,Sep,2028-09,3,14,Thu,4,No,No,FY28-29,6,Future
2028-09-15,2028,9,Sep,2028-09,3,15,Fri,5,No,No,FY28-29,6,Future
2028-09-16,2028,9,Sep,2028-09,3,16,Sat,6,Yes,No,FY28-29,6,Future
2028-09-17,2028,9,Sep,2028-09,3,17,Sun,7,Yes,No,FY28-29,6,Future
2028-09-18,2028,9,Sep,2028-09,3,18,Mon,1,No,No,FY28-29,6,Future
2028-09-19,2028,9,Sep,2028-09,3,19,Tue,2,No,No,FY28-29,6,Future
2028-09-20,2028,9,Sep,2028-09,3,20,Wed,3,No,No,FY28-29,6,Future
2028-09-21,2028,9,Sep,2028-09,3,21,Thu,4,No,No,FY28-29,6,Future
2028-09-22,2028,9,Sep,2028-09,3,22,Fri,5,No,No,FY28-29,6,Future
2028-09-23,2028,9,Sep,2028-09,3,23,Sat,6,Yes,No,FY28-29,6,Future
2028-09-24,2028,9,Sep,2028-09,3,24,Sun,7,Yes,No,FY28-29,6,Future
2028-09-25,2028,9,Sep,2028-09,3,25,Mon,1,No,No,FY28-29,6,Future
2028-09-26,2028,9,Sep,2028-09,3,26,Tue,2,No,No,FY28-29,6,Future
2028-09-27,2028,9,Sep,2028-09,3,27,Wed,3,No,No,FY28-29,6,Future
2028-09-28,2028,9,Sep,2028-09,3,28,Thu,4,No,No,FY28-29,6,Future
2028-09-29,2028,9,Sep,2028-09,3,29,Fri,5,No,No,FY28-29,6,Future
2028-09-30,2028,9,Sep,2028-09,3,30,Sat,6,Yes,No,FY28-29,6,Future
2028-10-01,2028,10,Oct,2028-10,4,1,Sun,7,Yes,No,FY28-29,7,Future
2028-10-02,2028,10,Oct,2028-10,4,2,Mon,1,No,No,FY28-29,7,Future
2028-10-03,2028,10,Oct,2028-10,4,3,Tue,2,No,No,FY28-29,7,Future
2028-10-04,2028,10,Oct,2028-10,4,4,Wed,3,No,No,FY28-29,7,Future
2028-10-05,2028,10,Oct,2028-10,4,5,Thu,4,No,No,FY28-29,7,Future
2028-10-06,2028,10,Oct,2028-10,4,6,Fri,5,No,No,FY28-29,7,Future
2028-10-07,2028,10,Oct,2028-10,4,7,Sat,6,Yes,No,FY28-29,7,Future
2028-10-08,2028,10,Oct,2028-10,4,8,Sun,7,Yes,No,FY28-29,7,Future
2028-10-09,2028,10,Oct,2028-10,4,9,Mon,1,No,No,FY28-29,7,Future
2028-10-10,2028,10,Oct,2028-10,4,10,Tue,2,No,No,FY28-29,7,Future
2028-10-11,2028,10,Oct,2028-10,4,11,Wed,3,No,No,FY28-29,7,Future
2028-10-12,2028,10,Oct,2028-10,4,12,Thu,4,No,No,FY28-29,7,Future
2028-10-13,2028,10,Oct,2028-10,4,13,Fri,5,No,No,FY28-29,7,Future
2028-10-14,2028,10,Oct,2028-10,4,14,Sat,6,Yes,No,FY28-29,7,Future
2028-10-15,2028,10,Oct,2028-10,4,15,Sun,7,Yes,No,FY28-29,7,Future
2028-10-16,2028,10,Oct,2028-10,4,16,Mon,1,No,No,FY28-29,7,Future
2028-10-17,2028,10,Oct,2028-10,4,17,Tue,2,No,No,FY28-29,7,Future
2028-10-18,2028,10,Oct,2028-10,4,18,Wed,3,No,No,FY28-29,7,Future
2028-10-19,2028,10,Oct,2028-10,4,19,Thu,4,No,No,FY28-29,7,Future
2028-10-20,2028,10,Oct,2028-10,4,20,Fri,5,No,No,FY28-29,7,Future
2028-10-21,2028,10,Oct,2028-10,4,21,Sat,6,Yes,No,FY28-29,7,Future
2028-10-22,2028,10,Oct,2028-10,4,22,Sun,7,Yes,No,FY28-29,7,Future
2028-10-23,2028,10,Oct,2028-10,4,23,Mon,1,No,No,FY28-29,7,Future
2028-10-24,2028,10,Oct,2028-10,4,24,Tue,2,No,No,FY28-29,7,Future
2028-10-25,2028,10,Oct,2028-10,4,25,Wed,3,No,No,FY28-29,7,Future
2028-10-26,2028,10,Oct,2028-10,4,26,Thu,4,No,No,FY28-29,7,Future
2028-10-27,2028,10,Oct,2028-10,4,27,Fri,5,No,No,FY28-29,7,Future
2028-10-28,2028,10,Oct,2028-10,4,28,Sat,6,Yes,No,FY28-29,7,Future
2028-10-29,2028,10,Oct,2028-10,4,29,Sun,7,Yes,No,FY28-29,7,Future
2028-10-30,2028,10,Oct,2028-10,4,30,Mon,1,No,No,FY28-29,7,Future
2028-10-31,2028,10,Oct,2028-10,4,31,Tue,2,No,No,FY28-29,7,Future
2028-11-01,2028,11,Nov,2028-11,4,1,Wed,3,No,No,FY28-29,8,Future
2028-11-02,2028,11,Nov,2028-11,4,2,Thu,4,No,No,FY28-29,8,Future
2028-11-03,2028,11,Nov,2028-11,4,3,Fri,5,No,No,FY28-29,8,Future
2028-11-04,2028,11,Nov,2028-11,4,4,Sat,6,Yes,No,FY28-29,8,Future
2028-11-05,2028,11,Nov,2028-11,4,5,Sun,7,Yes,No,FY28-29,8,Future
2028-11-06,2028,11,Nov,2028-11,4,6,Mon,1,No,No,FY28-29,8,Future
2028-11-07,2028,11,Nov,2028-11,4,7,Tue,2,No,No,FY28-29,8,Future
2028-11-08,2028,11,Nov,2028-11,4,8,Wed,3,No,No,FY28-29,8,Future
2028-11-09,2028,11,Nov,2028-11,4,9,Thu,4,No,No,FY28-29,8,Future
2028-11-10,2028,11,Nov,2028-11,4,10,Fri,5,No,No,FY28-29,8,Future
2028-11-11,2028,11,Nov,2028-11,4,11,Sat,6,Yes,No,FY28-29,8,Future
2028-11-12,2028,11,Nov,2028-11,4,12,Sun,7,Yes,No,FY28-29,8,Future
2028-11-13,2028,11,Nov,2028-11,4,13,Mon,1,No,No,FY28-29,8,Future
2028-11-14,2028,11,Nov,2028-11,4,14,Tue,2,No,No,FY28-29,8,Future
2028-11-15,2028,11,Nov,2028-11,4,15,Wed,3,No,No,FY28-29,8,Future
2028-11-16,2028,11,Nov,2028-11,4,16,Thu,4,No,No,FY28-29,8,Future
2028-11-17,2028,11,Nov,2028-11,4,17,Fri,5,No,No,FY28-29,8,Future
2028-11-18,2028,11,Nov,2028-11,4,18,Sat,6,Yes,No,FY28-29,8,Future
2028-11-19,2028,11,Nov,2028-11,4,19,Sun,7,Yes,No,FY28-29,8,Future
2028-11-20,2028,11,Nov,2028-11,4,20,Mon,1,No,No,FY28-29,8,Future
2028-11-21,2028,11,Nov,2028-11,4,21,Tue,2,No,No,FY28-29,8,Future
2028-11-22,2028,11,Nov,2028-11,4,22,Wed,3,No,No,FY28-29,8,Future
2028-11-23,2028,11,Nov,2028-11,4,23,Thu,4,No,No,FY28-29,8,Future
2028-11-24,2028,11,Nov,2028-11,4,24,Fri,5,No,No,FY28-29,8,Future
2028-11-25,2028,11,Nov,2028-11,4,25,Sat,6,Yes,No,FY28-29,8,Future
2028-11-26,2028,11,Nov,2028-11,4,26,Sun,7,Yes,No,FY28-29,8,Future
2028-11-27,2028,11,Nov,2028-11,4,27,Mon,1,No,No,FY28-29,8,Future
2028-11-28,2028,11,Nov,2028-11,4,28,Tue,2,No,No,FY28-29,8,Future
2028-11-29,2028,11,Nov,2028-11,4,29,Wed,3,No,No,FY28-29,8,Future
2028-11-30,2028,11,Nov,2028-11,4,30,Thu,4,No,No,FY28-29,8,Future
2028-12-01,2028,12,Dec,2028-12,4,1,Fri,5,No,No,FY28-29,9,Future
2028-12-02,2028,12,Dec,2028-12,4,2,Sat,6,Yes,No,FY28-29,9,Future
2028-12-03,2028,12,Dec,2028-12,4,3,Sun,7,Yes,No,FY28-29,9,Future
2028-12-04,2028,12,Dec,2028-12,4,4,Mon,1,No,No,FY28-29,9,Future
2028-12-05,2028,12,Dec,2028-12,4,5,Tue,2,No,No,FY28-29,9,Future
2028-12-06,2028,12,Dec,2028-12,4,6,Wed,3,No,No,FY28-29,9,Future
2028-12-07,2028,12,Dec,2028-12,4,7,Thu,4,No,No,FY28-29,9,Future
2028-12-08,2028,12,Dec,2028-12,4,8,Fri,5,No,No,FY28-29,9,Future
2028-12-09,2028,12,Dec,2028-12,4,9,Sat,6,Yes,No,FY28-29,9,Future
2028-12-10,2028,12,Dec,2028-12,4,10,Sun,7,Yes,No,FY28-29,9,Future
2028-12-11,2028,12,Dec,2028-12,4,11,Mon,1,No,No,FY28-29,9,Future
2028-12-12,2028,12,Dec,2028-12,4,12,Tue,2,No,No,FY28-29,9,Future
2028-12-13,2028,12,Dec,2028-12,4,13,Wed,3,No,No,FY28-29,9,Future
2028-12-14,2028,12,Dec,2028-12,4,14,Thu,4,No,No,FY28-29,9,Future
2028-12-15,2028,12,Dec,2028-12,4,15,Fri,5,No,No,FY28-29,9,Future
2028-12-16,2028,12,Dec,2028-12,4,16,Sat,6,Yes,No,FY28-29,9,Future
2028-12-17,2028,12,Dec,2028-12,4,17,Sun,7,Yes,No,FY28-29,9,Future
2028-12-18,2028,12,Dec,2028-12,4,18,Mon,1,No,No,FY28-29,9,Future
2028-12-19,2028,12,Dec,2028-12,4,19,Tue,2,No,No,FY28-29,9,Future
2028-12-20,2028,12,Dec,2028-12,4,20,Wed,3,No,No,FY28-29,9,Future
2028-12-21,2028,12,Dec,2028-12,4,21,Thu,4,No,No,FY28-29,9,Future
2028-12-22,2028,12,Dec,2028-12,4,22,Fri,5,No,No,FY28-29,9,Future
2028-12-23,2028,12,Dec,2028-12,4,23,Sat,6,Yes,No,FY28-29,9,Future
2028-12-24,2028,12,Dec,2028-12,4,24,Sun,7,Yes,No,FY28-29,9,Future
2028-12-25,2028,12,Dec,2028-12,4,25,Mon,1,No,No,FY28-29,9,Future
2028-12-26,2028,12,Dec,2028-12,4,26,Tue,2,No,No,FY28-29,9,Future
2028-12-27,2028,12,Dec,2028-12,4,27,Wed,3,No,No,FY28-29,9,Future
2028-12-28,2028,12,Dec,2028-12,4,28,Thu,4,No,No,FY28-29,9,Future
2028-12-29,2028,12,Dec,2028-12,4,29,Fri,5,No,No,FY28-29,9,Future
2028-12-30,2028,12,Dec,2028-12,4,30,Sat,6,Yes,No,FY28-29,9,Future
2028-12-31,2028,12,Dec,2028-12,4,31,Sun,7,Yes,No,FY28-29,9,Future
