ResultID,WOID,MachineID,MachineName,ChecklistID,TaskNo,TaskDescription,TaskType,AcceptanceStandard,Mandatory,SafetyCritical,Result,MeasuredValue,Observation,TechID,RecordedDate,AbnormalityRaised
WO-00001-T01,WO-00001,MC-001,CNC Lathe TL-01,CL-CNC-TURN,1,Lock out / tag out verified before start,Safety,LOTO applied,Yes,Yes,OK,,,TECH-02,2024-09-06,No
WO-00001-T02,WO-00001,MC-001,CNC Lathe TL-01,CL-CNC-TURN,2,"Clean chip conveyor, coolant tank and chip tray",Cleaning,No chip accumulation,Yes,No,OK,,,TECH-02,2024-09-06,No
WO-00001-T03,WO-00001,MC-001,CNC Lathe TL-01,CL-CNC-TURN,3,Check coolant concentration,Measurement,6 - 9 %,Yes,No,OK,17.47,,TECH-02,2024-09-06,No
WO-00001-T04,WO-00001,MC-001,CNC Lathe TL-01,CL-CNC-TURN,4,Check way lube level and top up,Lubrication,Above MIN mark,Yes,No,OK,,,TECH-02,2024-09-06,No
WO-00001-T05,WO-00001,MC-001,CNC Lathe TL-01,CL-CNC-TURN,5,Inspect way covers and wipers for damage,Visual,No tear / no leak,Yes,No,OK,,,TECH-02,2024-09-06,No
WO-00001-T06,WO-00001,MC-001,CNC Lathe TL-01,CL-CNC-TURN,6,Spindle vibration check,Measurement,<= 2.8 mm/s RMS,Yes,No,OK,41.95,,TECH-02,2024-09-06,No
WO-00001-T07,WO-00001,MC-001,CNC Lathe TL-01,CL-CNC-TURN,7,Spindle temperature after 30 min run,Measurement,<= 55 deg C,Yes,No,OK,43.97,,TECH-02,2024-09-06,No
WO-00001-T08,WO-00001,MC-001,CNC Lathe TL-01,CL-CNC-TURN,8,Check hydraulic pressure,Measurement,35 - 40 bar,Yes,No,Not OK,47.11,Deviation observed - abnormality raised,TECH-02,2024-09-06,Yes
WO-00001-T09,WO-00001,MC-001,CNC Lathe TL-01,CL-CNC-TURN,9,Turret indexing time and repeatability,Measurement,<= 1.2 s,Yes,No,OK,39.88,,TECH-02,2024-09-06,No
WO-00001-T10,WO-00001,MC-001,CNC Lathe TL-01,CL-CNC-TURN,10,Tailstock / chuck clamping pressure,Measurement,18 - 22 bar,Yes,Yes,OK,29.46,,TECH-02,2024-09-06,No
WO-00001-T11,WO-00001,MC-001,CNC Lathe TL-01,CL-CNC-TURN,11,Check air filter / regulator / lubricator (FRL),Visual,"Bowl clean, no water",Yes,No,OK,,,TECH-02,2024-09-06,No
WO-00001-T12,WO-00001,MC-001,CNC Lathe TL-01,CL-CNC-TURN,12,Verify E-stop and door interlock function,Safety,Stops within 1 s,Yes,Yes,OK,,,TECH-02,2024-09-06,No
WO-00001-T13,WO-00001,MC-001,CNC Lathe TL-01,CL-CNC-TURN,13,Backlash check X and Z axis,Measurement,<= 0.01 mm,No,No,OK,11.8,,TECH-02,2024-09-06,No
WO-00001-T14,WO-00001,MC-001,CNC Lathe TL-01,CL-CNC-TURN,14,Electrical panel cleaning and terminal tightness,Electrical,"No dust, no loose lug",Yes,Yes,OK,,,TECH-02,2024-09-06,No
WO-00002-T01,WO-00002,MC-002,CNC Lathe TL-02,CL-CNC-TURN,1,Lock out / tag out verified before start,Safety,LOTO applied,Yes,Yes,OK,,,TECH-01,2024-09-13,No
WO-00002-T02,WO-00002,MC-002,CNC Lathe TL-02,CL-CNC-TURN,2,"Clean chip conveyor, coolant tank and chip tray",Cleaning,No chip accumulation,Yes,No,OK,,,TECH-01,2024-09-13,No
WO-00002-T03,WO-00002,MC-002,CNC Lathe TL-02,CL-CNC-TURN,3,Check coolant concentration,Measurement,6 - 9 %,Yes,No,OK,3.48,,TECH-01,2024-09-13,No
WO-00002-T04,WO-00002,MC-002,CNC Lathe TL-02,CL-CNC-TURN,4,Check way lube level and top up,Lubrication,Above MIN mark,Yes,No,OK,,,TECH-01,2024-09-13,No
WO-00002-T05,WO-00002,MC-002,CNC Lathe TL-02,CL-CNC-TURN,5,Inspect way covers and wipers for damage,Visual,No tear / no leak,Yes,No,OK,,,TECH-01,2024-09-13,No
WO-00002-T06,WO-00002,MC-002,CNC Lathe TL-02,CL-CNC-TURN,6,Spindle vibration check,Measurement,<= 2.8 mm/s RMS,Yes,No,OK,28.87,,TECH-01,2024-09-13,No
WO-00002-T07,WO-00002,MC-002,CNC Lathe TL-02,CL-CNC-TURN,7,Spindle temperature after 30 min run,Measurement,<= 55 deg C,Yes,No,OK,55.2,,TECH-01,2024-09-13,No
WO-00002-T08,WO-00002,MC-002,CNC Lathe TL-02,CL-CNC-TURN,8,Check hydraulic pressure,Measurement,35 - 40 bar,Yes,No,OK,32.1,,TECH-01,2024-09-13,No
WO-00002-T09,WO-00002,MC-002,CNC Lathe TL-02,CL-CNC-TURN,9,Turret indexing time and repeatability,Measurement,<= 1.2 s,Yes,No,OK,3.88,,TECH-01,2024-09-13,No
WO-00002-T10,WO-00002,MC-002,CNC Lathe TL-02,CL-CNC-TURN,10,Tailstock / chuck clamping pressure,Measurement,18 - 22 bar,Yes,Yes,OK,30.72,,TECH-01,2024-09-13,No
WO-00002-T11,WO-00002,MC-002,CNC Lathe TL-02,CL-CNC-TURN,11,Check air filter / regulator / lubricator (FRL),Visual,"Bowl clean, no water",Yes,No,OK,,,TECH-01,2024-09-13,No
WO-00002-T12,WO-00002,MC-002,CNC Lathe TL-02,CL-CNC-TURN,12,Verify E-stop and door interlock function,Safety,Stops within 1 s,Yes,Yes,OK,,,TECH-01,2024-09-13,No
WO-00002-T13,WO-00002,MC-002,CNC Lathe TL-02,CL-CNC-TURN,13,Backlash check X and Z axis,Measurement,<= 0.01 mm,No,No,OK,51.15,,TECH-01,2024-09-13,No
WO-00002-T14,WO-00002,MC-002,CNC Lathe TL-02,CL-CNC-TURN,14,Electrical panel cleaning and terminal tightness,Electrical,"No dust, no loose lug",Yes,Yes,OK,,,TECH-01,2024-09-13,No
WO-00003-T01,WO-00003,MC-003,CNC Lathe TL-03,CL-CNC-TURN,1,Lock out / tag out verified before start,Safety,LOTO applied,Yes,Yes,OK,,,TECH-03,2024-09-15,No
WO-00003-T02,WO-00003,MC-003,CNC Lathe TL-03,CL-CNC-TURN,2,"Clean chip conveyor, coolant tank and chip tray",Cleaning,No chip accumulation,Yes,No,OK,,,TECH-03,2024-09-15,No
WO-00003-T03,WO-00003,MC-003,CNC Lathe TL-03,CL-CNC-TURN,3,Check coolant concentration,Measurement,6 - 9 %,Yes,No,OK,34.95,,TECH-03,2024-09-15,No
WO-00003-T04,WO-00003,MC-003,CNC Lathe TL-03,CL-CNC-TURN,4,Check way lube level and top up,Lubrication,Above MIN mark,Yes,No,Not OK,,Deviation observed - abnormality raised,TECH-03,2024-09-15,Yes
WO-00003-T05,WO-00003,MC-003,CNC Lathe TL-03,CL-CNC-TURN,5,Inspect way covers and wipers for damage,Visual,No tear / no leak,Yes,No,OK,,,TECH-03,2024-09-15,No
WO-00003-T06,WO-00003,MC-003,CNC Lathe TL-03,CL-CNC-TURN,6,Spindle vibration check,Measurement,<= 2.8 mm/s RMS,Yes,No,OK,2.86,,TECH-03,2024-09-15,No
WO-00003-T07,WO-00003,MC-003,CNC Lathe TL-03,CL-CNC-TURN,7,Spindle temperature after 30 min run,Measurement,<= 55 deg C,Yes,No,OK,5.38,,TECH-03,2024-09-15,No
WO-00003-T08,WO-00003,MC-003,CNC Lathe TL-03,CL-CNC-TURN,8,Check hydraulic pressure,Measurement,35 - 40 bar,Yes,No,OK,39.61,,TECH-03,2024-09-15,No
WO-00003-T09,WO-00003,MC-003,CNC Lathe TL-03,CL-CNC-TURN,9,Turret indexing time and repeatability,Measurement,<= 1.2 s,Yes,No,OK,34.13,,TECH-03,2024-09-15,No
WO-00003-T10,WO-00003,MC-003,CNC Lathe TL-03,CL-CNC-TURN,10,Tailstock / chuck clamping pressure,Measurement,18 - 22 bar,Yes,Yes,Not OK,19.32,Deviation observed - abnormality raised,TECH-03,2024-09-15,Yes
WO-00003-T11,WO-00003,MC-003,CNC Lathe TL-03,CL-CNC-TURN,11,Check air filter / regulator / lubricator (FRL),Visual,"Bowl clean, no water",Yes,No,OK,,,TECH-03,2024-09-15,No
WO-00003-T12,WO-00003,MC-003,CNC Lathe TL-03,CL-CNC-TURN,12,Verify E-stop and door interlock function,Safety,Stops within 1 s,Yes,Yes,OK,,,TECH-03,2024-09-15,No
WO-00003-T13,WO-00003,MC-003,CNC Lathe TL-03,CL-CNC-TURN,13,Backlash check X and Z axis,Measurement,<= 0.01 mm,No,No,OK,16.02,,TECH-03,2024-09-15,No
WO-00003-T14,WO-00003,MC-003,CNC Lathe TL-03,CL-CNC-TURN,14,Electrical panel cleaning and terminal tightness,Electrical,"No dust, no loose lug",Yes,Yes,OK,,,TECH-03,2024-09-15,No
WO-00004-T01,WO-00004,MC-004,Bar Feeder BF-01,CL-UTIL,1,Lock out / tag out verified before start,Safety,LOTO applied,Yes,Yes,OK,,,TECH-02,2024-09-20,No
WO-00004-T02,WO-00004,MC-004,Bar Feeder BF-01,CL-UTIL,2,General cleaning and housekeeping,Cleaning,No debris,Yes,No,OK,,,TECH-02,2024-09-20,No
WO-00004-T03,WO-00004,MC-004,Bar Feeder BF-01,CL-UTIL,3,Belt / chain tension and alignment,Measurement,As per OEM,Yes,No,OK,18.35,,TECH-02,2024-09-20,No
WO-00004-T04,WO-00004,MC-004,Bar Feeder BF-01,CL-UTIL,4,Bearing greasing as per lube chart,Lubrication,All points,Yes,No,OK,,,TECH-02,2024-09-20,No
WO-00004-T05,WO-00004,MC-004,Bar Feeder BF-01,CL-UTIL,5,Motor current and vibration check,Measurement,"<= FLC, <= 4.5 mm/s",Yes,No,OK,19.31,,TECH-02,2024-09-20,No
WO-00004-T06,WO-00004,MC-004,Bar Feeder BF-01,CL-UTIL,6,Air / oil filter condition,Visual,Clean or replace,Yes,No,OK,,,TECH-02,2024-09-20,No
WO-00004-T07,WO-00004,MC-004,Bar Feeder BF-01,CL-UTIL,7,Condensate drain and moisture trap,Cleaning,Free draining,Yes,No,OK,,,TECH-02,2024-09-20,No
WO-00004-T08,WO-00004,MC-004,Bar Feeder BF-01,CL-UTIL,8,Safety guard and E-stop check,Safety,Functional,Yes,Yes,OK,,,TECH-02,2024-09-20,No
WO-00004-T09,WO-00004,MC-004,Bar Feeder BF-01,CL-UTIL,9,Electrical panel cleaning and terminal tightness,Electrical,"No dust, no loose lug",Yes,Yes,OK,,,TECH-02,2024-09-20,No
WO-00005-T01,WO-00005,MC-005,Chip Conveyor CC-01,CL-UTIL,1,Lock out / tag out verified before start,Safety,LOTO applied,Yes,Yes,OK,,,TECH-01,2024-09-27,No
WO-00005-T02,WO-00005,MC-005,Chip Conveyor CC-01,CL-UTIL,2,General cleaning and housekeeping,Cleaning,No debris,Yes,No,OK,,,TECH-01,2024-09-27,No
WO-00005-T03,WO-00005,MC-005,Chip Conveyor CC-01,CL-UTIL,3,Belt / chain tension and alignment,Measurement,As per OEM,Yes,No,OK,13.18,,TECH-01,2024-09-27,No
WO-00005-T04,WO-00005,MC-005,Chip Conveyor CC-01,CL-UTIL,4,Bearing greasing as per lube chart,Lubrication,All points,Yes,No,OK,,,TECH-01,2024-09-27,No
WO-00005-T05,WO-00005,MC-005,Chip Conveyor CC-01,CL-UTIL,5,Motor current and vibration check,Measurement,"<= FLC, <= 4.5 mm/s",Yes,No,OK,16.28,,TECH-01,2024-09-27,No
WO-00005-T06,WO-00005,MC-005,Chip Conveyor CC-01,CL-UTIL,6,Air / oil filter condition,Visual,Clean or replace,Yes,No,OK,,,TECH-01,2024-09-27,No
WO-00005-T07,WO-00005,MC-005,Chip Conveyor CC-01,CL-UTIL,7,Condensate drain and moisture trap,Cleaning,Free draining,Yes,No,OK,,,TECH-01,2024-09-27,No
WO-00005-T08,WO-00005,MC-005,Chip Conveyor CC-01,CL-UTIL,8,Safety guard and E-stop check,Safety,Functional,Yes,Yes,OK,,,TECH-01,2024-09-27,No
WO-00005-T09,WO-00005,MC-005,Chip Conveyor CC-01,CL-UTIL,9,Electrical panel cleaning and terminal tightness,Electrical,"No dust, no loose lug",Yes,Yes,OK,,,TECH-01,2024-09-27,No
WO-00006-T01,WO-00006,MC-001,CNC Lathe TL-01,CL-CNC-TURN,1,Lock out / tag out verified before start,Safety,LOTO applied,Yes,Yes,OK,,,TECH-01,2025-01-05,No
WO-00006-T02,WO-00006,MC-001,CNC Lathe TL-01,CL-CNC-TURN,2,"Clean chip conveyor, coolant tank and chip tray",Cleaning,No chip accumulation,Yes,No,OK,,,TECH-01,2025-01-05,No
WO-00006-T03,WO-00006,MC-001,CNC Lathe TL-01,CL-CNC-TURN,3,Check coolant concentration,Measurement,6 - 9 %,Yes,No,OK,50.11,,TECH-01,2025-01-05,No
WO-00006-T04,WO-00006,MC-001,CNC Lathe TL-01,CL-CNC-TURN,4,Check way lube level and top up,Lubrication,Above MIN mark,Yes,No,OK,,,TECH-01,2025-01-05,No
WO-00006-T05,WO-00006,MC-001,CNC Lathe TL-01,CL-CNC-TURN,5,Inspect way covers and wipers for damage,Visual,No tear / no leak,Yes,No,OK,,,TECH-01,2025-01-05,No
WO-00006-T06,WO-00006,MC-001,CNC Lathe TL-01,CL-CNC-TURN,6,Spindle vibration check,Measurement,<= 2.8 mm/s RMS,Yes,No,OK,42.36,,TECH-01,2025-01-05,No
WO-00006-T07,WO-00006,MC-001,CNC Lathe TL-01,CL-CNC-TURN,7,Spindle temperature after 30 min run,Measurement,<= 55 deg C,Yes,No,OK,36.89,,TECH-01,2025-01-05,No
WO-00006-T08,WO-00006,MC-001,CNC Lathe TL-01,CL-CNC-TURN,8,Check hydraulic pressure,Measurement,35 - 40 bar,Yes,No,OK,59.24,,TECH-01,2025-01-05,No
WO-00006-T09,WO-00006,MC-001,CNC Lathe TL-01,CL-CNC-TURN,9,Turret indexing time and repeatability,Measurement,<= 1.2 s,Yes,No,OK,39.41,,TECH-01,2025-01-05,No
WO-00006-T10,WO-00006,MC-001,CNC Lathe TL-01,CL-CNC-TURN,10,Tailstock / chuck clamping pressure,Measurement,18 - 22 bar,Yes,Yes,OK,0.97,,TECH-01,2025-01-05,No
WO-00006-T11,WO-00006,MC-001,CNC Lathe TL-01,CL-CNC-TURN,11,Check air filter / regulator / lubricator (FRL),Visual,"Bowl clean, no water",Yes,No,OK,,,TECH-01,2025-01-05,No
WO-00006-T12,WO-00006,MC-001,CNC Lathe TL-01,CL-CNC-TURN,12,Verify E-stop and door interlock function,Safety,Stops within 1 s,Yes,Yes,OK,,,TECH-01,2025-01-05,No
WO-00006-T13,WO-00006,MC-001,CNC Lathe TL-01,CL-CNC-TURN,13,Backlash check X and Z axis,Measurement,<= 0.01 mm,No,No,OK,49.12,,TECH-01,2025-01-05,No
WO-00006-T14,WO-00006,MC-001,CNC Lathe TL-01,CL-CNC-TURN,14,Electrical panel cleaning and terminal tightness,Electrical,"No dust, no loose lug",Yes,Yes,OK,,,TECH-01,2025-01-05,No
WO-00007-T01,WO-00007,MC-002,CNC Lathe TL-02,CL-CNC-TURN,1,Lock out / tag out verified before start,Safety,LOTO applied,Yes,Yes,OK,,,TECH-03,2025-01-09,No
WO-00007-T02,WO-00007,MC-002,CNC Lathe TL-02,CL-CNC-TURN,2,"Clean chip conveyor, coolant tank and chip tray",Cleaning,No chip accumulation,Yes,No,OK,,,TECH-03,2025-01-09,No
WO-00007-T03,WO-00007,MC-002,CNC Lathe TL-02,CL-CNC-TURN,3,Check coolant concentration,Measurement,6 - 9 %,Yes,No,OK,33.42,,TECH-03,2025-01-09,No
WO-00007-T04,WO-00007,MC-002,CNC Lathe TL-02,CL-CNC-TURN,4,Check way lube level and top up,Lubrication,Above MIN mark,Yes,No,OK,,,TECH-03,2025-01-09,No
WO-00007-T05,WO-00007,MC-002,CNC Lathe TL-02,CL-CNC-TURN,5,Inspect way covers and wipers for damage,Visual,No tear / no leak,Yes,No,OK,,,TECH-03,2025-01-09,No
WO-00007-T06,WO-00007,MC-002,CNC Lathe TL-02,CL-CNC-TURN,6,Spindle vibration check,Measurement,<= 2.8 mm/s RMS,Yes,No,OK,16.7,,TECH-03,2025-01-09,No
WO-00007-T07,WO-00007,MC-002,CNC Lathe TL-02,CL-CNC-TURN,7,Spindle temperature after 30 min run,Measurement,<= 55 deg C,Yes,No,OK,36.49,,TECH-03,2025-01-09,No
WO-00007-T08,WO-00007,MC-002,CNC Lathe TL-02,CL-CNC-TURN,8,Check hydraulic pressure,Measurement,35 - 40 bar,Yes,No,OK,43.2,,TECH-03,2025-01-09,No
WO-00007-T09,WO-00007,MC-002,CNC Lathe TL-02,CL-CNC-TURN,9,Turret indexing time and repeatability,Measurement,<= 1.2 s,Yes,No,OK,12.61,,TECH-03,2025-01-09,No
WO-00007-T10,WO-00007,MC-002,CNC Lathe TL-02,CL-CNC-TURN,10,Tailstock / chuck clamping pressure,Measurement,18 - 22 bar,Yes,Yes,OK,38.24,,TECH-03,2025-01-09,No
WO-00007-T11,WO-00007,MC-002,CNC Lathe TL-02,CL-CNC-TURN,11,Check air filter / regulator / lubricator (FRL),Visual,"Bowl clean, no water",Yes,No,OK,,,TECH-03,2025-01-09,No
WO-00007-T12,WO-00007,MC-002,CNC Lathe TL-02,CL-CNC-TURN,12,Verify E-stop and door interlock function,Safety,Stops within 1 s,Yes,Yes,Not OK,,Deviation observed - abnormality raised,TECH-03,2025-01-09,Yes
WO-00007-T13,WO-00007,MC-002,CNC Lathe TL-02,CL-CNC-TURN,13,Backlash check X and Z axis,Measurement,<= 0.01 mm,No,No,OK,16.21,,TECH-03,2025-01-09,No
WO-00007-T14,WO-00007,MC-002,CNC Lathe TL-02,CL-CNC-TURN,14,Electrical panel cleaning and terminal tightness,Electrical,"No dust, no loose lug",Yes,Yes,OK,,,TECH-03,2025-01-09,No
WO-00008-T01,WO-00008,MC-003,CNC Lathe TL-03,CL-CNC-TURN,1,Lock out / tag out verified before start,Safety,LOTO applied,Yes,Yes,OK,,,TECH-02,2025-02-01,No
WO-00008-T02,WO-00008,MC-003,CNC Lathe TL-03,CL-CNC-TURN,2,"Clean chip conveyor, coolant tank and chip tray",Cleaning,No chip accumulation,Yes,No,OK,,,TECH-02,2025-02-01,No
WO-00008-T03,WO-00008,MC-003,CNC Lathe TL-03,CL-CNC-TURN,3,Check coolant concentration,Measurement,6 - 9 %,Yes,No,OK,16.96,,TECH-02,2025-02-01,No
WO-00008-T04,WO-00008,MC-003,CNC Lathe TL-03,CL-CNC-TURN,4,Check way lube level and top up,Lubrication,Above MIN mark,Yes,No,OK,,,TECH-02,2025-02-01,No
WO-00008-T05,WO-00008,MC-003,CNC Lathe TL-03,CL-CNC-TURN,5,Inspect way covers and wipers for damage,Visual,No tear / no leak,Yes,No,OK,,,TECH-02,2025-02-01,No
WO-00008-T06,WO-00008,MC-003,CNC Lathe TL-03,CL-CNC-TURN,6,Spindle vibration check,Measurement,<= 2.8 mm/s RMS,Yes,No,OK,0.71,,TECH-02,2025-02-01,No
WO-00008-T07,WO-00008,MC-003,CNC Lathe TL-03,CL-CNC-TURN,7,Spindle temperature after 30 min run,Measurement,<= 55 deg C,Yes,No,OK,46.38,,TECH-02,2025-02-01,No
WO-00008-T08,WO-00008,MC-003,CNC Lathe TL-03,CL-CNC-TURN,8,Check hydraulic pressure,Measurement,35 - 40 bar,Yes,No,OK,38.41,,TECH-02,2025-02-01,No
WO-00008-T09,WO-00008,MC-003,CNC Lathe TL-03,CL-CNC-TURN,9,Turret indexing time and repeatability,Measurement,<= 1.2 s,Yes,No,OK,16.09,,TECH-02,2025-02-01,No
WO-00008-T10,WO-00008,MC-003,CNC Lathe TL-03,CL-CNC-TURN,10,Tailstock / chuck clamping pressure,Measurement,18 - 22 bar,Yes,Yes,OK,44.6,,TECH-02,2025-02-01,No
WO-00008-T11,WO-00008,MC-003,CNC Lathe TL-03,CL-CNC-TURN,11,Check air filter / regulator / lubricator (FRL),Visual,"Bowl clean, no water",Yes,No,OK,,,TECH-02,2025-02-01,No
WO-00008-T12,WO-00008,MC-003,CNC Lathe TL-03,CL-CNC-TURN,12,Verify E-stop and door interlock function,Safety,Stops within 1 s,Yes,Yes,OK,,,TECH-02,2025-02-01,No
WO-00008-T13,WO-00008,MC-003,CNC Lathe TL-03,CL-CNC-TURN,13,Backlash check X and Z axis,Measurement,<= 0.01 mm,No,No,OK,33.32,,TECH-02,2025-02-01,No
WO-00008-T14,WO-00008,MC-003,CNC Lathe TL-03,CL-CNC-TURN,14,Electrical panel cleaning and terminal tightness,Electrical,"No dust, no loose lug",Yes,Yes,OK,,,TECH-02,2025-02-01,No
WO-00009-T01,WO-00009,MC-004,Bar Feeder BF-01,CL-UTIL,1,Lock out / tag out verified before start,Safety,LOTO applied,Yes,Yes,OK,,,TECH-01,2025-01-20,No
WO-00009-T02,WO-00009,MC-004,Bar Feeder BF-01,CL-UTIL,2,General cleaning and housekeeping,Cleaning,No debris,Yes,No,OK,,,TECH-01,2025-01-20,No
WO-00009-T03,WO-00009,MC-004,Bar Feeder BF-01,CL-UTIL,3,Belt / chain tension and alignment,Measurement,As per OEM,Yes,No,OK,9.37,,TECH-01,2025-01-20,No
WO-00009-T04,WO-00009,MC-004,Bar Feeder BF-01,CL-UTIL,4,Bearing greasing as per lube chart,Lubrication,All points,Yes,No,OK,,,TECH-01,2025-01-20,No
WO-00009-T05,WO-00009,MC-004,Bar Feeder BF-01,CL-UTIL,5,Motor current and vibration check,Measurement,"<= FLC, <= 4.5 mm/s",Yes,No,OK,2.64,,TECH-01,2025-01-20,No
WO-00009-T06,WO-00009,MC-004,Bar Feeder BF-01,CL-UTIL,6,Air / oil filter condition,Visual,Clean or replace,Yes,No,OK,,,TECH-01,2025-01-20,No
WO-00009-T07,WO-00009,MC-004,Bar Feeder BF-01,CL-UTIL,7,Condensate drain and moisture trap,Cleaning,Free draining,Yes,No,OK,,,TECH-01,2025-01-20,No
WO-00009-T08,WO-00009,MC-004,Bar Feeder BF-01,CL-UTIL,8,Safety guard and E-stop check,Safety,Functional,Yes,Yes,OK,,,TECH-01,2025-01-20,No
WO-00009-T09,WO-00009,MC-004,Bar Feeder BF-01,CL-UTIL,9,Electrical panel cleaning and terminal tightness,Electrical,"No dust, no loose lug",Yes,Yes,OK,,,TECH-01,2025-01-20,No
WO-00010-T01,WO-00010,MC-005,Chip Conveyor CC-01,CL-UTIL,1,Lock out / tag out verified before start,Safety,LOTO applied,Yes,Yes,OK,,,TECH-03,2025-01-29,No
WO-00010-T02,WO-00010,MC-005,Chip Conveyor CC-01,CL-UTIL,2,General cleaning and housekeeping,Cleaning,No debris,Yes,No,OK,,,TECH-03,2025-01-29,No
WO-00010-T03,WO-00010,MC-005,Chip Conveyor CC-01,CL-UTIL,3,Belt / chain tension and alignment,Measurement,As per OEM,Yes,No,OK,53.99,,TECH-03,2025-01-29,No
WO-00010-T04,WO-00010,MC-005,Chip Conveyor CC-01,CL-UTIL,4,Bearing greasing as per lube chart,Lubrication,All points,Yes,No,OK,,,TECH-03,2025-01-29,No
WO-00010-T05,WO-00010,MC-005,Chip Conveyor CC-01,CL-UTIL,5,Motor current and vibration check,Measurement,"<= FLC, <= 4.5 mm/s",Yes,No,OK,47.87,,TECH-03,2025-01-29,No
WO-00010-T06,WO-00010,MC-005,Chip Conveyor CC-01,CL-UTIL,6,Air / oil filter condition,Visual,Clean or replace,Yes,No,OK,,,TECH-03,2025-01-29,No
WO-00010-T07,WO-00010,MC-005,Chip Conveyor CC-01,CL-UTIL,7,Condensate drain and moisture trap,Cleaning,Free draining,Yes,No,OK,,,TECH-03,2025-01-29,No
WO-00010-T08,WO-00010,MC-005,Chip Conveyor CC-01,CL-UTIL,8,Safety guard and E-stop check,Safety,Functional,Yes,Yes,OK,,,TECH-03,2025-01-29,No
WO-00010-T09,WO-00010,MC-005,Chip Conveyor CC-01,CL-UTIL,9,Electrical panel cleaning and terminal tightness,Electrical,"No dust, no loose lug",Yes,Yes,OK,,,TECH-03,2025-01-29,No
WO-00011-T01,WO-00011,MC-001,CNC Lathe TL-01,CL-CNC-TURN,1,Lock out / tag out verified before start,Safety,LOTO applied,Yes,Yes,OK,,,TECH-03,2025-04-03,No
WO-00011-T02,WO-00011,MC-001,CNC Lathe TL-01,CL-CNC-TURN,2,"Clean chip conveyor, coolant tank and chip tray",Cleaning,No chip accumulation,Yes,No,OK,,,TECH-03,2025-04-03,No
WO-00011-T03,WO-00011,MC-001,CNC Lathe TL-01,CL-CNC-TURN,3,Check coolant concentration,Measurement,6 - 9 %,Yes,No,OK,33.81,,TECH-03,2025-04-03,No
WO-00011-T04,WO-00011,MC-001,CNC Lathe TL-01,CL-CNC-TURN,4,Check way lube level and top up,Lubrication,Above MIN mark,Yes,No,OK,,,TECH-03,2025-04-03,No
WO-00011-T05,WO-00011,MC-001,CNC Lathe TL-01,CL-CNC-TURN,5,Inspect way covers and wipers for damage,Visual,No tear / no leak,Yes,No,OK,,,TECH-03,2025-04-03,No
WO-00011-T06,WO-00011,MC-001,CNC Lathe TL-01,CL-CNC-TURN,6,Spindle vibration check,Measurement,<= 2.8 mm/s RMS,Yes,No,OK,52.55,,TECH-03,2025-04-03,No
WO-00011-T07,WO-00011,MC-001,CNC Lathe TL-01,CL-CNC-TURN,7,Spindle temperature after 30 min run,Measurement,<= 55 deg C,Yes,No,OK,58.44,,TECH-03,2025-04-03,No
WO-00011-T08,WO-00011,MC-001,CNC Lathe TL-01,CL-CNC-TURN,8,Check hydraulic pressure,Measurement,35 - 40 bar,Yes,No,OK,45.09,,TECH-03,2025-04-03,No
WO-00011-T09,WO-00011,MC-001,CNC Lathe TL-01,CL-CNC-TURN,9,Turret indexing time and repeatability,Measurement,<= 1.2 s,Yes,No,OK,55.58,,TECH-03,2025-04-03,No
WO-00011-T10,WO-00011,MC-001,CNC Lathe TL-01,CL-CNC-TURN,10,Tailstock / chuck clamping pressure,Measurement,18 - 22 bar,Yes,Yes,OK,14.59,,TECH-03,2025-04-03,No
WO-00011-T11,WO-00011,MC-001,CNC Lathe TL-01,CL-CNC-TURN,11,Check air filter / regulator / lubricator (FRL),Visual,"Bowl clean, no water",Yes,No,OK,,,TECH-03,2025-04-03,No
WO-00011-T12,WO-00011,MC-001,CNC Lathe TL-01,CL-CNC-TURN,12,Verify E-stop and door interlock function,Safety,Stops within 1 s,Yes,Yes,OK,,,TECH-03,2025-04-03,No
WO-00011-T13,WO-00011,MC-001,CNC Lathe TL-01,CL-CNC-TURN,13,Backlash check X and Z axis,Measurement,<= 0.01 mm,No,No,OK,10.17,,TECH-03,2025-04-03,No
WO-00011-T14,WO-00011,MC-001,CNC Lathe TL-01,CL-CNC-TURN,14,Electrical panel cleaning and terminal tightness,Electrical,"No dust, no loose lug",Yes,Yes,OK,,,TECH-03,2025-04-03,No
WO-00012-T01,WO-00012,MC-002,CNC Lathe TL-02,CL-CNC-TURN,1,Lock out / tag out verified before start,Safety,LOTO applied,Yes,Yes,OK,,,TECH-02,2025-04-09,No
WO-00012-T02,WO-00012,MC-002,CNC Lathe TL-02,CL-CNC-TURN,2,"Clean chip conveyor, coolant tank and chip tray",Cleaning,No chip accumulation,Yes,No,OK,,,TECH-02,2025-04-09,No
WO-00012-T03,WO-00012,MC-002,CNC Lathe TL-02,CL-CNC-TURN,3,Check coolant concentration,Measurement,6 - 9 %,Yes,No,OK,55.88,,TECH-02,2025-04-09,No
WO-00012-T04,WO-00012,MC-002,CNC Lathe TL-02,CL-CNC-TURN,4,Check way lube level and top up,Lubrication,Above MIN mark,Yes,No,OK,,,TECH-02,2025-04-09,No
WO-00012-T05,WO-00012,MC-002,CNC Lathe TL-02,CL-CNC-TURN,5,Inspect way covers and wipers for damage,Visual,No tear / no leak,Yes,No,OK,,,TECH-02,2025-04-09,No
WO-00012-T06,WO-00012,MC-002,CNC Lathe TL-02,CL-CNC-TURN,6,Spindle vibration check,Measurement,<= 2.8 mm/s RMS,Yes,No,OK,48.23,,TECH-02,2025-04-09,No
WO-00012-T07,WO-00012,MC-002,CNC Lathe TL-02,CL-CNC-TURN,7,Spindle temperature after 30 min run,Measurement,<= 55 deg C,Yes,No,OK,51.91,,TECH-02,2025-04-09,No
WO-00012-T08,WO-00012,MC-002,CNC Lathe TL-02,CL-CNC-TURN,8,Check hydraulic pressure,Measurement,35 - 40 bar,Yes,No,OK,48.74,,TECH-02,2025-04-09,No
WO-00012-T09,WO-00012,MC-002,CNC Lathe TL-02,CL-CNC-TURN,9,Turret indexing time and repeatability,Measurement,<= 1.2 s,Yes,No,OK,16.37,,TECH-02,2025-04-09,No
WO-00012-T10,WO-00012,MC-002,CNC Lathe TL-02,CL-CNC-TURN,10,Tailstock / chuck clamping pressure,Measurement,18 - 22 bar,Yes,Yes,OK,47.35,,TECH-02,2025-04-09,No
WO-00012-T11,WO-00012,MC-002,CNC Lathe TL-02,CL-CNC-TURN,11,Check air filter / regulator / lubricator (FRL),Visual,"Bowl clean, no water",Yes,No,OK,,,TECH-02,2025-04-09,No
WO-00012-T12,WO-00012,MC-002,CNC Lathe TL-02,CL-CNC-TURN,12,Verify E-stop and door interlock function,Safety,Stops within 1 s,Yes,Yes,OK,,,TECH-02,2025-04-09,No
WO-00012-T13,WO-00012,MC-002,CNC Lathe TL-02,CL-CNC-TURN,13,Backlash check X and Z axis,Measurement,<= 0.01 mm,No,No,OK,6.93,,TECH-02,2025-04-09,No
WO-00012-T14,WO-00012,MC-002,CNC Lathe TL-02,CL-CNC-TURN,14,Electrical panel cleaning and terminal tightness,Electrical,"No dust, no loose lug",Yes,Yes,OK,,,TECH-02,2025-04-09,No
WO-00013-T01,WO-00013,MC-003,CNC Lathe TL-03,CL-CNC-TURN,1,Lock out / tag out verified before start,Safety,LOTO applied,Yes,Yes,OK,,,TECH-01,2025-04-15,No
WO-00013-T02,WO-00013,MC-003,CNC Lathe TL-03,CL-CNC-TURN,2,"Clean chip conveyor, coolant tank and chip tray",Cleaning,No chip accumulation,Yes,No,OK,,,TECH-01,2025-04-15,No
WO-00013-T03,WO-00013,MC-003,CNC Lathe TL-03,CL-CNC-TURN,3,Check coolant concentration,Measurement,6 - 9 %,Yes,No,OK,18.66,,TECH-01,2025-04-15,No
WO-00013-T04,WO-00013,MC-003,CNC Lathe TL-03,CL-CNC-TURN,4,Check way lube level and top up,Lubrication,Above MIN mark,Yes,No,OK,,,TECH-01,2025-04-15,No
WO-00013-T05,WO-00013,MC-003,CNC Lathe TL-03,CL-CNC-TURN,5,Inspect way covers and wipers for damage,Visual,No tear / no leak,Yes,No,OK,,,TECH-01,2025-04-15,No
WO-00013-T06,WO-00013,MC-003,CNC Lathe TL-03,CL-CNC-TURN,6,Spindle vibration check,Measurement,<= 2.8 mm/s RMS,Yes,No,OK,47.82,,TECH-01,2025-04-15,No
WO-00013-T07,WO-00013,MC-003,CNC Lathe TL-03,CL-CNC-TURN,7,Spindle temperature after 30 min run,Measurement,<= 55 deg C,Yes,No,OK,14.04,,TECH-01,2025-04-15,No
WO-00013-T08,WO-00013,MC-003,CNC Lathe TL-03,CL-CNC-TURN,8,Check hydraulic pressure,Measurement,35 - 40 bar,Yes,No,OK,1.91,,TECH-01,2025-04-15,No
WO-00013-T09,WO-00013,MC-003,CNC Lathe TL-03,CL-CNC-TURN,9,Turret indexing time and repeatability,Measurement,<= 1.2 s,Yes,No,OK,11.99,,TECH-01,2025-04-15,No
WO-00013-T10,WO-00013,MC-003,CNC Lathe TL-03,CL-CNC-TURN,10,Tailstock / chuck clamping pressure,Measurement,18 - 22 bar,Yes,Yes,OK,20.03,,TECH-01,2025-04-15,No
WO-00013-T11,WO-00013,MC-003,CNC Lathe TL-03,CL-CNC-TURN,11,Check air filter / regulator / lubricator (FRL),Visual,"Bowl clean, no water",Yes,No,OK,,,TECH-01,2025-04-15,No
WO-00013-T12,WO-00013,MC-003,CNC Lathe TL-03,CL-CNC-TURN,12,Verify E-stop and door interlock function,Safety,Stops within 1 s,Yes,Yes,OK,,,TECH-01,2025-04-15,No
WO-00013-T13,WO-00013,MC-003,CNC Lathe TL-03,CL-CNC-TURN,13,Backlash check X and Z axis,Measurement,<= 0.01 mm,No,No,OK,51.93,,TECH-01,2025-04-15,No
WO-00013-T14,WO-00013,MC-003,CNC Lathe TL-03,CL-CNC-TURN,14,Electrical panel cleaning and terminal tightness,Electrical,"No dust, no loose lug",Yes,Yes,OK,,,TECH-01,2025-04-15,No
WO-00014-T01,WO-00014,MC-004,Bar Feeder BF-01,CL-UTIL,1,Lock out / tag out verified before start,Safety,LOTO applied,Yes,Yes,OK,,,TECH-03,2025-04-23,No
WO-00014-T02,WO-00014,MC-004,Bar Feeder BF-01,CL-UTIL,2,General cleaning and housekeeping,Cleaning,No debris,Yes,No,OK,,,TECH-03,2025-04-23,No
WO-00014-T03,WO-00014,MC-004,Bar Feeder BF-01,CL-UTIL,3,Belt / chain tension and alignment,Measurement,As per OEM,Yes,No,OK,56.38,,TECH-03,2025-04-23,No
WO-00014-T04,WO-00014,MC-004,Bar Feeder BF-01,CL-UTIL,4,Bearing greasing as per lube chart,Lubrication,All points,Yes,No,OK,,,TECH-03,2025-04-23,No
WO-00014-T05,WO-00014,MC-004,Bar Feeder BF-01,CL-UTIL,5,Motor current and vibration check,Measurement,"<= FLC, <= 4.5 mm/s",Yes,No,OK,7.36,,TECH-03,2025-04-23,No
WO-00014-T06,WO-00014,MC-004,Bar Feeder BF-01,CL-UTIL,6,Air / oil filter condition,Visual,Clean or replace,Yes,No,Not OK,,Deviation observed - abnormality raised,TECH-03,2025-04-23,Yes
WO-00014-T07,WO-00014,MC-004,Bar Feeder BF-01,CL-UTIL,7,Condensate drain and moisture trap,Cleaning,Free draining,Yes,No,OK,,,TECH-03,2025-04-23,No
WO-00014-T08,WO-00014,MC-004,Bar Feeder BF-01,CL-UTIL,8,Safety guard and E-stop check,Safety,Functional,Yes,Yes,OK,,,TECH-03,2025-04-23,No
WO-00014-T09,WO-00014,MC-004,Bar Feeder BF-01,CL-UTIL,9,Electrical panel cleaning and terminal tightness,Electrical,"No dust, no loose lug",Yes,Yes,OK,,,TECH-03,2025-04-23,No
WO-00015-T01,WO-00015,MC-005,Chip Conveyor CC-01,CL-UTIL,1,Lock out / tag out verified before start,Safety,LOTO applied,Yes,Yes,OK,,,TECH-02,2025-04-25,No
WO-00015-T02,WO-00015,MC-005,Chip Conveyor CC-01,CL-UTIL,2,General cleaning and housekeeping,Cleaning,No debris,Yes,No,OK,,,TECH-02,2025-04-25,No
WO-00015-T03,WO-00015,MC-005,Chip Conveyor CC-01,CL-UTIL,3,Belt / chain tension and alignment,Measurement,As per OEM,Yes,No,OK,21.07,,TECH-02,2025-04-25,No
WO-00015-T04,WO-00015,MC-005,Chip Conveyor CC-01,CL-UTIL,4,Bearing greasing as per lube chart,Lubrication,All points,Yes,No,OK,,,TECH-02,2025-04-25,No
WO-00015-T05,WO-00015,MC-005,Chip Conveyor CC-01,CL-UTIL,5,Motor current and vibration check,Measurement,"<= FLC, <= 4.5 mm/s",Yes,No,OK,47.29,,TECH-02,2025-04-25,No
WO-00015-T06,WO-00015,MC-005,Chip Conveyor CC-01,CL-UTIL,6,Air / oil filter condition,Visual,Clean or replace,Yes,No,OK,,,TECH-02,2025-04-25,No
WO-00015-T07,WO-00015,MC-005,Chip Conveyor CC-01,CL-UTIL,7,Condensate drain and moisture trap,Cleaning,Free draining,Yes,No,OK,,,TECH-02,2025-04-25,No
WO-00015-T08,WO-00015,MC-005,Chip Conveyor CC-01,CL-UTIL,8,Safety guard and E-stop check,Safety,Functional,Yes,Yes,OK,,,TECH-02,2025-04-25,No
WO-00015-T09,WO-00015,MC-005,Chip Conveyor CC-01,CL-UTIL,9,Electrical panel cleaning and terminal tightness,Electrical,"No dust, no loose lug",Yes,Yes,OK,,,TECH-02,2025-04-25,No
WO-00017-T01,WO-00017,MC-002,CNC Lathe TL-02,CL-CNC-TURN,1,Lock out / tag out verified before start,Safety,LOTO applied,Yes,Yes,OK,,,TECH-01,2025-08-13,No
WO-00017-T02,WO-00017,MC-002,CNC Lathe TL-02,CL-CNC-TURN,2,"Clean chip conveyor, coolant tank and chip tray",Cleaning,No chip accumulation,Yes,No,OK,,,TECH-01,2025-08-13,No
WO-00017-T03,WO-00017,MC-002,CNC Lathe TL-02,CL-CNC-TURN,3,Check coolant concentration,Measurement,6 - 9 %,Yes,No,OK,26.45,,TECH-01,2025-08-13,No
WO-00017-T04,WO-00017,MC-002,CNC Lathe TL-02,CL-CNC-TURN,4,Check way lube level and top up,Lubrication,Above MIN mark,Yes,No,OK,,,TECH-01,2025-08-13,No
WO-00017-T05,WO-00017,MC-002,CNC Lathe TL-02,CL-CNC-TURN,5,Inspect way covers and wipers for damage,Visual,No tear / no leak,Yes,No,OK,,,TECH-01,2025-08-13,No
WO-00017-T06,WO-00017,MC-002,CNC Lathe TL-02,CL-CNC-TURN,6,Spindle vibration check,Measurement,<= 2.8 mm/s RMS,Yes,No,OK,31.44,,TECH-01,2025-08-13,No
WO-00017-T07,WO-00017,MC-002,CNC Lathe TL-02,CL-CNC-TURN,7,Spindle temperature after 30 min run,Measurement,<= 55 deg C,Yes,No,OK,48.49,,TECH-01,2025-08-13,No
WO-00017-T08,WO-00017,MC-002,CNC Lathe TL-02,CL-CNC-TURN,8,Check hydraulic pressure,Measurement,35 - 40 bar,Yes,No,OK,41.37,,TECH-01,2025-08-13,No
WO-00017-T09,WO-00017,MC-002,CNC Lathe TL-02,CL-CNC-TURN,9,Turret indexing time and repeatability,Measurement,<= 1.2 s,Yes,No,OK,56.45,,TECH-01,2025-08-13,No
WO-00017-T10,WO-00017,MC-002,CNC Lathe TL-02,CL-CNC-TURN,10,Tailstock / chuck clamping pressure,Measurement,18 - 22 bar,Yes,Yes,OK,44.35,,TECH-01,2025-08-13,No
WO-00017-T11,WO-00017,MC-002,CNC Lathe TL-02,CL-CNC-TURN,11,Check air filter / regulator / lubricator (FRL),Visual,"Bowl clean, no water",Yes,No,OK,,,TECH-01,2025-08-13,No
WO-00017-T12,WO-00017,MC-002,CNC Lathe TL-02,CL-CNC-TURN,12,Verify E-stop and door interlock function,Safety,Stops within 1 s,Yes,Yes,OK,,,TECH-01,2025-08-13,No
WO-00017-T13,WO-00017,MC-002,CNC Lathe TL-02,CL-CNC-TURN,13,Backlash check X and Z axis,Measurement,<= 0.01 mm,No,No,OK,12.22,,TECH-01,2025-08-13,No
WO-00017-T14,WO-00017,MC-002,CNC Lathe TL-02,CL-CNC-TURN,14,Electrical panel cleaning and terminal tightness,Electrical,"No dust, no loose lug",Yes,Yes,OK,,,TECH-01,2025-08-13,No
WO-00019-T01,WO-00019,MC-004,Bar Feeder BF-01,CL-UTIL,1,Lock out / tag out verified before start,Safety,LOTO applied,Yes,Yes,OK,,,TECH-02,2025-09-06,No
WO-00019-T02,WO-00019,MC-004,Bar Feeder BF-01,CL-UTIL,2,General cleaning and housekeeping,Cleaning,No debris,Yes,No,OK,,,TECH-02,2025-09-06,No
WO-00019-T03,WO-00019,MC-004,Bar Feeder BF-01,CL-UTIL,3,Belt / chain tension and alignment,Measurement,As per OEM,Yes,No,OK,54.05,,TECH-02,2025-09-06,No
WO-00019-T04,WO-00019,MC-004,Bar Feeder BF-01,CL-UTIL,4,Bearing greasing as per lube chart,Lubrication,All points,Yes,No,OK,,,TECH-02,2025-09-06,No
WO-00019-T05,WO-00019,MC-004,Bar Feeder BF-01,CL-UTIL,5,Motor current and vibration check,Measurement,"<= FLC, <= 4.5 mm/s",Yes,No,OK,30.67,,TECH-02,2025-09-06,No
WO-00019-T06,WO-00019,MC-004,Bar Feeder BF-01,CL-UTIL,6,Air / oil filter condition,Visual,Clean or replace,Yes,No,OK,,,TECH-02,2025-09-06,No
WO-00019-T07,WO-00019,MC-004,Bar Feeder BF-01,CL-UTIL,7,Condensate drain and moisture trap,Cleaning,Free draining,Yes,No,OK,,,TECH-02,2025-09-06,No
WO-00019-T08,WO-00019,MC-004,Bar Feeder BF-01,CL-UTIL,8,Safety guard and E-stop check,Safety,Functional,Yes,Yes,OK,,,TECH-02,2025-09-06,No
WO-00019-T09,WO-00019,MC-004,Bar Feeder BF-01,CL-UTIL,9,Electrical panel cleaning and terminal tightness,Electrical,"No dust, no loose lug",Yes,Yes,OK,,,TECH-02,2025-09-06,No
WO-00020-T01,WO-00020,MC-005,Chip Conveyor CC-01,CL-UTIL,1,Lock out / tag out verified before start,Safety,LOTO applied,Yes,Yes,OK,,,TECH-01,2025-08-26,No
WO-00020-T02,WO-00020,MC-005,Chip Conveyor CC-01,CL-UTIL,2,General cleaning and housekeeping,Cleaning,No debris,Yes,No,OK,,,TECH-01,2025-08-26,No
WO-00020-T03,WO-00020,MC-005,Chip Conveyor CC-01,CL-UTIL,3,Belt / chain tension and alignment,Measurement,As per OEM,Yes,No,OK,40.06,,TECH-01,2025-08-26,No
WO-00020-T04,WO-00020,MC-005,Chip Conveyor CC-01,CL-UTIL,4,Bearing greasing as per lube chart,Lubrication,All points,Yes,No,OK,,,TECH-01,2025-08-26,No
WO-00020-T05,WO-00020,MC-005,Chip Conveyor CC-01,CL-UTIL,5,Motor current and vibration check,Measurement,"<= FLC, <= 4.5 mm/s",Yes,No,OK,23.06,,TECH-01,2025-08-26,No
WO-00020-T06,WO-00020,MC-005,Chip Conveyor CC-01,CL-UTIL,6,Air / oil filter condition,Visual,Clean or replace,Yes,No,OK,,,TECH-01,2025-08-26,No
WO-00020-T07,WO-00020,MC-005,Chip Conveyor CC-01,CL-UTIL,7,Condensate drain and moisture trap,Cleaning,Free draining,Yes,No,OK,,,TECH-01,2025-08-26,No
WO-00020-T08,WO-00020,MC-005,Chip Conveyor CC-01,CL-UTIL,8,Safety guard and E-stop check,Safety,Functional,Yes,Yes,OK,,,TECH-01,2025-08-26,No
WO-00020-T09,WO-00020,MC-005,Chip Conveyor CC-01,CL-UTIL,9,Electrical panel cleaning and terminal tightness,Electrical,"No dust, no loose lug",Yes,Yes,OK,,,TECH-01,2025-08-26,No
WO-00021-T01,WO-00021,MC-001,CNC Lathe TL-01,CL-CNC-TURN,1,Lock out / tag out verified before start,Safety,LOTO applied,Yes,Yes,OK,,,TECH-01,2025-11-08,No
WO-00021-T02,WO-00021,MC-001,CNC Lathe TL-01,CL-CNC-TURN,2,"Clean chip conveyor, coolant tank and chip tray",Cleaning,No chip accumulation,Yes,No,OK,,,TECH-01,2025-11-08,No
WO-00021-T03,WO-00021,MC-001,CNC Lathe TL-01,CL-CNC-TURN,3,Check coolant concentration,Measurement,6 - 9 %,Yes,No,OK,0.52,,TECH-01,2025-11-08,No
WO-00021-T04,WO-00021,MC-001,CNC Lathe TL-01,CL-CNC-TURN,4,Check way lube level and top up,Lubrication,Above MIN mark,Yes,No,OK,,,TECH-01,2025-11-08,No
WO-00021-T05,WO-00021,MC-001,CNC Lathe TL-01,CL-CNC-TURN,5,Inspect way covers and wipers for damage,Visual,No tear / no leak,Yes,No,OK,,,TECH-01,2025-11-08,No
WO-00021-T06,WO-00021,MC-001,CNC Lathe TL-01,CL-CNC-TURN,6,Spindle vibration check,Measurement,<= 2.8 mm/s RMS,Yes,No,OK,17.57,,TECH-01,2025-11-08,No
WO-00021-T07,WO-00021,MC-001,CNC Lathe TL-01,CL-CNC-TURN,7,Spindle temperature after 30 min run,Measurement,<= 55 deg C,Yes,No,OK,26.08,,TECH-01,2025-11-08,No
WO-00021-T08,WO-00021,MC-001,CNC Lathe TL-01,CL-CNC-TURN,8,Check hydraulic pressure,Measurement,35 - 40 bar,Yes,No,OK,35.01,,TECH-01,2025-11-08,No
WO-00021-T09,WO-00021,MC-001,CNC Lathe TL-01,CL-CNC-TURN,9,Turret indexing time and repeatability,Measurement,<= 1.2 s,Yes,No,OK,39.45,,TECH-01,2025-11-08,No
WO-00021-T10,WO-00021,MC-001,CNC Lathe TL-01,CL-CNC-TURN,10,Tailstock / chuck clamping pressure,Measurement,18 - 22 bar,Yes,Yes,OK,28.17,,TECH-01,2025-11-08,No
WO-00021-T11,WO-00021,MC-001,CNC Lathe TL-01,CL-CNC-TURN,11,Check air filter / regulator / lubricator (FRL),Visual,"Bowl clean, no water",Yes,No,OK,,,TECH-01,2025-11-08,No
WO-00021-T12,WO-00021,MC-001,CNC Lathe TL-01,CL-CNC-TURN,12,Verify E-stop and door interlock function,Safety,Stops within 1 s,Yes,Yes,OK,,,TECH-01,2025-11-08,No
WO-00021-T13,WO-00021,MC-001,CNC Lathe TL-01,CL-CNC-TURN,13,Backlash check X and Z axis,Measurement,<= 0.01 mm,No,No,OK,26.81,,TECH-01,2025-11-08,No
WO-00021-T14,WO-00021,MC-001,CNC Lathe TL-01,CL-CNC-TURN,14,Electrical panel cleaning and terminal tightness,Electrical,"No dust, no loose lug",Yes,Yes,OK,,,TECH-01,2025-11-08,No
WO-00022-T01,WO-00022,MC-002,CNC Lathe TL-02,CL-CNC-TURN,1,Lock out / tag out verified before start,Safety,LOTO applied,Yes,Yes,OK,,,TECH-03,2025-11-10,No
WO-00022-T02,WO-00022,MC-002,CNC Lathe TL-02,CL-CNC-TURN,2,"Clean chip conveyor, coolant tank and chip tray",Cleaning,No chip accumulation,Yes,No,OK,,,TECH-03,2025-11-10,No
WO-00022-T03,WO-00022,MC-002,CNC Lathe TL-02,CL-CNC-TURN,3,Check coolant concentration,Measurement,6 - 9 %,Yes,No,OK,40.0,,TECH-03,2025-11-10,No
WO-00022-T04,WO-00022,MC-002,CNC Lathe TL-02,CL-CNC-TURN,4,Check way lube level and top up,Lubrication,Above MIN mark,Yes,No,OK,,,TECH-03,2025-11-10,No
WO-00022-T05,WO-00022,MC-002,CNC Lathe TL-02,CL-CNC-TURN,5,Inspect way covers and wipers for damage,Visual,No tear / no leak,Yes,No,OK,,,TECH-03,2025-11-10,No
WO-00022-T06,WO-00022,MC-002,CNC Lathe TL-02,CL-CNC-TURN,6,Spindle vibration check,Measurement,<= 2.8 mm/s RMS,Yes,No,OK,37.35,,TECH-03,2025-11-10,No
WO-00022-T07,WO-00022,MC-002,CNC Lathe TL-02,CL-CNC-TURN,7,Spindle temperature after 30 min run,Measurement,<= 55 deg C,Yes,No,OK,6.06,,TECH-03,2025-11-10,No
WO-00022-T08,WO-00022,MC-002,CNC Lathe TL-02,CL-CNC-TURN,8,Check hydraulic pressure,Measurement,35 - 40 bar,Yes,No,OK,57.14,,TECH-03,2025-11-10,No
WO-00022-T09,WO-00022,MC-002,CNC Lathe TL-02,CL-CNC-TURN,9,Turret indexing time and repeatability,Measurement,<= 1.2 s,Yes,No,OK,14.47,,TECH-03,2025-11-10,No
WO-00022-T10,WO-00022,MC-002,CNC Lathe TL-02,CL-CNC-TURN,10,Tailstock / chuck clamping pressure,Measurement,18 - 22 bar,Yes,Yes,OK,18.97,,TECH-03,2025-11-10,No
WO-00022-T11,WO-00022,MC-002,CNC Lathe TL-02,CL-CNC-TURN,11,Check air filter / regulator / lubricator (FRL),Visual,"Bowl clean, no water",Yes,No,OK,,,TECH-03,2025-11-10,No
WO-00022-T12,WO-00022,MC-002,CNC Lathe TL-02,CL-CNC-TURN,12,Verify E-stop and door interlock function,Safety,Stops within 1 s,Yes,Yes,OK,,,TECH-03,2025-11-10,No
WO-00022-T13,WO-00022,MC-002,CNC Lathe TL-02,CL-CNC-TURN,13,Backlash check X and Z axis,Measurement,<= 0.01 mm,No,No,OK,48.49,,TECH-03,2025-11-10,No
WO-00022-T14,WO-00022,MC-002,CNC Lathe TL-02,CL-CNC-TURN,14,Electrical panel cleaning and terminal tightness,Electrical,"No dust, no loose lug",Yes,Yes,OK,,,TECH-03,2025-11-10,No
WO-00023-T01,WO-00023,MC-003,CNC Lathe TL-03,CL-CNC-TURN,1,Lock out / tag out verified before start,Safety,LOTO applied,Yes,Yes,OK,,,TECH-02,2025-11-18,No
WO-00023-T02,WO-00023,MC-003,CNC Lathe TL-03,CL-CNC-TURN,2,"Clean chip conveyor, coolant tank and chip tray",Cleaning,No chip accumulation,Yes,No,OK,,,TECH-02,2025-11-18,No
WO-00023-T03,WO-00023,MC-003,CNC Lathe TL-03,CL-CNC-TURN,3,Check coolant concentration,Measurement,6 - 9 %,Yes,No,OK,25.16,,TECH-02,2025-11-18,No
WO-00023-T04,WO-00023,MC-003,CNC Lathe TL-03,CL-CNC-TURN,4,Check way lube level and top up,Lubrication,Above MIN mark,Yes,No,OK,,,TECH-02,2025-11-18,No
WO-00023-T05,WO-00023,MC-003,CNC Lathe TL-03,CL-CNC-TURN,5,Inspect way covers and wipers for damage,Visual,No tear / no leak,Yes,No,OK,,,TECH-02,2025-11-18,No
WO-00023-T06,WO-00023,MC-003,CNC Lathe TL-03,CL-CNC-TURN,6,Spindle vibration check,Measurement,<= 2.8 mm/s RMS,Yes,No,OK,37.97,,TECH-02,2025-11-18,No
WO-00023-T07,WO-00023,MC-003,CNC Lathe TL-03,CL-CNC-TURN,7,Spindle temperature after 30 min run,Measurement,<= 55 deg C,Yes,No,OK,12.07,,TECH-02,2025-11-18,No
WO-00023-T08,WO-00023,MC-003,CNC Lathe TL-03,CL-CNC-TURN,8,Check hydraulic pressure,Measurement,35 - 40 bar,Yes,No,Not OK,41.93,Deviation observed - abnormality raised,TECH-02,2025-11-18,Yes
WO-00023-T09,WO-00023,MC-003,CNC Lathe TL-03,CL-CNC-TURN,9,Turret indexing time and repeatability,Measurement,<= 1.2 s,Yes,No,OK,29.92,,TECH-02,2025-11-18,No
WO-00023-T10,WO-00023,MC-003,CNC Lathe TL-03,CL-CNC-TURN,10,Tailstock / chuck clamping pressure,Measurement,18 - 22 bar,Yes,Yes,OK,15.02,,TECH-02,2025-11-18,No
WO-00023-T11,WO-00023,MC-003,CNC Lathe TL-03,CL-CNC-TURN,11,Check air filter / regulator / lubricator (FRL),Visual,"Bowl clean, no water",Yes,No,OK,,,TECH-02,2025-11-18,No
WO-00023-T12,WO-00023,MC-003,CNC Lathe TL-03,CL-CNC-TURN,12,Verify E-stop and door interlock function,Safety,Stops within 1 s,Yes,Yes,OK,,,TECH-02,2025-11-18,No
WO-00023-T13,WO-00023,MC-003,CNC Lathe TL-03,CL-CNC-TURN,13,Backlash check X and Z axis,Measurement,<= 0.01 mm,No,No,OK,39.54,,TECH-02,2025-11-18,No
WO-00023-T14,WO-00023,MC-003,CNC Lathe TL-03,CL-CNC-TURN,14,Electrical panel cleaning and terminal tightness,Electrical,"No dust, no loose lug",Yes,Yes,OK,,,TECH-02,2025-11-18,No
WO-00024-T01,WO-00024,MC-004,Bar Feeder BF-01,CL-UTIL,1,Lock out / tag out verified before start,Safety,LOTO applied,Yes,Yes,OK,,,TECH-01,2025-11-18,No
WO-00024-T02,WO-00024,MC-004,Bar Feeder BF-01,CL-UTIL,2,General cleaning and housekeeping,Cleaning,No debris,Yes,No,OK,,,TECH-01,2025-11-18,No
WO-00024-T03,WO-00024,MC-004,Bar Feeder BF-01,CL-UTIL,3,Belt / chain tension and alignment,Measurement,As per OEM,Yes,No,OK,48.34,,TECH-01,2025-11-18,No
WO-00024-T04,WO-00024,MC-004,Bar Feeder BF-01,CL-UTIL,4,Bearing greasing as per lube chart,Lubrication,All points,Yes,No,OK,,,TECH-01,2025-11-18,No
WO-00024-T05,WO-00024,MC-004,Bar Feeder BF-01,CL-UTIL,5,Motor current and vibration check,Measurement,"<= FLC, <= 4.5 mm/s",Yes,No,OK,41.91,,TECH-01,2025-11-18,No
WO-00024-T06,WO-00024,MC-004,Bar Feeder BF-01,CL-UTIL,6,Air / oil filter condition,Visual,Clean or replace,Yes,No,OK,,,TECH-01,2025-11-18,No
WO-00024-T07,WO-00024,MC-004,Bar Feeder BF-01,CL-UTIL,7,Condensate drain and moisture trap,Cleaning,Free draining,Yes,No,OK,,,TECH-01,2025-11-18,No
WO-00024-T08,WO-00024,MC-004,Bar Feeder BF-01,CL-UTIL,8,Safety guard and E-stop check,Safety,Functional,Yes,Yes,OK,,,TECH-01,2025-11-18,No
WO-00024-T09,WO-00024,MC-004,Bar Feeder BF-01,CL-UTIL,9,Electrical panel cleaning and terminal tightness,Electrical,"No dust, no loose lug",Yes,Yes,OK,,,TECH-01,2025-11-18,No
WO-00025-T01,WO-00025,MC-005,Chip Conveyor CC-01,CL-UTIL,1,Lock out / tag out verified before start,Safety,LOTO applied,Yes,Yes,OK,,,TECH-03,2025-11-23,No
WO-00025-T02,WO-00025,MC-005,Chip Conveyor CC-01,CL-UTIL,2,General cleaning and housekeeping,Cleaning,No debris,Yes,No,OK,,,TECH-03,2025-11-23,No
WO-00025-T03,WO-00025,MC-005,Chip Conveyor CC-01,CL-UTIL,3,Belt / chain tension and alignment,Measurement,As per OEM,Yes,No,OK,59.28,,TECH-03,2025-11-23,No
WO-00025-T04,WO-00025,MC-005,Chip Conveyor CC-01,CL-UTIL,4,Bearing greasing as per lube chart,Lubrication,All points,Yes,No,OK,,,TECH-03,2025-11-23,No
WO-00025-T05,WO-00025,MC-005,Chip Conveyor CC-01,CL-UTIL,5,Motor current and vibration check,Measurement,"<= FLC, <= 4.5 mm/s",Yes,No,OK,35.93,,TECH-03,2025-11-23,No
WO-00025-T06,WO-00025,MC-005,Chip Conveyor CC-01,CL-UTIL,6,Air / oil filter condition,Visual,Clean or replace,Yes,No,OK,,,TECH-03,2025-11-23,No
WO-00025-T07,WO-00025,MC-005,Chip Conveyor CC-01,CL-UTIL,7,Condensate drain and moisture trap,Cleaning,Free draining,Yes,No,OK,,,TECH-03,2025-11-23,No
WO-00025-T08,WO-00025,MC-005,Chip Conveyor CC-01,CL-UTIL,8,Safety guard and E-stop check,Safety,Functional,Yes,Yes,OK,,,TECH-03,2025-11-23,No
WO-00025-T09,WO-00025,MC-005,Chip Conveyor CC-01,CL-UTIL,9,Electrical panel cleaning and terminal tightness,Electrical,"No dust, no loose lug",Yes,Yes,Not OK,,Deviation observed - abnormality raised,TECH-03,2025-11-23,Yes
WO-00026-T01,WO-00026,MC-001,CNC Lathe TL-01,CL-CNC-TURN,1,Lock out / tag out verified before start,Safety,LOTO applied,Yes,Yes,OK,,,TECH-03,2026-03-09,No
WO-00026-T02,WO-00026,MC-001,CNC Lathe TL-01,CL-CNC-TURN,2,"Clean chip conveyor, coolant tank and chip tray",Cleaning,No chip accumulation,Yes,No,OK,,,TECH-03,2026-03-09,No
WO-00026-T03,WO-00026,MC-001,CNC Lathe TL-01,CL-CNC-TURN,3,Check coolant concentration,Measurement,6 - 9 %,Yes,No,Not OK,44.75,Deviation observed - abnormality raised,TECH-03,2026-03-09,Yes
WO-00026-T04,WO-00026,MC-001,CNC Lathe TL-01,CL-CNC-TURN,4,Check way lube level and top up,Lubrication,Above MIN mark,Yes,No,OK,,,TECH-03,2026-03-09,No
WO-00026-T05,WO-00026,MC-001,CNC Lathe TL-01,CL-CNC-TURN,5,Inspect way covers and wipers for damage,Visual,No tear / no leak,Yes,No,OK,,,TECH-03,2026-03-09,No
WO-00026-T06,WO-00026,MC-001,CNC Lathe TL-01,CL-CNC-TURN,6,Spindle vibration check,Measurement,<= 2.8 mm/s RMS,Yes,No,OK,28.74,,TECH-03,2026-03-09,No
WO-00026-T07,WO-00026,MC-001,CNC Lathe TL-01,CL-CNC-TURN,7,Spindle temperature after 30 min run,Measurement,<= 55 deg C,Yes,No,OK,15.92,,TECH-03,2026-03-09,No
WO-00026-T08,WO-00026,MC-001,CNC Lathe TL-01,CL-CNC-TURN,8,Check hydraulic pressure,Measurement,35 - 40 bar,Yes,No,Not OK,15.21,Deviation observed - abnormality raised,TECH-03,2026-03-09,Yes
WO-00026-T09,WO-00026,MC-001,CNC Lathe TL-01,CL-CNC-TURN,9,Turret indexing time and repeatability,Measurement,<= 1.2 s,Yes,No,OK,38.44,,TECH-03,2026-03-09,No
WO-00026-T10,WO-00026,MC-001,CNC Lathe TL-01,CL-CNC-TURN,10,Tailstock / chuck clamping pressure,Measurement,18 - 22 bar,Yes,Yes,OK,46.07,,TECH-03,2026-03-09,No
WO-00026-T11,WO-00026,MC-001,CNC Lathe TL-01,CL-CNC-TURN,11,Check air filter / regulator / lubricator (FRL),Visual,"Bowl clean, no water",Yes,No,OK,,,TECH-03,2026-03-09,No
WO-00026-T12,WO-00026,MC-001,CNC Lathe TL-01,CL-CNC-TURN,12,Verify E-stop and door interlock function,Safety,Stops within 1 s,Yes,Yes,OK,,,TECH-03,2026-03-09,No
WO-00026-T13,WO-00026,MC-001,CNC Lathe TL-01,CL-CNC-TURN,13,Backlash check X and Z axis,Measurement,<= 0.01 mm,No,No,OK,31.52,,TECH-03,2026-03-09,No
WO-00026-T14,WO-00026,MC-001,CNC Lathe TL-01,CL-CNC-TURN,14,Electrical panel cleaning and terminal tightness,Electrical,"No dust, no loose lug",Yes,Yes,OK,,,TECH-03,2026-03-09,No
WO-00027-T01,WO-00027,MC-002,CNC Lathe TL-02,CL-CNC-TURN,1,Lock out / tag out verified before start,Safety,LOTO applied,Yes,Yes,OK,,,TECH-02,2026-02-08,No
WO-00027-T02,WO-00027,MC-002,CNC Lathe TL-02,CL-CNC-TURN,2,"Clean chip conveyor, coolant tank and chip tray",Cleaning,No chip accumulation,Yes,No,OK,,,TECH-02,2026-02-08,No
WO-00027-T03,WO-00027,MC-002,CNC Lathe TL-02,CL-CNC-TURN,3,Check coolant concentration,Measurement,6 - 9 %,Yes,No,OK,20.48,,TECH-02,2026-02-08,No
WO-00027-T04,WO-00027,MC-002,CNC Lathe TL-02,CL-CNC-TURN,4,Check way lube level and top up,Lubrication,Above MIN mark,Yes,No,OK,,,TECH-02,2026-02-08,No
WO-00027-T05,WO-00027,MC-002,CNC Lathe TL-02,CL-CNC-TURN,5,Inspect way covers and wipers for damage,Visual,No tear / no leak,Yes,No,OK,,,TECH-02,2026-02-08,No
WO-00027-T06,WO-00027,MC-002,CNC Lathe TL-02,CL-CNC-TURN,6,Spindle vibration check,Measurement,<= 2.8 mm/s RMS,Yes,No,OK,53.64,,TECH-02,2026-02-08,No
WO-00027-T07,WO-00027,MC-002,CNC Lathe TL-02,CL-CNC-TURN,7,Spindle temperature after 30 min run,Measurement,<= 55 deg C,Yes,No,OK,5.29,,TECH-02,2026-02-08,No
WO-00027-T08,WO-00027,MC-002,CNC Lathe TL-02,CL-CNC-TURN,8,Check hydraulic pressure,Measurement,35 - 40 bar,Yes,No,OK,9.47,,TECH-02,2026-02-08,No
WO-00027-T09,WO-00027,MC-002,CNC Lathe TL-02,CL-CNC-TURN,9,Turret indexing time and repeatability,Measurement,<= 1.2 s,Yes,No,OK,23.29,,TECH-02,2026-02-08,No
WO-00027-T10,WO-00027,MC-002,CNC Lathe TL-02,CL-CNC-TURN,10,Tailstock / chuck clamping pressure,Measurement,18 - 22 bar,Yes,Yes,OK,9.59,,TECH-02,2026-02-08,No
WO-00027-T11,WO-00027,MC-002,CNC Lathe TL-02,CL-CNC-TURN,11,Check air filter / regulator / lubricator (FRL),Visual,"Bowl clean, no water",Yes,No,OK,,,TECH-02,2026-02-08,No
WO-00027-T12,WO-00027,MC-002,CNC Lathe TL-02,CL-CNC-TURN,12,Verify E-stop and door interlock function,Safety,Stops within 1 s,Yes,Yes,OK,,,TECH-02,2026-02-08,No
WO-00027-T13,WO-00027,MC-002,CNC Lathe TL-02,CL-CNC-TURN,13,Backlash check X and Z axis,Measurement,<= 0.01 mm,No,No,OK,13.23,,TECH-02,2026-02-08,No
WO-00027-T14,WO-00027,MC-002,CNC Lathe TL-02,CL-CNC-TURN,14,Electrical panel cleaning and terminal tightness,Electrical,"No dust, no loose lug",Yes,Yes,OK,,,TECH-02,2026-02-08,No
WO-00028-T01,WO-00028,MC-003,CNC Lathe TL-03,CL-CNC-TURN,1,Lock out / tag out verified before start,Safety,LOTO applied,Yes,Yes,OK,,,TECH-01,2026-02-17,No
WO-00028-T02,WO-00028,MC-003,CNC Lathe TL-03,CL-CNC-TURN,2,"Clean chip conveyor, coolant tank and chip tray",Cleaning,No chip accumulation,Yes,No,OK,,,TECH-01,2026-02-17,No
WO-00028-T03,WO-00028,MC-003,CNC Lathe TL-03,CL-CNC-TURN,3,Check coolant concentration,Measurement,6 - 9 %,Yes,No,OK,25.5,,TECH-01,2026-02-17,No
WO-00028-T04,WO-00028,MC-003,CNC Lathe TL-03,CL-CNC-TURN,4,Check way lube level and top up,Lubrication,Above MIN mark,Yes,No,OK,,,TECH-01,2026-02-17,No
WO-00028-T05,WO-00028,MC-003,CNC Lathe TL-03,CL-CNC-TURN,5,Inspect way covers and wipers for damage,Visual,No tear / no leak,Yes,No,OK,,,TECH-01,2026-02-17,No
WO-00028-T06,WO-00028,MC-003,CNC Lathe TL-03,CL-CNC-TURN,6,Spindle vibration check,Measurement,<= 2.8 mm/s RMS,Yes,No,OK,54.34,,TECH-01,2026-02-17,No
WO-00028-T07,WO-00028,MC-003,CNC Lathe TL-03,CL-CNC-TURN,7,Spindle temperature after 30 min run,Measurement,<= 55 deg C,Yes,No,OK,35.25,,TECH-01,2026-02-17,No
WO-00028-T08,WO-00028,MC-003,CNC Lathe TL-03,CL-CNC-TURN,8,Check hydraulic pressure,Measurement,35 - 40 bar,Yes,No,OK,41.88,,TECH-01,2026-02-17,No
WO-00028-T09,WO-00028,MC-003,CNC Lathe TL-03,CL-CNC-TURN,9,Turret indexing time and repeatability,Measurement,<= 1.2 s,Yes,No,OK,51.48,,TECH-01,2026-02-17,No
WO-00028-T10,WO-00028,MC-003,CNC Lathe TL-03,CL-CNC-TURN,10,Tailstock / chuck clamping pressure,Measurement,18 - 22 bar,Yes,Yes,OK,46.05,,TECH-01,2026-02-17,No
WO-00028-T11,WO-00028,MC-003,CNC Lathe TL-03,CL-CNC-TURN,11,Check air filter / regulator / lubricator (FRL),Visual,"Bowl clean, no water",Yes,No,OK,,,TECH-01,2026-02-17,No
WO-00028-T12,WO-00028,MC-003,CNC Lathe TL-03,CL-CNC-TURN,12,Verify E-stop and door interlock function,Safety,Stops within 1 s,Yes,Yes,OK,,,TECH-01,2026-02-17,No
WO-00028-T13,WO-00028,MC-003,CNC Lathe TL-03,CL-CNC-TURN,13,Backlash check X and Z axis,Measurement,<= 0.01 mm,No,No,OK,23.13,,TECH-01,2026-02-17,No
WO-00028-T14,WO-00028,MC-003,CNC Lathe TL-03,CL-CNC-TURN,14,Electrical panel cleaning and terminal tightness,Electrical,"No dust, no loose lug",Yes,Yes,OK,,,TECH-01,2026-02-17,No
WO-00029-T01,WO-00029,MC-004,Bar Feeder BF-01,CL-UTIL,1,Lock out / tag out verified before start,Safety,LOTO applied,Yes,Yes,OK,,,TECH-03,2026-02-20,No
WO-00029-T02,WO-00029,MC-004,Bar Feeder BF-01,CL-UTIL,2,General cleaning and housekeeping,Cleaning,No debris,Yes,No,OK,,,TECH-03,2026-02-20,No
WO-00029-T03,WO-00029,MC-004,Bar Feeder BF-01,CL-UTIL,3,Belt / chain tension and alignment,Measurement,As per OEM,Yes,No,OK,29.55,,TECH-03,2026-02-20,No
WO-00029-T04,WO-00029,MC-004,Bar Feeder BF-01,CL-UTIL,4,Bearing greasing as per lube chart,Lubrication,All points,Yes,No,Not OK,,Deviation observed - abnormality raised,TECH-03,2026-02-20,Yes
WO-00029-T05,WO-00029,MC-004,Bar Feeder BF-01,CL-UTIL,5,Motor current and vibration check,Measurement,"<= FLC, <= 4.5 mm/s",Yes,No,OK,16.74,,TECH-03,2026-02-20,No
WO-00029-T06,WO-00029,MC-004,Bar Feeder BF-01,CL-UTIL,6,Air / oil filter condition,Visual,Clean or replace,Yes,No,OK,,,TECH-03,2026-02-20,No
WO-00029-T07,WO-00029,MC-004,Bar Feeder BF-01,CL-UTIL,7,Condensate drain and moisture trap,Cleaning,Free draining,Yes,No,Not OK,,Deviation observed - abnormality raised,TECH-03,2026-02-20,Yes
WO-00029-T08,WO-00029,MC-004,Bar Feeder BF-01,CL-UTIL,8,Safety guard and E-stop check,Safety,Functional,Yes,Yes,OK,,,TECH-03,2026-02-20,No
WO-00029-T09,WO-00029,MC-004,Bar Feeder BF-01,CL-UTIL,9,Electrical panel cleaning and terminal tightness,Electrical,"No dust, no loose lug",Yes,Yes,OK,,,TECH-03,2026-02-20,No
WO-00030-T01,WO-00030,MC-005,Chip Conveyor CC-01,CL-UTIL,1,Lock out / tag out verified before start,Safety,LOTO applied,Yes,Yes,OK,,,TECH-02,2026-02-25,No
WO-00030-T02,WO-00030,MC-005,Chip Conveyor CC-01,CL-UTIL,2,General cleaning and housekeeping,Cleaning,No debris,Yes,No,OK,,,TECH-02,2026-02-25,No
WO-00030-T03,WO-00030,MC-005,Chip Conveyor CC-01,CL-UTIL,3,Belt / chain tension and alignment,Measurement,As per OEM,Yes,No,Not OK,58.85,Deviation observed - abnormality raised,TECH-02,2026-02-25,Yes
WO-00030-T04,WO-00030,MC-005,Chip Conveyor CC-01,CL-UTIL,4,Bearing greasing as per lube chart,Lubrication,All points,Yes,No,OK,,,TECH-02,2026-02-25,No
WO-00030-T05,WO-00030,MC-005,Chip Conveyor CC-01,CL-UTIL,5,Motor current and vibration check,Measurement,"<= FLC, <= 4.5 mm/s",Yes,No,OK,32.28,,TECH-02,2026-02-25,No
WO-00030-T06,WO-00030,MC-005,Chip Conveyor CC-01,CL-UTIL,6,Air / oil filter condition,Visual,Clean or replace,Yes,No,OK,,,TECH-02,2026-02-25,No
WO-00030-T07,WO-00030,MC-005,Chip Conveyor CC-01,CL-UTIL,7,Condensate drain and moisture trap,Cleaning,Free draining,Yes,No,OK,,,TECH-02,2026-02-25,No
WO-00030-T08,WO-00030,MC-005,Chip Conveyor CC-01,CL-UTIL,8,Safety guard and E-stop check,Safety,Functional,Yes,Yes,OK,,,TECH-02,2026-02-25,No
WO-00030-T09,WO-00030,MC-005,Chip Conveyor CC-01,CL-UTIL,9,Electrical panel cleaning and terminal tightness,Electrical,"No dust, no loose lug",Yes,Yes,OK,,,TECH-02,2026-02-25,No
WO-00031-T01,WO-00031,MC-001,CNC Lathe TL-01,CL-CNC-TURN,1,Lock out / tag out verified before start,Safety,LOTO applied,Yes,Yes,OK,,,TECH-02,2026-05-04,No
WO-00031-T02,WO-00031,MC-001,CNC Lathe TL-01,CL-CNC-TURN,2,"Clean chip conveyor, coolant tank and chip tray",Cleaning,No chip accumulation,Yes,No,OK,,,TECH-02,2026-05-04,No
WO-00031-T03,WO-00031,MC-001,CNC Lathe TL-01,CL-CNC-TURN,3,Check coolant concentration,Measurement,6 - 9 %,Yes,No,OK,52.08,,TECH-02,2026-05-04,No
WO-00031-T04,WO-00031,MC-001,CNC Lathe TL-01,CL-CNC-TURN,4,Check way lube level and top up,Lubrication,Above MIN mark,Yes,No,OK,,,TECH-02,2026-05-04,No
WO-00031-T05,WO-00031,MC-001,CNC Lathe TL-01,CL-CNC-TURN,5,Inspect way covers and wipers for damage,Visual,No tear / no leak,Yes,No,OK,,,TECH-02,2026-05-04,No
WO-00031-T06,WO-00031,MC-001,CNC Lathe TL-01,CL-CNC-TURN,6,Spindle vibration check,Measurement,<= 2.8 mm/s RMS,Yes,No,OK,11.31,,TECH-02,2026-05-04,No
WO-00031-T07,WO-00031,MC-001,CNC Lathe TL-01,CL-CNC-TURN,7,Spindle temperature after 30 min run,Measurement,<= 55 deg C,Yes,No,OK,15.98,,TECH-02,2026-05-04,No
WO-00031-T08,WO-00031,MC-001,CNC Lathe TL-01,CL-CNC-TURN,8,Check hydraulic pressure,Measurement,35 - 40 bar,Yes,No,OK,19.98,,TECH-02,2026-05-04,No
WO-00031-T09,WO-00031,MC-001,CNC Lathe TL-01,CL-CNC-TURN,9,Turret indexing time and repeatability,Measurement,<= 1.2 s,Yes,No,OK,27.55,,TECH-02,2026-05-04,No
WO-00031-T10,WO-00031,MC-001,CNC Lathe TL-01,CL-CNC-TURN,10,Tailstock / chuck clamping pressure,Measurement,18 - 22 bar,Yes,Yes,OK,20.58,,TECH-02,2026-05-04,No
WO-00031-T11,WO-00031,MC-001,CNC Lathe TL-01,CL-CNC-TURN,11,Check air filter / regulator / lubricator (FRL),Visual,"Bowl clean, no water",Yes,No,OK,,,TECH-02,2026-05-04,No
WO-00031-T12,WO-00031,MC-001,CNC Lathe TL-01,CL-CNC-TURN,12,Verify E-stop and door interlock function,Safety,Stops within 1 s,Yes,Yes,OK,,,TECH-02,2026-05-04,No
WO-00031-T13,WO-00031,MC-001,CNC Lathe TL-01,CL-CNC-TURN,13,Backlash check X and Z axis,Measurement,<= 0.01 mm,No,No,OK,52.84,,TECH-02,2026-05-04,No
WO-00031-T14,WO-00031,MC-001,CNC Lathe TL-01,CL-CNC-TURN,14,Electrical panel cleaning and terminal tightness,Electrical,"No dust, no loose lug",Yes,Yes,OK,,,TECH-02,2026-05-04,No
WO-00033-T01,WO-00033,MC-003,CNC Lathe TL-03,CL-CNC-TURN,1,Lock out / tag out verified before start,Safety,LOTO applied,Yes,Yes,Not OK,,Deviation observed - abnormality raised,TECH-03,2026-05-13,Yes
WO-00033-T02,WO-00033,MC-003,CNC Lathe TL-03,CL-CNC-TURN,2,"Clean chip conveyor, coolant tank and chip tray",Cleaning,No chip accumulation,Yes,No,OK,,,TECH-03,2026-05-13,No
WO-00033-T03,WO-00033,MC-003,CNC Lathe TL-03,CL-CNC-TURN,3,Check coolant concentration,Measurement,6 - 9 %,Yes,No,OK,59.99,,TECH-03,2026-05-13,No
WO-00033-T04,WO-00033,MC-003,CNC Lathe TL-03,CL-CNC-TURN,4,Check way lube level and top up,Lubrication,Above MIN mark,Yes,No,OK,,,TECH-03,2026-05-13,No
WO-00033-T05,WO-00033,MC-003,CNC Lathe TL-03,CL-CNC-TURN,5,Inspect way covers and wipers for damage,Visual,No tear / no leak,Yes,No,OK,,,TECH-03,2026-05-13,No
WO-00033-T06,WO-00033,MC-003,CNC Lathe TL-03,CL-CNC-TURN,6,Spindle vibration check,Measurement,<= 2.8 mm/s RMS,Yes,No,OK,21.32,,TECH-03,2026-05-13,No
WO-00033-T07,WO-00033,MC-003,CNC Lathe TL-03,CL-CNC-TURN,7,Spindle temperature after 30 min run,Measurement,<= 55 deg C,Yes,No,OK,39.18,,TECH-03,2026-05-13,No
WO-00033-T08,WO-00033,MC-003,CNC Lathe TL-03,CL-CNC-TURN,8,Check hydraulic pressure,Measurement,35 - 40 bar,Yes,No,OK,46.98,,TECH-03,2026-05-13,No
WO-00033-T09,WO-00033,MC-003,CNC Lathe TL-03,CL-CNC-TURN,9,Turret indexing time and repeatability,Measurement,<= 1.2 s,Yes,No,OK,39.28,,TECH-03,2026-05-13,No
WO-00033-T10,WO-00033,MC-003,CNC Lathe TL-03,CL-CNC-TURN,10,Tailstock / chuck clamping pressure,Measurement,18 - 22 bar,Yes,Yes,OK,45.38,,TECH-03,2026-05-13,No
WO-00033-T11,WO-00033,MC-003,CNC Lathe TL-03,CL-CNC-TURN,11,Check air filter / regulator / lubricator (FRL),Visual,"Bowl clean, no water",Yes,No,OK,,,TECH-03,2026-05-13,No
WO-00033-T12,WO-00033,MC-003,CNC Lathe TL-03,CL-CNC-TURN,12,Verify E-stop and door interlock function,Safety,Stops within 1 s,Yes,Yes,OK,,,TECH-03,2026-05-13,No
WO-00033-T13,WO-00033,MC-003,CNC Lathe TL-03,CL-CNC-TURN,13,Backlash check X and Z axis,Measurement,<= 0.01 mm,No,No,OK,57.0,,TECH-03,2026-05-13,No
WO-00033-T14,WO-00033,MC-003,CNC Lathe TL-03,CL-CNC-TURN,14,Electrical panel cleaning and terminal tightness,Electrical,"No dust, no loose lug",Yes,Yes,OK,,,TECH-03,2026-05-13,No
WO-00034-T01,WO-00034,MC-004,Bar Feeder BF-01,CL-UTIL,1,Lock out / tag out verified before start,Safety,LOTO applied,Yes,Yes,OK,,,TECH-02,2026-05-20,No
WO-00034-T02,WO-00034,MC-004,Bar Feeder BF-01,CL-UTIL,2,General cleaning and housekeeping,Cleaning,No debris,Yes,No,OK,,,TECH-02,2026-05-20,No
WO-00034-T03,WO-00034,MC-004,Bar Feeder BF-01,CL-UTIL,3,Belt / chain tension and alignment,Measurement,As per OEM,Yes,No,OK,7.31,,TECH-02,2026-05-20,No
WO-00034-T04,WO-00034,MC-004,Bar Feeder BF-01,CL-UTIL,4,Bearing greasing as per lube chart,Lubrication,All points,Yes,No,OK,,,TECH-02,2026-05-20,No
WO-00034-T05,WO-00034,MC-004,Bar Feeder BF-01,CL-UTIL,5,Motor current and vibration check,Measurement,"<= FLC, <= 4.5 mm/s",Yes,No,OK,56.89,,TECH-02,2026-05-20,No
WO-00034-T06,WO-00034,MC-004,Bar Feeder BF-01,CL-UTIL,6,Air / oil filter condition,Visual,Clean or replace,Yes,No,OK,,,TECH-02,2026-05-20,No
WO-00034-T07,WO-00034,MC-004,Bar Feeder BF-01,CL-UTIL,7,Condensate drain and moisture trap,Cleaning,Free draining,Yes,No,OK,,,TECH-02,2026-05-20,No
WO-00034-T08,WO-00034,MC-004,Bar Feeder BF-01,CL-UTIL,8,Safety guard and E-stop check,Safety,Functional,Yes,Yes,OK,,,TECH-02,2026-05-20,No
WO-00034-T09,WO-00034,MC-004,Bar Feeder BF-01,CL-UTIL,9,Electrical panel cleaning and terminal tightness,Electrical,"No dust, no loose lug",Yes,Yes,OK,,,TECH-02,2026-05-20,No
WO-00035-T01,WO-00035,MC-005,Chip Conveyor CC-01,CL-UTIL,1,Lock out / tag out verified before start,Safety,LOTO applied,Yes,Yes,OK,,,TECH-01,2026-05-26,No
WO-00035-T02,WO-00035,MC-005,Chip Conveyor CC-01,CL-UTIL,2,General cleaning and housekeeping,Cleaning,No debris,Yes,No,OK,,,TECH-01,2026-05-26,No
WO-00035-T03,WO-00035,MC-005,Chip Conveyor CC-01,CL-UTIL,3,Belt / chain tension and alignment,Measurement,As per OEM,Yes,No,OK,45.0,,TECH-01,2026-05-26,No
WO-00035-T04,WO-00035,MC-005,Chip Conveyor CC-01,CL-UTIL,4,Bearing greasing as per lube chart,Lubrication,All points,Yes,No,OK,,,TECH-01,2026-05-26,No
WO-00035-T05,WO-00035,MC-005,Chip Conveyor CC-01,CL-UTIL,5,Motor current and vibration check,Measurement,"<= FLC, <= 4.5 mm/s",Yes,No,OK,7.31,,TECH-01,2026-05-26,No
WO-00035-T06,WO-00035,MC-005,Chip Conveyor CC-01,CL-UTIL,6,Air / oil filter condition,Visual,Clean or replace,Yes,No,OK,,,TECH-01,2026-05-26,No
WO-00035-T07,WO-00035,MC-005,Chip Conveyor CC-01,CL-UTIL,7,Condensate drain and moisture trap,Cleaning,Free draining,Yes,No,OK,,,TECH-01,2026-05-26,No
WO-00035-T08,WO-00035,MC-005,Chip Conveyor CC-01,CL-UTIL,8,Safety guard and E-stop check,Safety,Functional,Yes,Yes,OK,,,TECH-01,2026-05-26,No
WO-00035-T09,WO-00035,MC-005,Chip Conveyor CC-01,CL-UTIL,9,Electrical panel cleaning and terminal tightness,Electrical,"No dust, no loose lug",Yes,Yes,OK,,,TECH-01,2026-05-26,No
WO-00056-T01,WO-00056,MC-006,CNC Lathe TL-04,CL-CNC-TURN,1,Lock out / tag out verified before start,Safety,LOTO applied,Yes,Yes,OK,,,TECH-03,2024-09-04,No
WO-00056-T02,WO-00056,MC-006,CNC Lathe TL-04,CL-CNC-TURN,2,"Clean chip conveyor, coolant tank and chip tray",Cleaning,No chip accumulation,Yes,No,OK,,,TECH-03,2024-09-04,No
WO-00056-T03,WO-00056,MC-006,CNC Lathe TL-04,CL-CNC-TURN,3,Check coolant concentration,Measurement,6 - 9 %,Yes,No,OK,54.53,,TECH-03,2024-09-04,No
WO-00056-T04,WO-00056,MC-006,CNC Lathe TL-04,CL-CNC-TURN,4,Check way lube level and top up,Lubrication,Above MIN mark,Yes,No,OK,,,TECH-03,2024-09-04,No
WO-00056-T05,WO-00056,MC-006,CNC Lathe TL-04,CL-CNC-TURN,5,Inspect way covers and wipers for damage,Visual,No tear / no leak,Yes,No,OK,,,TECH-03,2024-09-04,No
WO-00056-T06,WO-00056,MC-006,CNC Lathe TL-04,CL-CNC-TURN,6,Spindle vibration check,Measurement,<= 2.8 mm/s RMS,Yes,No,OK,22.83,,TECH-03,2024-09-04,No
WO-00056-T07,WO-00056,MC-006,CNC Lathe TL-04,CL-CNC-TURN,7,Spindle temperature after 30 min run,Measurement,<= 55 deg C,Yes,No,OK,56.52,,TECH-03,2024-09-04,No
WO-00056-T08,WO-00056,MC-006,CNC Lathe TL-04,CL-CNC-TURN,8,Check hydraulic pressure,Measurement,35 - 40 bar,Yes,No,OK,12.3,,TECH-03,2024-09-04,No
WO-00056-T09,WO-00056,MC-006,CNC Lathe TL-04,CL-CNC-TURN,9,Turret indexing time and repeatability,Measurement,<= 1.2 s,Yes,No,OK,35.73,,TECH-03,2024-09-04,No
WO-00056-T10,WO-00056,MC-006,CNC Lathe TL-04,CL-CNC-TURN,10,Tailstock / chuck clamping pressure,Measurement,18 - 22 bar,Yes,Yes,OK,49.92,,TECH-03,2024-09-04,No
WO-00056-T11,WO-00056,MC-006,CNC Lathe TL-04,CL-CNC-TURN,11,Check air filter / regulator / lubricator (FRL),Visual,"Bowl clean, no water",Yes,No,OK,,,TECH-03,2024-09-04,No
WO-00056-T12,WO-00056,MC-006,CNC Lathe TL-04,CL-CNC-TURN,12,Verify E-stop and door interlock function,Safety,Stops within 1 s,Yes,Yes,OK,,,TECH-03,2024-09-04,No
WO-00056-T13,WO-00056,MC-006,CNC Lathe TL-04,CL-CNC-TURN,13,Backlash check X and Z axis,Measurement,<= 0.01 mm,No,No,OK,14.95,,TECH-03,2024-09-04,No
WO-00056-T14,WO-00056,MC-006,CNC Lathe TL-04,CL-CNC-TURN,14,Electrical panel cleaning and terminal tightness,Electrical,"No dust, no loose lug",Yes,Yes,OK,,,TECH-03,2024-09-04,No
WO-00057-T01,WO-00057,MC-007,CNC Lathe TL-05,CL-CNC-TURN,1,Lock out / tag out verified before start,Safety,LOTO applied,Yes,Yes,OK,,,TECH-02,2024-09-14,No
WO-00057-T02,WO-00057,MC-007,CNC Lathe TL-05,CL-CNC-TURN,2,"Clean chip conveyor, coolant tank and chip tray",Cleaning,No chip accumulation,Yes,No,OK,,,TECH-02,2024-09-14,No
WO-00057-T03,WO-00057,MC-007,CNC Lathe TL-05,CL-CNC-TURN,3,Check coolant concentration,Measurement,6 - 9 %,Yes,No,OK,47.07,,TECH-02,2024-09-14,No
WO-00057-T04,WO-00057,MC-007,CNC Lathe TL-05,CL-CNC-TURN,4,Check way lube level and top up,Lubrication,Above MIN mark,Yes,No,OK,,,TECH-02,2024-09-14,No
WO-00057-T05,WO-00057,MC-007,CNC Lathe TL-05,CL-CNC-TURN,5,Inspect way covers and wipers for damage,Visual,No tear / no leak,Yes,No,OK,,,TECH-02,2024-09-14,No
WO-00057-T06,WO-00057,MC-007,CNC Lathe TL-05,CL-CNC-TURN,6,Spindle vibration check,Measurement,<= 2.8 mm/s RMS,Yes,No,OK,21.16,,TECH-02,2024-09-14,No
WO-00057-T07,WO-00057,MC-007,CNC Lathe TL-05,CL-CNC-TURN,7,Spindle temperature after 30 min run,Measurement,<= 55 deg C,Yes,No,OK,25.99,,TECH-02,2024-09-14,No
WO-00057-T08,WO-00057,MC-007,CNC Lathe TL-05,CL-CNC-TURN,8,Check hydraulic pressure,Measurement,35 - 40 bar,Yes,No,OK,22.55,,TECH-02,2024-09-14,No
WO-00057-T09,WO-00057,MC-007,CNC Lathe TL-05,CL-CNC-TURN,9,Turret indexing time and repeatability,Measurement,<= 1.2 s,Yes,No,OK,30.6,,TECH-02,2024-09-14,No
WO-00057-T10,WO-00057,MC-007,CNC Lathe TL-05,CL-CNC-TURN,10,Tailstock / chuck clamping pressure,Measurement,18 - 22 bar,Yes,Yes,Not OK,20.8,Deviation observed - abnormality raised,TECH-02,2024-09-14,Yes
WO-00057-T11,WO-00057,MC-007,CNC Lathe TL-05,CL-CNC-TURN,11,Check air filter / regulator / lubricator (FRL),Visual,"Bowl clean, no water",Yes,No,OK,,,TECH-02,2024-09-14,No
WO-00057-T12,WO-00057,MC-007,CNC Lathe TL-05,CL-CNC-TURN,12,Verify E-stop and door interlock function,Safety,Stops within 1 s,Yes,Yes,OK,,,TECH-02,2024-09-14,No
WO-00057-T13,WO-00057,MC-007,CNC Lathe TL-05,CL-CNC-TURN,13,Backlash check X and Z axis,Measurement,<= 0.01 mm,No,No,OK,51.05,,TECH-02,2024-09-14,No
WO-00057-T14,WO-00057,MC-007,CNC Lathe TL-05,CL-CNC-TURN,14,Electrical panel cleaning and terminal tightness,Electrical,"No dust, no loose lug",Yes,Yes,OK,,,TECH-02,2024-09-14,No
WO-00058-T01,WO-00058,MC-008,VMC MC-01,CL-CNC-MILL,1,Lock out / tag out verified before start,Safety,LOTO applied,Yes,Yes,OK,,,TECH-01,2024-09-18,No
WO-00058-T02,WO-00058,MC-008,VMC MC-01,CL-CNC-MILL,2,"Clean work enclosure, chip auger and coolant tank",Cleaning,No chip accumulation,Yes,No,OK,,,TECH-01,2024-09-18,No
WO-00058-T03,WO-00058,MC-008,VMC MC-01,CL-CNC-MILL,3,Check coolant concentration,Measurement,6 - 9 %,Yes,No,OK,9.6,,TECH-01,2024-09-18,No
WO-00058-T04,WO-00058,MC-008,VMC MC-01,CL-CNC-MILL,4,Grease ball screws and linear guides,Lubrication,As per lube chart,Yes,No,OK,,,TECH-01,2024-09-18,No
WO-00058-T05,WO-00058,MC-008,VMC MC-01,CL-CNC-MILL,5,Spindle taper cleaning and condition check,Visual,No fretting / burr,Yes,No,OK,,,TECH-01,2024-09-18,No
WO-00058-T06,WO-00058,MC-008,VMC MC-01,CL-CNC-MILL,6,Spindle vibration check,Measurement,<= 2.8 mm/s RMS,Yes,No,OK,10.98,,TECH-01,2024-09-18,No
WO-00058-T07,WO-00058,MC-008,VMC MC-01,CL-CNC-MILL,7,ATC arm alignment and tool clamp force,Measurement,Within OEM spec,Yes,Yes,OK,31.54,,TECH-01,2024-09-18,No
WO-00058-T08,WO-00058,MC-008,VMC MC-01,CL-CNC-MILL,8,Check hydraulic / pneumatic pressure,Measurement,5.5 - 6.5 bar,Yes,No,OK,39.2,,TECH-01,2024-09-18,No
WO-00058-T09,WO-00058,MC-008,VMC MC-01,CL-CNC-MILL,9,Verify axis home position repeatability,Measurement,<= 0.005 mm,No,No,OK,37.15,,TECH-01,2024-09-18,No
WO-00058-T10,WO-00058,MC-008,VMC MC-01,CL-CNC-MILL,10,Verify E-stop and door interlock function,Safety,Stops within 1 s,Yes,Yes,OK,,,TECH-01,2024-09-18,No
WO-00058-T11,WO-00058,MC-008,VMC MC-01,CL-CNC-MILL,11,Electrical panel cleaning and terminal tightness,Electrical,"No dust, no loose lug",Yes,Yes,OK,,,TECH-01,2024-09-18,No
WO-00058-T12,WO-00058,MC-008,VMC MC-01,CL-CNC-MILL,12,Check chiller for spindle - temp and level,Measurement,20 +/- 2 deg C,Yes,No,Not OK,55.22,Deviation observed - abnormality raised,TECH-01,2024-09-18,Yes
WO-00059-T01,WO-00059,MC-009,VMC MC-02,CL-CNC-MILL,1,Lock out / tag out verified before start,Safety,LOTO applied,Yes,Yes,OK,,,TECH-03,2024-09-26,No
WO-00059-T02,WO-00059,MC-009,VMC MC-02,CL-CNC-MILL,2,"Clean work enclosure, chip auger and coolant tank",Cleaning,No chip accumulation,Yes,No,Not OK,,Deviation observed - abnormality raised,TECH-03,2024-09-26,Yes
WO-00059-T03,WO-00059,MC-009,VMC MC-02,CL-CNC-MILL,3,Check coolant concentration,Measurement,6 - 9 %,Yes,No,OK,17.1,,TECH-03,2024-09-26,No
WO-00059-T04,WO-00059,MC-009,VMC MC-02,CL-CNC-MILL,4,Grease ball screws and linear guides,Lubrication,As per lube chart,Yes,No,OK,,,TECH-03,2024-09-26,No
WO-00059-T05,WO-00059,MC-009,VMC MC-02,CL-CNC-MILL,5,Spindle taper cleaning and condition check,Visual,No fretting / burr,Yes,No,OK,,,TECH-03,2024-09-26,No
WO-00059-T06,WO-00059,MC-009,VMC MC-02,CL-CNC-MILL,6,Spindle vibration check,Measurement,<= 2.8 mm/s RMS,Yes,No,OK,27.32,,TECH-03,2024-09-26,No
WO-00059-T07,WO-00059,MC-009,VMC MC-02,CL-CNC-MILL,7,ATC arm alignment and tool clamp force,Measurement,Within OEM spec,Yes,Yes,OK,45.15,,TECH-03,2024-09-26,No
WO-00059-T08,WO-00059,MC-009,VMC MC-02,CL-CNC-MILL,8,Check hydraulic / pneumatic pressure,Measurement,5.5 - 6.5 bar,Yes,No,OK,34.41,,TECH-03,2024-09-26,No
WO-00059-T09,WO-00059,MC-009,VMC MC-02,CL-CNC-MILL,9,Verify axis home position repeatability,Measurement,<= 0.005 mm,No,No,OK,40.26,,TECH-03,2024-09-26,No
WO-00059-T10,WO-00059,MC-009,VMC MC-02,CL-CNC-MILL,10,Verify E-stop and door interlock function,Safety,Stops within 1 s,Yes,Yes,OK,,,TECH-03,2024-09-26,No
WO-00059-T11,WO-00059,MC-009,VMC MC-02,CL-CNC-MILL,11,Electrical panel cleaning and terminal tightness,Electrical,"No dust, no loose lug",Yes,Yes,OK,,,TECH-03,2024-09-26,No
WO-00059-T12,WO-00059,MC-009,VMC MC-02,CL-CNC-MILL,12,Check chiller for spindle - temp and level,Measurement,20 +/- 2 deg C,Yes,No,OK,20.52,,TECH-03,2024-09-26,No
WO-00060-T01,WO-00060,MC-006,CNC Lathe TL-04,CL-CNC-TURN,1,Lock out / tag out verified before start,Safety,LOTO applied,Yes,Yes,OK,,,TECH-01,2025-02-08,No
WO-00060-T02,WO-00060,MC-006,CNC Lathe TL-04,CL-CNC-TURN,2,"Clean chip conveyor, coolant tank and chip tray",Cleaning,No chip accumulation,Yes,No,OK,,,TECH-01,2025-02-08,No
WO-00060-T03,WO-00060,MC-006,CNC Lathe TL-04,CL-CNC-TURN,3,Check coolant concentration,Measurement,6 - 9 %,Yes,No,OK,17.14,,TECH-01,2025-02-08,No
WO-00060-T04,WO-00060,MC-006,CNC Lathe TL-04,CL-CNC-TURN,4,Check way lube level and top up,Lubrication,Above MIN mark,Yes,No,OK,,,TECH-01,2025-02-08,No
WO-00060-T05,WO-00060,MC-006,CNC Lathe TL-04,CL-CNC-TURN,5,Inspect way covers and wipers for damage,Visual,No tear / no leak,Yes,No,OK,,,TECH-01,2025-02-08,No
WO-00060-T06,WO-00060,MC-006,CNC Lathe TL-04,CL-CNC-TURN,6,Spindle vibration check,Measurement,<= 2.8 mm/s RMS,Yes,No,Not OK,35.97,Deviation observed - abnormality raised,TECH-01,2025-02-08,Yes
WO-00060-T07,WO-00060,MC-006,CNC Lathe TL-04,CL-CNC-TURN,7,Spindle temperature after 30 min run,Measurement,<= 55 deg C,Yes,No,OK,52.87,,TECH-01,2025-02-08,No
WO-00060-T08,WO-00060,MC-006,CNC Lathe TL-04,CL-CNC-TURN,8,Check hydraulic pressure,Measurement,35 - 40 bar,Yes,No,OK,33.57,,TECH-01,2025-02-08,No
WO-00060-T09,WO-00060,MC-006,CNC Lathe TL-04,CL-CNC-TURN,9,Turret indexing time and repeatability,Measurement,<= 1.2 s,Yes,No,OK,31.24,,TECH-01,2025-02-08,No
WO-00060-T10,WO-00060,MC-006,CNC Lathe TL-04,CL-CNC-TURN,10,Tailstock / chuck clamping pressure,Measurement,18 - 22 bar,Yes,Yes,OK,11.87,,TECH-01,2025-02-08,No
WO-00060-T11,WO-00060,MC-006,CNC Lathe TL-04,CL-CNC-TURN,11,Check air filter / regulator / lubricator (FRL),Visual,"Bowl clean, no water",Yes,No,OK,,,TECH-01,2025-02-08,No
WO-00060-T12,WO-00060,MC-006,CNC Lathe TL-04,CL-CNC-TURN,12,Verify E-stop and door interlock function,Safety,Stops within 1 s,Yes,Yes,OK,,,TECH-01,2025-02-08,No
WO-00060-T13,WO-00060,MC-006,CNC Lathe TL-04,CL-CNC-TURN,13,Backlash check X and Z axis,Measurement,<= 0.01 mm,No,No,OK,14.86,,TECH-01,2025-02-08,No
WO-00060-T14,WO-00060,MC-006,CNC Lathe TL-04,CL-CNC-TURN,14,Electrical panel cleaning and terminal tightness,Electrical,"No dust, no loose lug",Yes,Yes,OK,,,TECH-01,2025-02-08,No
WO-00061-T01,WO-00061,MC-007,CNC Lathe TL-05,CL-CNC-TURN,1,Lock out / tag out verified before start,Safety,LOTO applied,Yes,Yes,OK,,,TECH-03,2025-02-12,No
WO-00061-T02,WO-00061,MC-007,CNC Lathe TL-05,CL-CNC-TURN,2,"Clean chip conveyor, coolant tank and chip tray",Cleaning,No chip accumulation,Yes,No,OK,,,TECH-03,2025-02-12,No
WO-00061-T03,WO-00061,MC-007,CNC Lathe TL-05,CL-CNC-TURN,3,Check coolant concentration,Measurement,6 - 9 %,Yes,No,OK,29.7,,TECH-03,2025-02-12,No
WO-00061-T04,WO-00061,MC-007,CNC Lathe TL-05,CL-CNC-TURN,4,Check way lube level and top up,Lubrication,Above MIN mark,Yes,No,OK,,,TECH-03,2025-02-12,No
WO-00061-T05,WO-00061,MC-007,CNC Lathe TL-05,CL-CNC-TURN,5,Inspect way covers and wipers for damage,Visual,No tear / no leak,Yes,No,OK,,,TECH-03,2025-02-12,No
WO-00061-T06,WO-00061,MC-007,CNC Lathe TL-05,CL-CNC-TURN,6,Spindle vibration check,Measurement,<= 2.8 mm/s RMS,Yes,No,OK,47.68,,TECH-03,2025-02-12,No
WO-00061-T07,WO-00061,MC-007,CNC Lathe TL-05,CL-CNC-TURN,7,Spindle temperature after 30 min run,Measurement,<= 55 deg C,Yes,No,OK,6.04,,TECH-03,2025-02-12,No
WO-00061-T08,WO-00061,MC-007,CNC Lathe TL-05,CL-CNC-TURN,8,Check hydraulic pressure,Measurement,35 - 40 bar,Yes,No,OK,13.68,,TECH-03,2025-02-12,No
WO-00061-T09,WO-00061,MC-007,CNC Lathe TL-05,CL-CNC-TURN,9,Turret indexing time and repeatability,Measurement,<= 1.2 s,Yes,No,OK,41.66,,TECH-03,2025-02-12,No
WO-00061-T10,WO-00061,MC-007,CNC Lathe TL-05,CL-CNC-TURN,10,Tailstock / chuck clamping pressure,Measurement,18 - 22 bar,Yes,Yes,OK,18.72,,TECH-03,2025-02-12,No
WO-00061-T11,WO-00061,MC-007,CNC Lathe TL-05,CL-CNC-TURN,11,Check air filter / regulator / lubricator (FRL),Visual,"Bowl clean, no water",Yes,No,OK,,,TECH-03,2025-02-12,No
WO-00061-T12,WO-00061,MC-007,CNC Lathe TL-05,CL-CNC-TURN,12,Verify E-stop and door interlock function,Safety,Stops within 1 s,Yes,Yes,OK,,,TECH-03,2025-02-12,No
WO-00061-T13,WO-00061,MC-007,CNC Lathe TL-05,CL-CNC-TURN,13,Backlash check X and Z axis,Measurement,<= 0.01 mm,No,No,OK,35.1,,TECH-03,2025-02-12,No
WO-00061-T14,WO-00061,MC-007,CNC Lathe TL-05,CL-CNC-TURN,14,Electrical panel cleaning and terminal tightness,Electrical,"No dust, no loose lug",Yes,Yes,OK,,,TECH-03,2025-02-12,No
WO-00062-T01,WO-00062,MC-008,VMC MC-01,CL-CNC-MILL,1,Lock out / tag out verified before start,Safety,LOTO applied,Yes,Yes,OK,,,TECH-02,2025-02-20,No
WO-00062-T02,WO-00062,MC-008,VMC MC-01,CL-CNC-MILL,2,"Clean work enclosure, chip auger and coolant tank",Cleaning,No chip accumulation,Yes,No,OK,,,TECH-02,2025-02-20,No
WO-00062-T03,WO-00062,MC-008,VMC MC-01,CL-CNC-MILL,3,Check coolant concentration,Measurement,6 - 9 %,Yes,No,OK,21.43,,TECH-02,2025-02-20,No
WO-00062-T04,WO-00062,MC-008,VMC MC-01,CL-CNC-MILL,4,Grease ball screws and linear guides,Lubrication,As per lube chart,Yes,No,OK,,,TECH-02,2025-02-20,No
WO-00062-T05,WO-00062,MC-008,VMC MC-01,CL-CNC-MILL,5,Spindle taper cleaning and condition check,Visual,No fretting / burr,Yes,No,OK,,,TECH-02,2025-02-20,No
WO-00062-T06,WO-00062,MC-008,VMC MC-01,CL-CNC-MILL,6,Spindle vibration check,Measurement,<= 2.8 mm/s RMS,Yes,No,OK,27.5,,TECH-02,2025-02-20,No
WO-00062-T07,WO-00062,MC-008,VMC MC-01,CL-CNC-MILL,7,ATC arm alignment and tool clamp force,Measurement,Within OEM spec,Yes,Yes,OK,18.74,,TECH-02,2025-02-20,No
WO-00062-T08,WO-00062,MC-008,VMC MC-01,CL-CNC-MILL,8,Check hydraulic / pneumatic pressure,Measurement,5.5 - 6.5 bar,Yes,No,OK,14.22,,TECH-02,2025-02-20,No
WO-00062-T09,WO-00062,MC-008,VMC MC-01,CL-CNC-MILL,9,Verify axis home position repeatability,Measurement,<= 0.005 mm,No,No,OK,43.42,,TECH-02,2025-02-20,No
WO-00062-T10,WO-00062,MC-008,VMC MC-01,CL-CNC-MILL,10,Verify E-stop and door interlock function,Safety,Stops within 1 s,Yes,Yes,OK,,,TECH-02,2025-02-20,No
WO-00062-T11,WO-00062,MC-008,VMC MC-01,CL-CNC-MILL,11,Electrical panel cleaning and terminal tightness,Electrical,"No dust, no loose lug",Yes,Yes,OK,,,TECH-02,2025-02-20,No
WO-00062-T12,WO-00062,MC-008,VMC MC-01,CL-CNC-MILL,12,Check chiller for spindle - temp and level,Measurement,20 +/- 2 deg C,Yes,No,OK,19.28,,TECH-02,2025-02-20,No
WO-00064-T01,WO-00064,MC-006,CNC Lathe TL-04,CL-CNC-TURN,1,Lock out / tag out verified before start,Safety,LOTO applied,Yes,Yes,OK,,,TECH-02,2025-06-05,No
WO-00064-T02,WO-00064,MC-006,CNC Lathe TL-04,CL-CNC-TURN,2,"Clean chip conveyor, coolant tank and chip tray",Cleaning,No chip accumulation,Yes,No,OK,,,TECH-02,2025-06-05,No
WO-00064-T03,WO-00064,MC-006,CNC Lathe TL-04,CL-CNC-TURN,3,Check coolant concentration,Measurement,6 - 9 %,Yes,No,OK,43.61,,TECH-02,2025-06-05,No
WO-00064-T04,WO-00064,MC-006,CNC Lathe TL-04,CL-CNC-TURN,4,Check way lube level and top up,Lubrication,Above MIN mark,Yes,No,OK,,,TECH-02,2025-06-05,No
WO-00064-T05,WO-00064,MC-006,CNC Lathe TL-04,CL-CNC-TURN,5,Inspect way covers and wipers for damage,Visual,No tear / no leak,Yes,No,OK,,,TECH-02,2025-06-05,No
WO-00064-T06,WO-00064,MC-006,CNC Lathe TL-04,CL-CNC-TURN,6,Spindle vibration check,Measurement,<= 2.8 mm/s RMS,Yes,No,OK,58.61,,TECH-02,2025-06-05,No
WO-00064-T07,WO-00064,MC-006,CNC Lathe TL-04,CL-CNC-TURN,7,Spindle temperature after 30 min run,Measurement,<= 55 deg C,Yes,No,OK,31.72,,TECH-02,2025-06-05,No
WO-00064-T08,WO-00064,MC-006,CNC Lathe TL-04,CL-CNC-TURN,8,Check hydraulic pressure,Measurement,35 - 40 bar,Yes,No,OK,17.34,,TECH-02,2025-06-05,No
WO-00064-T09,WO-00064,MC-006,CNC Lathe TL-04,CL-CNC-TURN,9,Turret indexing time and repeatability,Measurement,<= 1.2 s,Yes,No,OK,6.48,,TECH-02,2025-06-05,No
WO-00064-T10,WO-00064,MC-006,CNC Lathe TL-04,CL-CNC-TURN,10,Tailstock / chuck clamping pressure,Measurement,18 - 22 bar,Yes,Yes,OK,12.05,,TECH-02,2025-06-05,No
WO-00064-T11,WO-00064,MC-006,CNC Lathe TL-04,CL-CNC-TURN,11,Check air filter / regulator / lubricator (FRL),Visual,"Bowl clean, no water",Yes,No,OK,,,TECH-02,2025-06-05,No
WO-00064-T12,WO-00064,MC-006,CNC Lathe TL-04,CL-CNC-TURN,12,Verify E-stop and door interlock function,Safety,Stops within 1 s,Yes,Yes,OK,,,TECH-02,2025-06-05,No
WO-00064-T13,WO-00064,MC-006,CNC Lathe TL-04,CL-CNC-TURN,13,Backlash check X and Z axis,Measurement,<= 0.01 mm,No,No,OK,14.04,,TECH-02,2025-06-05,No
WO-00064-T14,WO-00064,MC-006,CNC Lathe TL-04,CL-CNC-TURN,14,Electrical panel cleaning and terminal tightness,Electrical,"No dust, no loose lug",Yes,Yes,OK,,,TECH-02,2025-06-05,No
WO-00065-T01,WO-00065,MC-007,CNC Lathe TL-05,CL-CNC-TURN,1,Lock out / tag out verified before start,Safety,LOTO applied,Yes,Yes,OK,,,TECH-01,2025-06-14,No
WO-00065-T02,WO-00065,MC-007,CNC Lathe TL-05,CL-CNC-TURN,2,"Clean chip conveyor, coolant tank and chip tray",Cleaning,No chip accumulation,Yes,No,OK,,,TECH-01,2025-06-14,No
WO-00065-T03,WO-00065,MC-007,CNC Lathe TL-05,CL-CNC-TURN,3,Check coolant concentration,Measurement,6 - 9 %,Yes,No,OK,3.74,,TECH-01,2025-06-14,No
WO-00065-T04,WO-00065,MC-007,CNC Lathe TL-05,CL-CNC-TURN,4,Check way lube level and top up,Lubrication,Above MIN mark,Yes,No,OK,,,TECH-01,2025-06-14,No
WO-00065-T05,WO-00065,MC-007,CNC Lathe TL-05,CL-CNC-TURN,5,Inspect way covers and wipers for damage,Visual,No tear / no leak,Yes,No,OK,,,TECH-01,2025-06-14,No
WO-00065-T06,WO-00065,MC-007,CNC Lathe TL-05,CL-CNC-TURN,6,Spindle vibration check,Measurement,<= 2.8 mm/s RMS,Yes,No,OK,17.88,,TECH-01,2025-06-14,No
WO-00065-T07,WO-00065,MC-007,CNC Lathe TL-05,CL-CNC-TURN,7,Spindle temperature after 30 min run,Measurement,<= 55 deg C,Yes,No,OK,56.67,,TECH-01,2025-06-14,No
WO-00065-T08,WO-00065,MC-007,CNC Lathe TL-05,CL-CNC-TURN,8,Check hydraulic pressure,Measurement,35 - 40 bar,Yes,No,OK,38.45,,TECH-01,2025-06-14,No
WO-00065-T09,WO-00065,MC-007,CNC Lathe TL-05,CL-CNC-TURN,9,Turret indexing time and repeatability,Measurement,<= 1.2 s,Yes,No,OK,45.29,,TECH-01,2025-06-14,No
WO-00065-T10,WO-00065,MC-007,CNC Lathe TL-05,CL-CNC-TURN,10,Tailstock / chuck clamping pressure,Measurement,18 - 22 bar,Yes,Yes,OK,6.6,,TECH-01,2025-06-14,No
WO-00065-T11,WO-00065,MC-007,CNC Lathe TL-05,CL-CNC-TURN,11,Check air filter / regulator / lubricator (FRL),Visual,"Bowl clean, no water",Yes,No,OK,,,TECH-01,2025-06-14,No
WO-00065-T12,WO-00065,MC-007,CNC Lathe TL-05,CL-CNC-TURN,12,Verify E-stop and door interlock function,Safety,Stops within 1 s,Yes,Yes,OK,,,TECH-01,2025-06-14,No
WO-00065-T13,WO-00065,MC-007,CNC Lathe TL-05,CL-CNC-TURN,13,Backlash check X and Z axis,Measurement,<= 0.01 mm,No,No,OK,1.23,,TECH-01,2025-06-14,No
WO-00065-T14,WO-00065,MC-007,CNC Lathe TL-05,CL-CNC-TURN,14,Electrical panel cleaning and terminal tightness,Electrical,"No dust, no loose lug",Yes,Yes,OK,,,TECH-01,2025-06-14,No
WO-00066-T01,WO-00066,MC-008,VMC MC-01,CL-CNC-MILL,1,Lock out / tag out verified before start,Safety,LOTO applied,Yes,Yes,OK,,,TECH-03,2025-06-18,No
WO-00066-T02,WO-00066,MC-008,VMC MC-01,CL-CNC-MILL,2,"Clean work enclosure, chip auger and coolant tank",Cleaning,No chip accumulation,Yes,No,OK,,,TECH-03,2025-06-18,No
WO-00066-T03,WO-00066,MC-008,VMC MC-01,CL-CNC-MILL,3,Check coolant concentration,Measurement,6 - 9 %,Yes,No,OK,56.49,,TECH-03,2025-06-18,No
WO-00066-T04,WO-00066,MC-008,VMC MC-01,CL-CNC-MILL,4,Grease ball screws and linear guides,Lubrication,As per lube chart,Yes,No,OK,,,TECH-03,2025-06-18,No
WO-00066-T05,WO-00066,MC-008,VMC MC-01,CL-CNC-MILL,5,Spindle taper cleaning and condition check,Visual,No fretting / burr,Yes,No,OK,,,TECH-03,2025-06-18,No
WO-00066-T06,WO-00066,MC-008,VMC MC-01,CL-CNC-MILL,6,Spindle vibration check,Measurement,<= 2.8 mm/s RMS,Yes,No,OK,28.92,,TECH-03,2025-06-18,No
WO-00066-T07,WO-00066,MC-008,VMC MC-01,CL-CNC-MILL,7,ATC arm alignment and tool clamp force,Measurement,Within OEM spec,Yes,Yes,OK,49.42,,TECH-03,2025-06-18,No
WO-00066-T08,WO-00066,MC-008,VMC MC-01,CL-CNC-MILL,8,Check hydraulic / pneumatic pressure,Measurement,5.5 - 6.5 bar,Yes,No,OK,24.34,,TECH-03,2025-06-18,No
WO-00066-T09,WO-00066,MC-008,VMC MC-01,CL-CNC-MILL,9,Verify axis home position repeatability,Measurement,<= 0.005 mm,No,No,OK,4.91,,TECH-03,2025-06-18,No
WO-00066-T10,WO-00066,MC-008,VMC MC-01,CL-CNC-MILL,10,Verify E-stop and door interlock function,Safety,Stops within 1 s,Yes,Yes,OK,,,TECH-03,2025-06-18,No
WO-00066-T11,WO-00066,MC-008,VMC MC-01,CL-CNC-MILL,11,Electrical panel cleaning and terminal tightness,Electrical,"No dust, no loose lug",Yes,Yes,OK,,,TECH-03,2025-06-18,No
WO-00066-T12,WO-00066,MC-008,VMC MC-01,CL-CNC-MILL,12,Check chiller for spindle - temp and level,Measurement,20 +/- 2 deg C,Yes,No,OK,37.95,,TECH-03,2025-06-18,No
WO-00067-T01,WO-00067,MC-009,VMC MC-02,CL-CNC-MILL,1,Lock out / tag out verified before start,Safety,LOTO applied,Yes,Yes,OK,,,TECH-02,2025-06-26,No
WO-00067-T02,WO-00067,MC-009,VMC MC-02,CL-CNC-MILL,2,"Clean work enclosure, chip auger and coolant tank",Cleaning,No chip accumulation,Yes,No,OK,,,TECH-02,2025-06-26,No
WO-00067-T03,WO-00067,MC-009,VMC MC-02,CL-CNC-MILL,3,Check coolant concentration,Measurement,6 - 9 %,Yes,No,OK,15.27,,TECH-02,2025-06-26,No
WO-00067-T04,WO-00067,MC-009,VMC MC-02,CL-CNC-MILL,4,Grease ball screws and linear guides,Lubrication,As per lube chart,Yes,No,OK,,,TECH-02,2025-06-26,No
WO-00067-T05,WO-00067,MC-009,VMC MC-02,CL-CNC-MILL,5,Spindle taper cleaning and condition check,Visual,No fretting / burr,Yes,No,OK,,,TECH-02,2025-06-26,No
WO-00067-T06,WO-00067,MC-009,VMC MC-02,CL-CNC-MILL,6,Spindle vibration check,Measurement,<= 2.8 mm/s RMS,Yes,No,OK,33.71,,TECH-02,2025-06-26,No
WO-00067-T07,WO-00067,MC-009,VMC MC-02,CL-CNC-MILL,7,ATC arm alignment and tool clamp force,Measurement,Within OEM spec,Yes,Yes,OK,25.26,,TECH-02,2025-06-26,No
WO-00067-T08,WO-00067,MC-009,VMC MC-02,CL-CNC-MILL,8,Check hydraulic / pneumatic pressure,Measurement,5.5 - 6.5 bar,Yes,No,OK,35.97,,TECH-02,2025-06-26,No
WO-00067-T09,WO-00067,MC-009,VMC MC-02,CL-CNC-MILL,9,Verify axis home position repeatability,Measurement,<= 0.005 mm,No,No,OK,37.3,,TECH-02,2025-06-26,No
WO-00067-T10,WO-00067,MC-009,VMC MC-02,CL-CNC-MILL,10,Verify E-stop and door interlock function,Safety,Stops within 1 s,Yes,Yes,OK,,,TECH-02,2025-06-26,No
WO-00067-T11,WO-00067,MC-009,VMC MC-02,CL-CNC-MILL,11,Electrical panel cleaning and terminal tightness,Electrical,"No dust, no loose lug",Yes,Yes,OK,,,TECH-02,2025-06-26,No
WO-00067-T12,WO-00067,MC-009,VMC MC-02,CL-CNC-MILL,12,Check chiller for spindle - temp and level,Measurement,20 +/- 2 deg C,Yes,No,OK,46.65,,TECH-02,2025-06-26,No
WO-00068-T01,WO-00068,MC-006,CNC Lathe TL-04,CL-CNC-TURN,1,Lock out / tag out verified before start,Safety,LOTO applied,Yes,Yes,OK,,,TECH-03,2025-10-05,No
WO-00068-T02,WO-00068,MC-006,CNC Lathe TL-04,CL-CNC-TURN,2,"Clean chip conveyor, coolant tank and chip tray",Cleaning,No chip accumulation,Yes,No,OK,,,TECH-03,2025-10-05,No
WO-00068-T03,WO-00068,MC-006,CNC Lathe TL-04,CL-CNC-TURN,3,Check coolant concentration,Measurement,6 - 9 %,Yes,No,OK,4.08,,TECH-03,2025-10-05,No
WO-00068-T04,WO-00068,MC-006,CNC Lathe TL-04,CL-CNC-TURN,4,Check way lube level and top up,Lubrication,Above MIN mark,Yes,No,OK,,,TECH-03,2025-10-05,No
WO-00068-T05,WO-00068,MC-006,CNC Lathe TL-04,CL-CNC-TURN,5,Inspect way covers and wipers for damage,Visual,No tear / no leak,Yes,No,Not OK,,Deviation observed - abnormality raised,TECH-03,2025-10-05,Yes
WO-00068-T06,WO-00068,MC-006,CNC Lathe TL-04,CL-CNC-TURN,6,Spindle vibration check,Measurement,<= 2.8 mm/s RMS,Yes,No,OK,57.63,,TECH-03,2025-10-05,No
WO-00068-T07,WO-00068,MC-006,CNC Lathe TL-04,CL-CNC-TURN,7,Spindle temperature after 30 min run,Measurement,<= 55 deg C,Yes,No,OK,6.4,,TECH-03,2025-10-05,No
WO-00068-T08,WO-00068,MC-006,CNC Lathe TL-04,CL-CNC-TURN,8,Check hydraulic pressure,Measurement,35 - 40 bar,Yes,No,OK,45.88,,TECH-03,2025-10-05,No
WO-00068-T09,WO-00068,MC-006,CNC Lathe TL-04,CL-CNC-TURN,9,Turret indexing time and repeatability,Measurement,<= 1.2 s,Yes,No,OK,37.72,,TECH-03,2025-10-05,No
WO-00068-T10,WO-00068,MC-006,CNC Lathe TL-04,CL-CNC-TURN,10,Tailstock / chuck clamping pressure,Measurement,18 - 22 bar,Yes,Yes,Not OK,16.25,Deviation observed - abnormality raised,TECH-03,2025-10-05,Yes
WO-00068-T11,WO-00068,MC-006,CNC Lathe TL-04,CL-CNC-TURN,11,Check air filter / regulator / lubricator (FRL),Visual,"Bowl clean, no water",Yes,No,OK,,,TECH-03,2025-10-05,No
WO-00068-T12,WO-00068,MC-006,CNC Lathe TL-04,CL-CNC-TURN,12,Verify E-stop and door interlock function,Safety,Stops within 1 s,Yes,Yes,OK,,,TECH-03,2025-10-05,No
WO-00068-T13,WO-00068,MC-006,CNC Lathe TL-04,CL-CNC-TURN,13,Backlash check X and Z axis,Measurement,<= 0.01 mm,No,No,Not OK,5.33,Deviation observed - abnormality raised,TECH-03,2025-10-05,Yes
WO-00068-T14,WO-00068,MC-006,CNC Lathe TL-04,CL-CNC-TURN,14,Electrical panel cleaning and terminal tightness,Electrical,"No dust, no loose lug",Yes,Yes,OK,,,TECH-03,2025-10-05,No
WO-00069-T01,WO-00069,MC-007,CNC Lathe TL-05,CL-CNC-TURN,1,Lock out / tag out verified before start,Safety,LOTO applied,Yes,Yes,OK,,,TECH-02,2025-09-10,No
WO-00069-T02,WO-00069,MC-007,CNC Lathe TL-05,CL-CNC-TURN,2,"Clean chip conveyor, coolant tank and chip tray",Cleaning,No chip accumulation,Yes,No,OK,,,TECH-02,2025-09-10,No
WO-00069-T03,WO-00069,MC-007,CNC Lathe TL-05,CL-CNC-TURN,3,Check coolant concentration,Measurement,6 - 9 %,Yes,No,OK,35.83,,TECH-02,2025-09-10,No
WO-00069-T04,WO-00069,MC-007,CNC Lathe TL-05,CL-CNC-TURN,4,Check way lube level and top up,Lubrication,Above MIN mark,Yes,No,OK,,,TECH-02,2025-09-10,No
WO-00069-T05,WO-00069,MC-007,CNC Lathe TL-05,CL-CNC-TURN,5,Inspect way covers and wipers for damage,Visual,No tear / no leak,Yes,No,OK,,,TECH-02,2025-09-10,No
WO-00069-T06,WO-00069,MC-007,CNC Lathe TL-05,CL-CNC-TURN,6,Spindle vibration check,Measurement,<= 2.8 mm/s RMS,Yes,No,OK,17.83,,TECH-02,2025-09-10,No
WO-00069-T07,WO-00069,MC-007,CNC Lathe TL-05,CL-CNC-TURN,7,Spindle temperature after 30 min run,Measurement,<= 55 deg C,Yes,No,OK,14.27,,TECH-02,2025-09-10,No
WO-00069-T08,WO-00069,MC-007,CNC Lathe TL-05,CL-CNC-TURN,8,Check hydraulic pressure,Measurement,35 - 40 bar,Yes,No,OK,42.56,,TECH-02,2025-09-10,No
WO-00069-T09,WO-00069,MC-007,CNC Lathe TL-05,CL-CNC-TURN,9,Turret indexing time and repeatability,Measurement,<= 1.2 s,Yes,No,OK,42.33,,TECH-02,2025-09-10,No
WO-00069-T10,WO-00069,MC-007,CNC Lathe TL-05,CL-CNC-TURN,10,Tailstock / chuck clamping pressure,Measurement,18 - 22 bar,Yes,Yes,OK,27.51,,TECH-02,2025-09-10,No
WO-00069-T11,WO-00069,MC-007,CNC Lathe TL-05,CL-CNC-TURN,11,Check air filter / regulator / lubricator (FRL),Visual,"Bowl clean, no water",Yes,No,OK,,,TECH-02,2025-09-10,No
WO-00069-T12,WO-00069,MC-007,CNC Lathe TL-05,CL-CNC-TURN,12,Verify E-stop and door interlock function,Safety,Stops within 1 s,Yes,Yes,OK,,,TECH-02,2025-09-10,No
WO-00069-T13,WO-00069,MC-007,CNC Lathe TL-05,CL-CNC-TURN,13,Backlash check X and Z axis,Measurement,<= 0.01 mm,No,No,OK,41.4,,TECH-02,2025-09-10,No
WO-00069-T14,WO-00069,MC-007,CNC Lathe TL-05,CL-CNC-TURN,14,Electrical panel cleaning and terminal tightness,Electrical,"No dust, no loose lug",Yes,Yes,OK,,,TECH-02,2025-09-10,No
WO-00070-T01,WO-00070,MC-008,VMC MC-01,CL-CNC-MILL,1,Lock out / tag out verified before start,Safety,LOTO applied,Yes,Yes,OK,,,TECH-01,2025-09-20,No
WO-00070-T02,WO-00070,MC-008,VMC MC-01,CL-CNC-MILL,2,"Clean work enclosure, chip auger and coolant tank",Cleaning,No chip accumulation,Yes,No,Not OK,,Deviation observed - abnormality raised,TECH-01,2025-09-20,Yes
WO-00070-T03,WO-00070,MC-008,VMC MC-01,CL-CNC-MILL,3,Check coolant concentration,Measurement,6 - 9 %,Yes,No,OK,32.9,,TECH-01,2025-09-20,No
WO-00070-T04,WO-00070,MC-008,VMC MC-01,CL-CNC-MILL,4,Grease ball screws and linear guides,Lubrication,As per lube chart,Yes,No,OK,,,TECH-01,2025-09-20,No
WO-00070-T05,WO-00070,MC-008,VMC MC-01,CL-CNC-MILL,5,Spindle taper cleaning and condition check,Visual,No fretting / burr,Yes,No,OK,,,TECH-01,2025-09-20,No
WO-00070-T06,WO-00070,MC-008,VMC MC-01,CL-CNC-MILL,6,Spindle vibration check,Measurement,<= 2.8 mm/s RMS,Yes,No,OK,39.03,,TECH-01,2025-09-20,No
WO-00070-T07,WO-00070,MC-008,VMC MC-01,CL-CNC-MILL,7,ATC arm alignment and tool clamp force,Measurement,Within OEM spec,Yes,Yes,Not OK,54.55,Deviation observed - abnormality raised,TECH-01,2025-09-20,Yes
WO-00070-T08,WO-00070,MC-008,VMC MC-01,CL-CNC-MILL,8,Check hydraulic / pneumatic pressure,Measurement,5.5 - 6.5 bar,Yes,No,OK,49.68,,TECH-01,2025-09-20,No
WO-00070-T09,WO-00070,MC-008,VMC MC-01,CL-CNC-MILL,9,Verify axis home position repeatability,Measurement,<= 0.005 mm,No,No,OK,4.75,,TECH-01,2025-09-20,No
WO-00070-T10,WO-00070,MC-008,VMC MC-01,CL-CNC-MILL,10,Verify E-stop and door interlock function,Safety,Stops within 1 s,Yes,Yes,OK,,,TECH-01,2025-09-20,No
WO-00070-T11,WO-00070,MC-008,VMC MC-01,CL-CNC-MILL,11,Electrical panel cleaning and terminal tightness,Electrical,"No dust, no loose lug",Yes,Yes,OK,,,TECH-01,2025-09-20,No
WO-00070-T12,WO-00070,MC-008,VMC MC-01,CL-CNC-MILL,12,Check chiller for spindle - temp and level,Measurement,20 +/- 2 deg C,Yes,No,OK,10.37,,TECH-01,2025-09-20,No
WO-00071-T01,WO-00071,MC-009,VMC MC-02,CL-CNC-MILL,1,Lock out / tag out verified before start,Safety,LOTO applied,Yes,Yes,OK,,,TECH-03,2025-09-26,No
WO-00071-T02,WO-00071,MC-009,VMC MC-02,CL-CNC-MILL,2,"Clean work enclosure, chip auger and coolant tank",Cleaning,No chip accumulation,Yes,No,OK,,,TECH-03,2025-09-26,No
WO-00071-T03,WO-00071,MC-009,VMC MC-02,CL-CNC-MILL,3,Check coolant concentration,Measurement,6 - 9 %,Yes,No,OK,28.39,,TECH-03,2025-09-26,No
WO-00071-T04,WO-00071,MC-009,VMC MC-02,CL-CNC-MILL,4,Grease ball screws and linear guides,Lubrication,As per lube chart,Yes,No,OK,,,TECH-03,2025-09-26,No
WO-00071-T05,WO-00071,MC-009,VMC MC-02,CL-CNC-MILL,5,Spindle taper cleaning and condition check,Visual,No fretting / burr,Yes,No,OK,,,TECH-03,2025-09-26,No
WO-00071-T06,WO-00071,MC-009,VMC MC-02,CL-CNC-MILL,6,Spindle vibration check,Measurement,<= 2.8 mm/s RMS,Yes,No,OK,18.59,,TECH-03,2025-09-26,No
WO-00071-T07,WO-00071,MC-009,VMC MC-02,CL-CNC-MILL,7,ATC arm alignment and tool clamp force,Measurement,Within OEM spec,Yes,Yes,OK,24.45,,TECH-03,2025-09-26,No
WO-00071-T08,WO-00071,MC-009,VMC MC-02,CL-CNC-MILL,8,Check hydraulic / pneumatic pressure,Measurement,5.5 - 6.5 bar,Yes,No,OK,16.7,,TECH-03,2025-09-26,No
WO-00071-T09,WO-00071,MC-009,VMC MC-02,CL-CNC-MILL,9,Verify axis home position repeatability,Measurement,<= 0.005 mm,No,No,OK,32.63,,TECH-03,2025-09-26,No
WO-00071-T10,WO-00071,MC-009,VMC MC-02,CL-CNC-MILL,10,Verify E-stop and door interlock function,Safety,Stops within 1 s,Yes,Yes,OK,,,TECH-03,2025-09-26,No
WO-00071-T11,WO-00071,MC-009,VMC MC-02,CL-CNC-MILL,11,Electrical panel cleaning and terminal tightness,Electrical,"No dust, no loose lug",Yes,Yes,OK,,,TECH-03,2025-09-26,No
WO-00071-T12,WO-00071,MC-009,VMC MC-02,CL-CNC-MILL,12,Check chiller for spindle - temp and level,Measurement,20 +/- 2 deg C,Yes,No,OK,26.55,,TECH-03,2025-09-26,No
WO-00072-T01,WO-00072,MC-006,CNC Lathe TL-04,CL-CNC-TURN,1,Lock out / tag out verified before start,Safety,LOTO applied,Yes,Yes,OK,,,TECH-01,2026-03-06,No
WO-00072-T02,WO-00072,MC-006,CNC Lathe TL-04,CL-CNC-TURN,2,"Clean chip conveyor, coolant tank and chip tray",Cleaning,No chip accumulation,Yes,No,OK,,,TECH-01,2026-03-06,No
WO-00072-T03,WO-00072,MC-006,CNC Lathe TL-04,CL-CNC-TURN,3,Check coolant concentration,Measurement,6 - 9 %,Yes,No,OK,14.12,,TECH-01,2026-03-06,No
WO-00072-T04,WO-00072,MC-006,CNC Lathe TL-04,CL-CNC-TURN,4,Check way lube level and top up,Lubrication,Above MIN mark,Yes,No,OK,,,TECH-01,2026-03-06,No
WO-00072-T05,WO-00072,MC-006,CNC Lathe TL-04,CL-CNC-TURN,5,Inspect way covers and wipers for damage,Visual,No tear / no leak,Yes,No,OK,,,TECH-01,2026-03-06,No
WO-00072-T06,WO-00072,MC-006,CNC Lathe TL-04,CL-CNC-TURN,6,Spindle vibration check,Measurement,<= 2.8 mm/s RMS,Yes,No,OK,40.62,,TECH-01,2026-03-06,No
WO-00072-T07,WO-00072,MC-006,CNC Lathe TL-04,CL-CNC-TURN,7,Spindle temperature after 30 min run,Measurement,<= 55 deg C,Yes,No,OK,51.7,,TECH-01,2026-03-06,No
WO-00072-T08,WO-00072,MC-006,CNC Lathe TL-04,CL-CNC-TURN,8,Check hydraulic pressure,Measurement,35 - 40 bar,Yes,No,OK,35.43,,TECH-01,2026-03-06,No
WO-00072-T09,WO-00072,MC-006,CNC Lathe TL-04,CL-CNC-TURN,9,Turret indexing time and repeatability,Measurement,<= 1.2 s,Yes,No,OK,1.73,,TECH-01,2026-03-06,No
WO-00072-T10,WO-00072,MC-006,CNC Lathe TL-04,CL-CNC-TURN,10,Tailstock / chuck clamping pressure,Measurement,18 - 22 bar,Yes,Yes,OK,46.0,,TECH-01,2026-03-06,No
WO-00072-T11,WO-00072,MC-006,CNC Lathe TL-04,CL-CNC-TURN,11,Check air filter / regulator / lubricator (FRL),Visual,"Bowl clean, no water",Yes,No,OK,,,TECH-01,2026-03-06,No
WO-00072-T12,WO-00072,MC-006,CNC Lathe TL-04,CL-CNC-TURN,12,Verify E-stop and door interlock function,Safety,Stops within 1 s,Yes,Yes,OK,,,TECH-01,2026-03-06,No
WO-00072-T13,WO-00072,MC-006,CNC Lathe TL-04,CL-CNC-TURN,13,Backlash check X and Z axis,Measurement,<= 0.01 mm,No,No,OK,49.37,,TECH-01,2026-03-06,No
WO-00072-T14,WO-00072,MC-006,CNC Lathe TL-04,CL-CNC-TURN,14,Electrical panel cleaning and terminal tightness,Electrical,"No dust, no loose lug",Yes,Yes,OK,,,TECH-01,2026-03-06,No
WO-00073-T01,WO-00073,MC-007,CNC Lathe TL-05,CL-CNC-TURN,1,Lock out / tag out verified before start,Safety,LOTO applied,Yes,Yes,OK,,,TECH-03,2026-02-11,No
WO-00073-T02,WO-00073,MC-007,CNC Lathe TL-05,CL-CNC-TURN,2,"Clean chip conveyor, coolant tank and chip tray",Cleaning,No chip accumulation,Yes,No,OK,,,TECH-03,2026-02-11,No
WO-00073-T03,WO-00073,MC-007,CNC Lathe TL-05,CL-CNC-TURN,3,Check coolant concentration,Measurement,6 - 9 %,Yes,No,OK,55.01,,TECH-03,2026-02-11,No
WO-00073-T04,WO-00073,MC-007,CNC Lathe TL-05,CL-CNC-TURN,4,Check way lube level and top up,Lubrication,Above MIN mark,Yes,No,OK,,,TECH-03,2026-02-11,No
WO-00073-T05,WO-00073,MC-007,CNC Lathe TL-05,CL-CNC-TURN,5,Inspect way covers and wipers for damage,Visual,No tear / no leak,Yes,No,OK,,,TECH-03,2026-02-11,No
WO-00073-T06,WO-00073,MC-007,CNC Lathe TL-05,CL-CNC-TURN,6,Spindle vibration check,Measurement,<= 2.8 mm/s RMS,Yes,No,OK,11.3,,TECH-03,2026-02-11,No
WO-00073-T07,WO-00073,MC-007,CNC Lathe TL-05,CL-CNC-TURN,7,Spindle temperature after 30 min run,Measurement,<= 55 deg C,Yes,No,OK,35.33,,TECH-03,2026-02-11,No
WO-00073-T08,WO-00073,MC-007,CNC Lathe TL-05,CL-CNC-TURN,8,Check hydraulic pressure,Measurement,35 - 40 bar,Yes,No,OK,38.27,,TECH-03,2026-02-11,No
WO-00073-T09,WO-00073,MC-007,CNC Lathe TL-05,CL-CNC-TURN,9,Turret indexing time and repeatability,Measurement,<= 1.2 s,Yes,No,OK,29.76,,TECH-03,2026-02-11,No
WO-00073-T10,WO-00073,MC-007,CNC Lathe TL-05,CL-CNC-TURN,10,Tailstock / chuck clamping pressure,Measurement,18 - 22 bar,Yes,Yes,OK,5.93,,TECH-03,2026-02-11,No
WO-00073-T11,WO-00073,MC-007,CNC Lathe TL-05,CL-CNC-TURN,11,Check air filter / regulator / lubricator (FRL),Visual,"Bowl clean, no water",Yes,No,OK,,,TECH-03,2026-02-11,No
WO-00073-T12,WO-00073,MC-007,CNC Lathe TL-05,CL-CNC-TURN,12,Verify E-stop and door interlock function,Safety,Stops within 1 s,Yes,Yes,OK,,,TECH-03,2026-02-11,No
WO-00073-T13,WO-00073,MC-007,CNC Lathe TL-05,CL-CNC-TURN,13,Backlash check X and Z axis,Measurement,<= 0.01 mm,No,No,OK,21.2,,TECH-03,2026-02-11,No
WO-00073-T14,WO-00073,MC-007,CNC Lathe TL-05,CL-CNC-TURN,14,Electrical panel cleaning and terminal tightness,Electrical,"No dust, no loose lug",Yes,Yes,OK,,,TECH-03,2026-02-11,No
WO-00074-T01,WO-00074,MC-008,VMC MC-01,CL-CNC-MILL,1,Lock out / tag out verified before start,Safety,LOTO applied,Yes,Yes,OK,,,TECH-02,2026-02-17,No
WO-00074-T02,WO-00074,MC-008,VMC MC-01,CL-CNC-MILL,2,"Clean work enclosure, chip auger and coolant tank",Cleaning,No chip accumulation,Yes,No,OK,,,TECH-02,2026-02-17,No
WO-00074-T03,WO-00074,MC-008,VMC MC-01,CL-CNC-MILL,3,Check coolant concentration,Measurement,6 - 9 %,Yes,No,OK,17.65,,TECH-02,2026-02-17,No
WO-00074-T04,WO-00074,MC-008,VMC MC-01,CL-CNC-MILL,4,Grease ball screws and linear guides,Lubrication,As per lube chart,Yes,No,OK,,,TECH-02,2026-02-17,No
WO-00074-T05,WO-00074,MC-008,VMC MC-01,CL-CNC-MILL,5,Spindle taper cleaning and condition check,Visual,No fretting / burr,Yes,No,OK,,,TECH-02,2026-02-17,No
WO-00074-T06,WO-00074,MC-008,VMC MC-01,CL-CNC-MILL,6,Spindle vibration check,Measurement,<= 2.8 mm/s RMS,Yes,No,OK,56.74,,TECH-02,2026-02-17,No
WO-00074-T07,WO-00074,MC-008,VMC MC-01,CL-CNC-MILL,7,ATC arm alignment and tool clamp force,Measurement,Within OEM spec,Yes,Yes,OK,48.91,,TECH-02,2026-02-17,No
WO-00074-T08,WO-00074,MC-008,VMC MC-01,CL-CNC-MILL,8,Check hydraulic / pneumatic pressure,Measurement,5.5 - 6.5 bar,Yes,No,OK,33.23,,TECH-02,2026-02-17,No
WO-00074-T09,WO-00074,MC-008,VMC MC-01,CL-CNC-MILL,9,Verify axis home position repeatability,Measurement,<= 0.005 mm,No,No,OK,27.56,,TECH-02,2026-02-17,No
WO-00074-T10,WO-00074,MC-008,VMC MC-01,CL-CNC-MILL,10,Verify E-stop and door interlock function,Safety,Stops within 1 s,Yes,Yes,OK,,,TECH-02,2026-02-17,No
WO-00074-T11,WO-00074,MC-008,VMC MC-01,CL-CNC-MILL,11,Electrical panel cleaning and terminal tightness,Electrical,"No dust, no loose lug",Yes,Yes,OK,,,TECH-02,2026-02-17,No
WO-00074-T12,WO-00074,MC-008,VMC MC-01,CL-CNC-MILL,12,Check chiller for spindle - temp and level,Measurement,20 +/- 2 deg C,Yes,No,OK,19.21,,TECH-02,2026-02-17,No
WO-00076-T01,WO-00076,MC-006,CNC Lathe TL-04,CL-CNC-TURN,1,Lock out / tag out verified before start,Safety,LOTO applied,Yes,Yes,OK,,,TECH-02,2026-06-07,No
WO-00076-T02,WO-00076,MC-006,CNC Lathe TL-04,CL-CNC-TURN,2,"Clean chip conveyor, coolant tank and chip tray",Cleaning,No chip accumulation,Yes,No,OK,,,TECH-02,2026-06-07,No
WO-00076-T03,WO-00076,MC-006,CNC Lathe TL-04,CL-CNC-TURN,3,Check coolant concentration,Measurement,6 - 9 %,Yes,No,OK,52.23,,TECH-02,2026-06-07,No
WO-00076-T04,WO-00076,MC-006,CNC Lathe TL-04,CL-CNC-TURN,4,Check way lube level and top up,Lubrication,Above MIN mark,Yes,No,OK,,,TECH-02,2026-06-07,No
WO-00076-T05,WO-00076,MC-006,CNC Lathe TL-04,CL-CNC-TURN,5,Inspect way covers and wipers for damage,Visual,No tear / no leak,Yes,No,OK,,,TECH-02,2026-06-07,No
WO-00076-T06,WO-00076,MC-006,CNC Lathe TL-04,CL-CNC-TURN,6,Spindle vibration check,Measurement,<= 2.8 mm/s RMS,Yes,No,OK,27.99,,TECH-02,2026-06-07,No
WO-00076-T07,WO-00076,MC-006,CNC Lathe TL-04,CL-CNC-TURN,7,Spindle temperature after 30 min run,Measurement,<= 55 deg C,Yes,No,OK,3.73,,TECH-02,2026-06-07,No
WO-00076-T08,WO-00076,MC-006,CNC Lathe TL-04,CL-CNC-TURN,8,Check hydraulic pressure,Measurement,35 - 40 bar,Yes,No,OK,31.35,,TECH-02,2026-06-07,No
WO-00076-T09,WO-00076,MC-006,CNC Lathe TL-04,CL-CNC-TURN,9,Turret indexing time and repeatability,Measurement,<= 1.2 s,Yes,No,OK,37.55,,TECH-02,2026-06-07,No
WO-00076-T10,WO-00076,MC-006,CNC Lathe TL-04,CL-CNC-TURN,10,Tailstock / chuck clamping pressure,Measurement,18 - 22 bar,Yes,Yes,OK,30.16,,TECH-02,2026-06-07,No
WO-00076-T11,WO-00076,MC-006,CNC Lathe TL-04,CL-CNC-TURN,11,Check air filter / regulator / lubricator (FRL),Visual,"Bowl clean, no water",Yes,No,OK,,,TECH-02,2026-06-07,No
WO-00076-T12,WO-00076,MC-006,CNC Lathe TL-04,CL-CNC-TURN,12,Verify E-stop and door interlock function,Safety,Stops within 1 s,Yes,Yes,OK,,,TECH-02,2026-06-07,No
WO-00076-T13,WO-00076,MC-006,CNC Lathe TL-04,CL-CNC-TURN,13,Backlash check X and Z axis,Measurement,<= 0.01 mm,No,No,OK,26.8,,TECH-02,2026-06-07,No
WO-00076-T14,WO-00076,MC-006,CNC Lathe TL-04,CL-CNC-TURN,14,Electrical panel cleaning and terminal tightness,Electrical,"No dust, no loose lug",Yes,Yes,OK,,,TECH-02,2026-06-07,No
WO-00077-T01,WO-00077,MC-007,CNC Lathe TL-05,CL-CNC-TURN,1,Lock out / tag out verified before start,Safety,LOTO applied,Yes,Yes,OK,,,TECH-01,2026-06-10,No
WO-00077-T02,WO-00077,MC-007,CNC Lathe TL-05,CL-CNC-TURN,2,"Clean chip conveyor, coolant tank and chip tray",Cleaning,No chip accumulation,Yes,No,OK,,,TECH-01,2026-06-10,No
WO-00077-T03,WO-00077,MC-007,CNC Lathe TL-05,CL-CNC-TURN,3,Check coolant concentration,Measurement,6 - 9 %,Yes,No,OK,42.05,,TECH-01,2026-06-10,No
WO-00077-T04,WO-00077,MC-007,CNC Lathe TL-05,CL-CNC-TURN,4,Check way lube level and top up,Lubrication,Above MIN mark,Yes,No,OK,,,TECH-01,2026-06-10,No
WO-00077-T05,WO-00077,MC-007,CNC Lathe TL-05,CL-CNC-TURN,5,Inspect way covers and wipers for damage,Visual,No tear / no leak,Yes,No,OK,,,TECH-01,2026-06-10,No
WO-00077-T06,WO-00077,MC-007,CNC Lathe TL-05,CL-CNC-TURN,6,Spindle vibration check,Measurement,<= 2.8 mm/s RMS,Yes,No,OK,7.72,,TECH-01,2026-06-10,No
WO-00077-T07,WO-00077,MC-007,CNC Lathe TL-05,CL-CNC-TURN,7,Spindle temperature after 30 min run,Measurement,<= 55 deg C,Yes,No,OK,58.4,,TECH-01,2026-06-10,No
WO-00077-T08,WO-00077,MC-007,CNC Lathe TL-05,CL-CNC-TURN,8,Check hydraulic pressure,Measurement,35 - 40 bar,Yes,No,OK,36.73,,TECH-01,2026-06-10,No
WO-00077-T09,WO-00077,MC-007,CNC Lathe TL-05,CL-CNC-TURN,9,Turret indexing time and repeatability,Measurement,<= 1.2 s,Yes,No,OK,14.74,,TECH-01,2026-06-10,No
WO-00077-T10,WO-00077,MC-007,CNC Lathe TL-05,CL-CNC-TURN,10,Tailstock / chuck clamping pressure,Measurement,18 - 22 bar,Yes,Yes,OK,9.92,,TECH-01,2026-06-10,No
WO-00077-T11,WO-00077,MC-007,CNC Lathe TL-05,CL-CNC-TURN,11,Check air filter / regulator / lubricator (FRL),Visual,"Bowl clean, no water",Yes,No,OK,,,TECH-01,2026-06-10,No
WO-00077-T12,WO-00077,MC-007,CNC Lathe TL-05,CL-CNC-TURN,12,Verify E-stop and door interlock function,Safety,Stops within 1 s,Yes,Yes,OK,,,TECH-01,2026-06-10,No
WO-00077-T13,WO-00077,MC-007,CNC Lathe TL-05,CL-CNC-TURN,13,Backlash check X and Z axis,Measurement,<= 0.01 mm,No,No,OK,33.27,,TECH-01,2026-06-10,No
WO-00077-T14,WO-00077,MC-007,CNC Lathe TL-05,CL-CNC-TURN,14,Electrical panel cleaning and terminal tightness,Electrical,"No dust, no loose lug",Yes,Yes,OK,,,TECH-01,2026-06-10,No
WO-00078-T01,WO-00078,MC-008,VMC MC-01,CL-CNC-MILL,1,Lock out / tag out verified before start,Safety,LOTO applied,Yes,Yes,OK,,,TECH-03,2026-06-16,No
WO-00078-T02,WO-00078,MC-008,VMC MC-01,CL-CNC-MILL,2,"Clean work enclosure, chip auger and coolant tank",Cleaning,No chip accumulation,Yes,No,OK,,,TECH-03,2026-06-16,No
WO-00078-T03,WO-00078,MC-008,VMC MC-01,CL-CNC-MILL,3,Check coolant concentration,Measurement,6 - 9 %,Yes,No,OK,50.01,,TECH-03,2026-06-16,No
WO-00078-T04,WO-00078,MC-008,VMC MC-01,CL-CNC-MILL,4,Grease ball screws and linear guides,Lubrication,As per lube chart,Yes,No,OK,,,TECH-03,2026-06-16,No
WO-00078-T05,WO-00078,MC-008,VMC MC-01,CL-CNC-MILL,5,Spindle taper cleaning and condition check,Visual,No fretting / burr,Yes,No,OK,,,TECH-03,2026-06-16,No
WO-00078-T06,WO-00078,MC-008,VMC MC-01,CL-CNC-MILL,6,Spindle vibration check,Measurement,<= 2.8 mm/s RMS,Yes,No,OK,30.15,,TECH-03,2026-06-16,No
WO-00078-T07,WO-00078,MC-008,VMC MC-01,CL-CNC-MILL,7,ATC arm alignment and tool clamp force,Measurement,Within OEM spec,Yes,Yes,OK,43.14,,TECH-03,2026-06-16,No
WO-00078-T08,WO-00078,MC-008,VMC MC-01,CL-CNC-MILL,8,Check hydraulic / pneumatic pressure,Measurement,5.5 - 6.5 bar,Yes,No,OK,30.78,,TECH-03,2026-06-16,No
WO-00078-T09,WO-00078,MC-008,VMC MC-01,CL-CNC-MILL,9,Verify axis home position repeatability,Measurement,<= 0.005 mm,No,No,OK,16.77,,TECH-03,2026-06-16,No
WO-00078-T10,WO-00078,MC-008,VMC MC-01,CL-CNC-MILL,10,Verify E-stop and door interlock function,Safety,Stops within 1 s,Yes,Yes,OK,,,TECH-03,2026-06-16,No
WO-00078-T11,WO-00078,MC-008,VMC MC-01,CL-CNC-MILL,11,Electrical panel cleaning and terminal tightness,Electrical,"No dust, no loose lug",Yes,Yes,OK,,,TECH-03,2026-06-16,No
WO-00078-T12,WO-00078,MC-008,VMC MC-01,CL-CNC-MILL,12,Check chiller for spindle - temp and level,Measurement,20 +/- 2 deg C,Yes,No,OK,50.17,,TECH-03,2026-06-16,No
WO-00079-T01,WO-00079,MC-009,VMC MC-02,CL-CNC-MILL,1,Lock out / tag out verified before start,Safety,LOTO applied,Yes,Yes,OK,,,TECH-02,2026-06-23,No
WO-00079-T02,WO-00079,MC-009,VMC MC-02,CL-CNC-MILL,2,"Clean work enclosure, chip auger and coolant tank",Cleaning,No chip accumulation,Yes,No,OK,,,TECH-02,2026-06-23,No
WO-00079-T03,WO-00079,MC-009,VMC MC-02,CL-CNC-MILL,3,Check coolant concentration,Measurement,6 - 9 %,Yes,No,Not OK,51.91,Deviation observed - abnormality raised,TECH-02,2026-06-23,Yes
WO-00079-T04,WO-00079,MC-009,VMC MC-02,CL-CNC-MILL,4,Grease ball screws and linear guides,Lubrication,As per lube chart,Yes,No,OK,,,TECH-02,2026-06-23,No
WO-00079-T05,WO-00079,MC-009,VMC MC-02,CL-CNC-MILL,5,Spindle taper cleaning and condition check,Visual,No fretting / burr,Yes,No,OK,,,TECH-02,2026-06-23,No
WO-00079-T06,WO-00079,MC-009,VMC MC-02,CL-CNC-MILL,6,Spindle vibration check,Measurement,<= 2.8 mm/s RMS,Yes,No,OK,16.94,,TECH-02,2026-06-23,No
WO-00079-T07,WO-00079,MC-009,VMC MC-02,CL-CNC-MILL,7,ATC arm alignment and tool clamp force,Measurement,Within OEM spec,Yes,Yes,OK,47.51,,TECH-02,2026-06-23,No
WO-00079-T08,WO-00079,MC-009,VMC MC-02,CL-CNC-MILL,8,Check hydraulic / pneumatic pressure,Measurement,5.5 - 6.5 bar,Yes,No,OK,25.19,,TECH-02,2026-06-23,No
WO-00079-T09,WO-00079,MC-009,VMC MC-02,CL-CNC-MILL,9,Verify axis home position repeatability,Measurement,<= 0.005 mm,No,No,Not OK,56.09,Deviation observed - abnormality raised,TECH-02,2026-06-23,Yes
WO-00079-T10,WO-00079,MC-009,VMC MC-02,CL-CNC-MILL,10,Verify E-stop and door interlock function,Safety,Stops within 1 s,Yes,Yes,OK,,,TECH-02,2026-06-23,No
WO-00079-T11,WO-00079,MC-009,VMC MC-02,CL-CNC-MILL,11,Electrical panel cleaning and terminal tightness,Electrical,"No dust, no loose lug",Yes,Yes,OK,,,TECH-02,2026-06-23,No
WO-00079-T12,WO-00079,MC-009,VMC MC-02,CL-CNC-MILL,12,Check chiller for spindle - temp and level,Measurement,20 +/- 2 deg C,Yes,No,OK,30.71,,TECH-02,2026-06-23,No
WO-00092-T01,WO-00092,MC-010,Gear Hobber GH-01,CL-GEAR,1,Lock out / tag out verified before start,Safety,LOTO applied,Yes,Yes,OK,,,TECH-03,2024-10-09,No
WO-00092-T02,WO-00092,MC-010,Gear Hobber GH-01,CL-GEAR,2,"Clean machine bed, swarf tray and coolant filter",Cleaning,Filter clear,Yes,No,OK,,,TECH-03,2024-10-09,No
WO-00092-T03,WO-00092,MC-010,Gear Hobber GH-01,CL-GEAR,3,Hob head / cutter spindle runout,Measurement,<= 0.008 mm,Yes,No,OK,51.98,,TECH-03,2024-10-09,No
WO-00092-T04,WO-00092,MC-010,Gear Hobber GH-01,CL-GEAR,4,Work spindle bearing temperature,Measurement,<= 60 deg C,Yes,No,OK,27.07,,TECH-03,2024-10-09,No
WO-00092-T05,WO-00092,MC-010,Gear Hobber GH-01,CL-GEAR,5,Check and top up gearbox oil,Lubrication,Between MIN and MAX,Yes,No,OK,,,TECH-03,2024-10-09,No
WO-00092-T06,WO-00092,MC-010,Gear Hobber GH-01,CL-GEAR,6,Inspect timing belts / drive couplings,Visual,"No crack, correct tension",Yes,No,OK,,,TECH-03,2024-10-09,No
WO-00092-T07,WO-00092,MC-010,Gear Hobber GH-01,CL-GEAR,7,Index table backlash check,Measurement,<= 0.01 deg,No,No,OK,29.32,,TECH-03,2024-10-09,No
WO-00092-T08,WO-00092,MC-010,Gear Hobber GH-01,CL-GEAR,8,Coolant flow at cutting zone,Measurement,>= 40 L/min,Yes,No,OK,20.28,,TECH-03,2024-10-09,No
WO-00092-T09,WO-00092,MC-010,Gear Hobber GH-01,CL-GEAR,9,Check guarding and interlocks,Safety,All interlocks active,Yes,Yes,OK,,,TECH-03,2024-10-09,No
WO-00092-T10,WO-00092,MC-010,Gear Hobber GH-01,CL-GEAR,10,Electrical panel cleaning and terminal tightness,Electrical,"No dust, no loose lug",Yes,Yes,OK,,,TECH-03,2024-10-09,No
WO-00092-T11,WO-00092,MC-010,Gear Hobber GH-01,CL-GEAR,11,Hydraulic power pack pressure and leak check,Measurement,"45 - 55 bar, no leak",Yes,No,OK,45.89,,TECH-03,2024-10-09,No
WO-00094-T01,WO-00094,MC-012,Gear Shaver GS-01,CL-GEAR,1,Lock out / tag out verified before start,Safety,LOTO applied,Yes,Yes,OK,,,TECH-01,2024-11-04,No
WO-00094-T02,WO-00094,MC-012,Gear Shaver GS-01,CL-GEAR,2,"Clean machine bed, swarf tray and coolant filter",Cleaning,Filter clear,Yes,No,OK,,,TECH-01,2024-11-04,No
WO-00094-T03,WO-00094,MC-012,Gear Shaver GS-01,CL-GEAR,3,Hob head / cutter spindle runout,Measurement,<= 0.008 mm,Yes,No,OK,46.64,,TECH-01,2024-11-04,No
WO-00094-T04,WO-00094,MC-012,Gear Shaver GS-01,CL-GEAR,4,Work spindle bearing temperature,Measurement,<= 60 deg C,Yes,No,OK,3.1,,TECH-01,2024-11-04,No
WO-00094-T05,WO-00094,MC-012,Gear Shaver GS-01,CL-GEAR,5,Check and top up gearbox oil,Lubrication,Between MIN and MAX,Yes,No,OK,,,TECH-01,2024-11-04,No
WO-00094-T06,WO-00094,MC-012,Gear Shaver GS-01,CL-GEAR,6,Inspect timing belts / drive couplings,Visual,"No crack, correct tension",Yes,No,OK,,,TECH-01,2024-11-04,No
WO-00094-T07,WO-00094,MC-012,Gear Shaver GS-01,CL-GEAR,7,Index table backlash check,Measurement,<= 0.01 deg,No,No,OK,44.81,,TECH-01,2024-11-04,No
WO-00094-T08,WO-00094,MC-012,Gear Shaver GS-01,CL-GEAR,8,Coolant flow at cutting zone,Measurement,>= 40 L/min,Yes,No,OK,42.46,,TECH-01,2024-11-04,No
WO-00094-T09,WO-00094,MC-012,Gear Shaver GS-01,CL-GEAR,9,Check guarding and interlocks,Safety,All interlocks active,Yes,Yes,OK,,,TECH-01,2024-11-04,No
WO-00094-T10,WO-00094,MC-012,Gear Shaver GS-01,CL-GEAR,10,Electrical panel cleaning and terminal tightness,Electrical,"No dust, no loose lug",Yes,Yes,OK,,,TECH-01,2024-11-04,No
WO-00094-T11,WO-00094,MC-012,Gear Shaver GS-01,CL-GEAR,11,Hydraulic power pack pressure and leak check,Measurement,"45 - 55 bar, no leak",Yes,No,OK,48.78,,TECH-01,2024-11-04,No
WO-00095-T01,WO-00095,MC-013,Deburring Unit DB-01,CL-UTIL,1,Lock out / tag out verified before start,Safety,LOTO applied,Yes,Yes,OK,,,TECH-03,2024-10-24,No
WO-00095-T02,WO-00095,MC-013,Deburring Unit DB-01,CL-UTIL,2,General cleaning and housekeeping,Cleaning,No debris,Yes,No,OK,,,TECH-03,2024-10-24,No
WO-00095-T03,WO-00095,MC-013,Deburring Unit DB-01,CL-UTIL,3,Belt / chain tension and alignment,Measurement,As per OEM,Yes,No,OK,30.39,,TECH-03,2024-10-24,No
WO-00095-T04,WO-00095,MC-013,Deburring Unit DB-01,CL-UTIL,4,Bearing greasing as per lube chart,Lubrication,All points,Yes,No,OK,,,TECH-03,2024-10-24,No
WO-00095-T05,WO-00095,MC-013,Deburring Unit DB-01,CL-UTIL,5,Motor current and vibration check,Measurement,"<= FLC, <= 4.5 mm/s",Yes,No,OK,35.62,,TECH-03,2024-10-24,No
WO-00095-T06,WO-00095,MC-013,Deburring Unit DB-01,CL-UTIL,6,Air / oil filter condition,Visual,Clean or replace,Yes,No,OK,,,TECH-03,2024-10-24,No
WO-00095-T07,WO-00095,MC-013,Deburring Unit DB-01,CL-UTIL,7,Condensate drain and moisture trap,Cleaning,Free draining,Yes,No,OK,,,TECH-03,2024-10-24,No
WO-00095-T08,WO-00095,MC-013,Deburring Unit DB-01,CL-UTIL,8,Safety guard and E-stop check,Safety,Functional,Yes,Yes,OK,,,TECH-03,2024-10-24,No
WO-00095-T09,WO-00095,MC-013,Deburring Unit DB-01,CL-UTIL,9,Electrical panel cleaning and terminal tightness,Electrical,"No dust, no loose lug",Yes,Yes,OK,,,TECH-03,2024-10-24,No
WO-00096-T01,WO-00096,MC-010,Gear Hobber GH-01,CL-GEAR,1,Lock out / tag out verified before start,Safety,LOTO applied,Yes,Yes,OK,,,TECH-01,2025-04-02,No
WO-00096-T02,WO-00096,MC-010,Gear Hobber GH-01,CL-GEAR,2,"Clean machine bed, swarf tray and coolant filter",Cleaning,Filter clear,Yes,No,OK,,,TECH-01,2025-04-02,No
WO-00096-T03,WO-00096,MC-010,Gear Hobber GH-01,CL-GEAR,3,Hob head / cutter spindle runout,Measurement,<= 0.008 mm,Yes,No,OK,43.49,,TECH-01,2025-04-02,No
WO-00096-T04,WO-00096,MC-010,Gear Hobber GH-01,CL-GEAR,4,Work spindle bearing temperature,Measurement,<= 60 deg C,Yes,No,OK,24.89,,TECH-01,2025-04-02,No
WO-00096-T05,WO-00096,MC-010,Gear Hobber GH-01,CL-GEAR,5,Check and top up gearbox oil,Lubrication,Between MIN and MAX,Yes,No,OK,,,TECH-01,2025-04-02,No
WO-00096-T06,WO-00096,MC-010,Gear Hobber GH-01,CL-GEAR,6,Inspect timing belts / drive couplings,Visual,"No crack, correct tension",Yes,No,OK,,,TECH-01,2025-04-02,No
WO-00096-T07,WO-00096,MC-010,Gear Hobber GH-01,CL-GEAR,7,Index table backlash check,Measurement,<= 0.01 deg,No,No,OK,39.46,,TECH-01,2025-04-02,No
WO-00096-T08,WO-00096,MC-010,Gear Hobber GH-01,CL-GEAR,8,Coolant flow at cutting zone,Measurement,>= 40 L/min,Yes,No,OK,9.68,,TECH-01,2025-04-02,No
WO-00096-T09,WO-00096,MC-010,Gear Hobber GH-01,CL-GEAR,9,Check guarding and interlocks,Safety,All interlocks active,Yes,Yes,OK,,,TECH-01,2025-04-02,No
WO-00096-T10,WO-00096,MC-010,Gear Hobber GH-01,CL-GEAR,10,Electrical panel cleaning and terminal tightness,Electrical,"No dust, no loose lug",Yes,Yes,OK,,,TECH-01,2025-04-02,No
WO-00096-T11,WO-00096,MC-010,Gear Hobber GH-01,CL-GEAR,11,Hydraulic power pack pressure and leak check,Measurement,"45 - 55 bar, no leak",Yes,No,OK,28.43,,TECH-01,2025-04-02,No
WO-00097-T01,WO-00097,MC-011,Gear Hobber GH-02,CL-GEAR,1,Lock out / tag out verified before start,Safety,LOTO applied,Yes,Yes,OK,,,TECH-03,2025-03-14,No
WO-00097-T02,WO-00097,MC-011,Gear Hobber GH-02,CL-GEAR,2,"Clean machine bed, swarf tray and coolant filter",Cleaning,Filter clear,Yes,No,OK,,,TECH-03,2025-03-14,No
WO-00097-T03,WO-00097,MC-011,Gear Hobber GH-02,CL-GEAR,3,Hob head / cutter spindle runout,Measurement,<= 0.008 mm,Yes,No,OK,51.63,,TECH-03,2025-03-14,No
WO-00097-T04,WO-00097,MC-011,Gear Hobber GH-02,CL-GEAR,4,Work spindle bearing temperature,Measurement,<= 60 deg C,Yes,No,OK,23.11,,TECH-03,2025-03-14,No
WO-00097-T05,WO-00097,MC-011,Gear Hobber GH-02,CL-GEAR,5,Check and top up gearbox oil,Lubrication,Between MIN and MAX,Yes,No,OK,,,TECH-03,2025-03-14,No
WO-00097-T06,WO-00097,MC-011,Gear Hobber GH-02,CL-GEAR,6,Inspect timing belts / drive couplings,Visual,"No crack, correct tension",Yes,No,OK,,,TECH-03,2025-03-14,No
WO-00097-T07,WO-00097,MC-011,Gear Hobber GH-02,CL-GEAR,7,Index table backlash check,Measurement,<= 0.01 deg,No,No,OK,19.34,,TECH-03,2025-03-14,No
WO-00097-T08,WO-00097,MC-011,Gear Hobber GH-02,CL-GEAR,8,Coolant flow at cutting zone,Measurement,>= 40 L/min,Yes,No,OK,43.26,,TECH-03,2025-03-14,No
WO-00097-T09,WO-00097,MC-011,Gear Hobber GH-02,CL-GEAR,9,Check guarding and interlocks,Safety,All interlocks active,Yes,Yes,OK,,,TECH-03,2025-03-14,No
WO-00097-T10,WO-00097,MC-011,Gear Hobber GH-02,CL-GEAR,10,Electrical panel cleaning and terminal tightness,Electrical,"No dust, no loose lug",Yes,Yes,OK,,,TECH-03,2025-03-14,No
WO-00097-T11,WO-00097,MC-011,Gear Hobber GH-02,CL-GEAR,11,Hydraulic power pack pressure and leak check,Measurement,"45 - 55 bar, no leak",Yes,No,Not OK,45.68,Deviation observed - abnormality raised,TECH-03,2025-03-14,Yes
WO-00098-T01,WO-00098,MC-012,Gear Shaver GS-01,CL-GEAR,1,Lock out / tag out verified before start,Safety,LOTO applied,Yes,Yes,OK,,,TECH-02,2025-03-18,No
WO-00098-T02,WO-00098,MC-012,Gear Shaver GS-01,CL-GEAR,2,"Clean machine bed, swarf tray and coolant filter",Cleaning,Filter clear,Yes,No,Not OK,,Deviation observed - abnormality raised,TECH-02,2025-03-18,Yes
WO-00098-T03,WO-00098,MC-012,Gear Shaver GS-01,CL-GEAR,3,Hob head / cutter spindle runout,Measurement,<= 0.008 mm,Yes,No,OK,26.32,,TECH-02,2025-03-18,No
WO-00098-T04,WO-00098,MC-012,Gear Shaver GS-01,CL-GEAR,4,Work spindle bearing temperature,Measurement,<= 60 deg C,Yes,No,Not OK,6.36,Deviation observed - abnormality raised,TECH-02,2025-03-18,Yes
WO-00098-T05,WO-00098,MC-012,Gear Shaver GS-01,CL-GEAR,5,Check and top up gearbox oil,Lubrication,Between MIN and MAX,Yes,No,OK,,,TECH-02,2025-03-18,No
WO-00098-T06,WO-00098,MC-012,Gear Shaver GS-01,CL-GEAR,6,Inspect timing belts / drive couplings,Visual,"No crack, correct tension",Yes,No,OK,,,TECH-02,2025-03-18,No
WO-00098-T07,WO-00098,MC-012,Gear Shaver GS-01,CL-GEAR,7,Index table backlash check,Measurement,<= 0.01 deg,No,No,OK,38.21,,TECH-02,2025-03-18,No
WO-00098-T08,WO-00098,MC-012,Gear Shaver GS-01,CL-GEAR,8,Coolant flow at cutting zone,Measurement,>= 40 L/min,Yes,No,OK,52.42,,TECH-02,2025-03-18,No
WO-00098-T09,WO-00098,MC-012,Gear Shaver GS-01,CL-GEAR,9,Check guarding and interlocks,Safety,All interlocks active,Yes,Yes,OK,,,TECH-02,2025-03-18,No
WO-00098-T10,WO-00098,MC-012,Gear Shaver GS-01,CL-GEAR,10,Electrical panel cleaning and terminal tightness,Electrical,"No dust, no loose lug",Yes,Yes,OK,,,TECH-02,2025-03-18,No
WO-00098-T11,WO-00098,MC-012,Gear Shaver GS-01,CL-GEAR,11,Hydraulic power pack pressure and leak check,Measurement,"45 - 55 bar, no leak",Yes,No,OK,26.9,,TECH-02,2025-03-18,No
WO-00099-T01,WO-00099,MC-013,Deburring Unit DB-01,CL-UTIL,1,Lock out / tag out verified before start,Safety,LOTO applied,Yes,Yes,OK,,,TECH-01,2025-04-01,No
WO-00099-T02,WO-00099,MC-013,Deburring Unit DB-01,CL-UTIL,2,General cleaning and housekeeping,Cleaning,No debris,Yes,No,OK,,,TECH-01,2025-04-01,No
WO-00099-T03,WO-00099,MC-013,Deburring Unit DB-01,CL-UTIL,3,Belt / chain tension and alignment,Measurement,As per OEM,Yes,No,OK,21.83,,TECH-01,2025-04-01,No
WO-00099-T04,WO-00099,MC-013,Deburring Unit DB-01,CL-UTIL,4,Bearing greasing as per lube chart,Lubrication,All points,Yes,No,OK,,,TECH-01,2025-04-01,No
WO-00099-T05,WO-00099,MC-013,Deburring Unit DB-01,CL-UTIL,5,Motor current and vibration check,Measurement,"<= FLC, <= 4.5 mm/s",Yes,No,OK,26.13,,TECH-01,2025-04-01,No
WO-00099-T06,WO-00099,MC-013,Deburring Unit DB-01,CL-UTIL,6,Air / oil filter condition,Visual,Clean or replace,Yes,No,OK,,,TECH-01,2025-04-01,No
WO-00099-T07,WO-00099,MC-013,Deburring Unit DB-01,CL-UTIL,7,Condensate drain and moisture trap,Cleaning,Free draining,Yes,No,OK,,,TECH-01,2025-04-01,No
WO-00099-T08,WO-00099,MC-013,Deburring Unit DB-01,CL-UTIL,8,Safety guard and E-stop check,Safety,Functional,Yes,Yes,OK,,,TECH-01,2025-04-01,No
WO-00099-T09,WO-00099,MC-013,Deburring Unit DB-01,CL-UTIL,9,Electrical panel cleaning and terminal tightness,Electrical,"No dust, no loose lug",Yes,Yes,OK,,,TECH-01,2025-04-01,No
WO-00100-T01,WO-00100,MC-010,Gear Hobber GH-01,CL-GEAR,1,Lock out / tag out verified before start,Safety,LOTO applied,Yes,Yes,OK,,,TECH-02,2025-08-06,No
WO-00100-T02,WO-00100,MC-010,Gear Hobber GH-01,CL-GEAR,2,"Clean machine bed, swarf tray and coolant filter",Cleaning,Filter clear,Yes,No,OK,,,TECH-02,2025-08-06,No
WO-00100-T03,WO-00100,MC-010,Gear Hobber GH-01,CL-GEAR,3,Hob head / cutter spindle runout,Measurement,<= 0.008 mm,Yes,No,OK,52.31,,TECH-02,2025-08-06,No
WO-00100-T04,WO-00100,MC-010,Gear Hobber GH-01,CL-GEAR,4,Work spindle bearing temperature,Measurement,<= 60 deg C,Yes,No,OK,37.37,,TECH-02,2025-08-06,No
WO-00100-T05,WO-00100,MC-010,Gear Hobber GH-01,CL-GEAR,5,Check and top up gearbox oil,Lubrication,Between MIN and MAX,Yes,No,OK,,,TECH-02,2025-08-06,No
WO-00100-T06,WO-00100,MC-010,Gear Hobber GH-01,CL-GEAR,6,Inspect timing belts / drive couplings,Visual,"No crack, correct tension",Yes,No,OK,,,TECH-02,2025-08-06,No
WO-00100-T07,WO-00100,MC-010,Gear Hobber GH-01,CL-GEAR,7,Index table backlash check,Measurement,<= 0.01 deg,No,No,OK,14.83,,TECH-02,2025-08-06,No
WO-00100-T08,WO-00100,MC-010,Gear Hobber GH-01,CL-GEAR,8,Coolant flow at cutting zone,Measurement,>= 40 L/min,Yes,No,OK,54.81,,TECH-02,2025-08-06,No
WO-00100-T09,WO-00100,MC-010,Gear Hobber GH-01,CL-GEAR,9,Check guarding and interlocks,Safety,All interlocks active,Yes,Yes,OK,,,TECH-02,2025-08-06,No
WO-00100-T10,WO-00100,MC-010,Gear Hobber GH-01,CL-GEAR,10,Electrical panel cleaning and terminal tightness,Electrical,"No dust, no loose lug",Yes,Yes,OK,,,TECH-02,2025-08-06,No
WO-00100-T11,WO-00100,MC-010,Gear Hobber GH-01,CL-GEAR,11,Hydraulic power pack pressure and leak check,Measurement,"45 - 55 bar, no leak",Yes,No,OK,9.02,,TECH-02,2025-08-06,No
WO-00101-T01,WO-00101,MC-011,Gear Hobber GH-02,CL-GEAR,1,Lock out / tag out verified before start,Safety,LOTO applied,Yes,Yes,OK,,,TECH-01,2025-08-13,No
WO-00101-T02,WO-00101,MC-011,Gear Hobber GH-02,CL-GEAR,2,"Clean machine bed, swarf tray and coolant filter",Cleaning,Filter clear,Yes,No,OK,,,TECH-01,2025-08-13,No
WO-00101-T03,WO-00101,MC-011,Gear Hobber GH-02,CL-GEAR,3,Hob head / cutter spindle runout,Measurement,<= 0.008 mm,Yes,No,OK,54.12,,TECH-01,2025-08-13,No
WO-00101-T04,WO-00101,MC-011,Gear Hobber GH-02,CL-GEAR,4,Work spindle bearing temperature,Measurement,<= 60 deg C,Yes,No,OK,40.82,,TECH-01,2025-08-13,No
WO-00101-T05,WO-00101,MC-011,Gear Hobber GH-02,CL-GEAR,5,Check and top up gearbox oil,Lubrication,Between MIN and MAX,Yes,No,OK,,,TECH-01,2025-08-13,No
WO-00101-T06,WO-00101,MC-011,Gear Hobber GH-02,CL-GEAR,6,Inspect timing belts / drive couplings,Visual,"No crack, correct tension",Yes,No,OK,,,TECH-01,2025-08-13,No
WO-00101-T07,WO-00101,MC-011,Gear Hobber GH-02,CL-GEAR,7,Index table backlash check,Measurement,<= 0.01 deg,No,No,OK,9.9,,TECH-01,2025-08-13,No
WO-00101-T08,WO-00101,MC-011,Gear Hobber GH-02,CL-GEAR,8,Coolant flow at cutting zone,Measurement,>= 40 L/min,Yes,No,Not OK,26.78,Deviation observed - abnormality raised,TECH-01,2025-08-13,Yes
WO-00101-T09,WO-00101,MC-011,Gear Hobber GH-02,CL-GEAR,9,Check guarding and interlocks,Safety,All interlocks active,Yes,Yes,OK,,,TECH-01,2025-08-13,No
WO-00101-T10,WO-00101,MC-011,Gear Hobber GH-02,CL-GEAR,10,Electrical panel cleaning and terminal tightness,Electrical,"No dust, no loose lug",Yes,Yes,OK,,,TECH-01,2025-08-13,No
WO-00101-T11,WO-00101,MC-011,Gear Hobber GH-02,CL-GEAR,11,Hydraulic power pack pressure and leak check,Measurement,"45 - 55 bar, no leak",Yes,No,OK,21.06,,TECH-01,2025-08-13,No
WO-00102-T01,WO-00102,MC-012,Gear Shaver GS-01,CL-GEAR,1,Lock out / tag out verified before start,Safety,LOTO applied,Yes,Yes,OK,,,TECH-03,2025-08-21,No
WO-00102-T02,WO-00102,MC-012,Gear Shaver GS-01,CL-GEAR,2,"Clean machine bed, swarf tray and coolant filter",Cleaning,Filter clear,Yes,No,OK,,,TECH-03,2025-08-21,No
WO-00102-T03,WO-00102,MC-012,Gear Shaver GS-01,CL-GEAR,3,Hob head / cutter spindle runout,Measurement,<= 0.008 mm,Yes,No,OK,18.48,,TECH-03,2025-08-21,No
WO-00102-T04,WO-00102,MC-012,Gear Shaver GS-01,CL-GEAR,4,Work spindle bearing temperature,Measurement,<= 60 deg C,Yes,No,OK,59.96,,TECH-03,2025-08-21,No
WO-00102-T05,WO-00102,MC-012,Gear Shaver GS-01,CL-GEAR,5,Check and top up gearbox oil,Lubrication,Between MIN and MAX,Yes,No,OK,,,TECH-03,2025-08-21,No
WO-00102-T06,WO-00102,MC-012,Gear Shaver GS-01,CL-GEAR,6,Inspect timing belts / drive couplings,Visual,"No crack, correct tension",Yes,No,OK,,,TECH-03,2025-08-21,No
WO-00102-T07,WO-00102,MC-012,Gear Shaver GS-01,CL-GEAR,7,Index table backlash check,Measurement,<= 0.01 deg,No,No,OK,51.27,,TECH-03,2025-08-21,No
WO-00102-T08,WO-00102,MC-012,Gear Shaver GS-01,CL-GEAR,8,Coolant flow at cutting zone,Measurement,>= 40 L/min,Yes,No,OK,6.85,,TECH-03,2025-08-21,No
WO-00102-T09,WO-00102,MC-012,Gear Shaver GS-01,CL-GEAR,9,Check guarding and interlocks,Safety,All interlocks active,Yes,Yes,OK,,,TECH-03,2025-08-21,No
WO-00102-T10,WO-00102,MC-012,Gear Shaver GS-01,CL-GEAR,10,Electrical panel cleaning and terminal tightness,Electrical,"No dust, no loose lug",Yes,Yes,OK,,,TECH-03,2025-08-21,No
WO-00102-T11,WO-00102,MC-012,Gear Shaver GS-01,CL-GEAR,11,Hydraulic power pack pressure and leak check,Measurement,"45 - 55 bar, no leak",Yes,No,OK,23.19,,TECH-03,2025-08-21,No
WO-00103-T01,WO-00103,MC-013,Deburring Unit DB-01,CL-UTIL,1,Lock out / tag out verified before start,Safety,LOTO applied,Yes,Yes,OK,,,TECH-02,2025-08-26,No
WO-00103-T02,WO-00103,MC-013,Deburring Unit DB-01,CL-UTIL,2,General cleaning and housekeeping,Cleaning,No debris,Yes,No,OK,,,TECH-02,2025-08-26,No
WO-00103-T03,WO-00103,MC-013,Deburring Unit DB-01,CL-UTIL,3,Belt / chain tension and alignment,Measurement,As per OEM,Yes,No,OK,16.83,,TECH-02,2025-08-26,No
WO-00103-T04,WO-00103,MC-013,Deburring Unit DB-01,CL-UTIL,4,Bearing greasing as per lube chart,Lubrication,All points,Yes,No,OK,,,TECH-02,2025-08-26,No
WO-00103-T05,WO-00103,MC-013,Deburring Unit DB-01,CL-UTIL,5,Motor current and vibration check,Measurement,"<= FLC, <= 4.5 mm/s",Yes,No,OK,34.17,,TECH-02,2025-08-26,No
WO-00103-T06,WO-00103,MC-013,Deburring Unit DB-01,CL-UTIL,6,Air / oil filter condition,Visual,Clean or replace,Yes,No,OK,,,TECH-02,2025-08-26,No
WO-00103-T07,WO-00103,MC-013,Deburring Unit DB-01,CL-UTIL,7,Condensate drain and moisture trap,Cleaning,Free draining,Yes,No,Not OK,,Deviation observed - abnormality raised,TECH-02,2025-08-26,Yes
WO-00103-T08,WO-00103,MC-013,Deburring Unit DB-01,CL-UTIL,8,Safety guard and E-stop check,Safety,Functional,Yes,Yes,OK,,,TECH-02,2025-08-26,No
WO-00103-T09,WO-00103,MC-013,Deburring Unit DB-01,CL-UTIL,9,Electrical panel cleaning and terminal tightness,Electrical,"No dust, no loose lug",Yes,Yes,OK,,,TECH-02,2025-08-26,No
WO-00104-T01,WO-00104,MC-010,Gear Hobber GH-01,CL-GEAR,1,Lock out / tag out verified before start,Safety,LOTO applied,Yes,Yes,OK,,,TECH-03,2026-02-04,No
WO-00104-T02,WO-00104,MC-010,Gear Hobber GH-01,CL-GEAR,2,"Clean machine bed, swarf tray and coolant filter",Cleaning,Filter clear,Yes,No,OK,,,TECH-03,2026-02-04,No
WO-00104-T03,WO-00104,MC-010,Gear Hobber GH-01,CL-GEAR,3,Hob head / cutter spindle runout,Measurement,<= 0.008 mm,Yes,No,OK,46.66,,TECH-03,2026-02-04,No
WO-00104-T04,WO-00104,MC-010,Gear Hobber GH-01,CL-GEAR,4,Work spindle bearing temperature,Measurement,<= 60 deg C,Yes,No,OK,14.19,,TECH-03,2026-02-04,No
WO-00104-T05,WO-00104,MC-010,Gear Hobber GH-01,CL-GEAR,5,Check and top up gearbox oil,Lubrication,Between MIN and MAX,Yes,No,Not OK,,Deviation observed - abnormality raised,TECH-03,2026-02-04,Yes
WO-00104-T06,WO-00104,MC-010,Gear Hobber GH-01,CL-GEAR,6,Inspect timing belts / drive couplings,Visual,"No crack, correct tension",Yes,No,OK,,,TECH-03,2026-02-04,No
WO-00104-T07,WO-00104,MC-010,Gear Hobber GH-01,CL-GEAR,7,Index table backlash check,Measurement,<= 0.01 deg,No,No,OK,48.21,,TECH-03,2026-02-04,No
WO-00104-T08,WO-00104,MC-010,Gear Hobber GH-01,CL-GEAR,8,Coolant flow at cutting zone,Measurement,>= 40 L/min,Yes,No,OK,13.53,,TECH-03,2026-02-04,No
WO-00104-T09,WO-00104,MC-010,Gear Hobber GH-01,CL-GEAR,9,Check guarding and interlocks,Safety,All interlocks active,Yes,Yes,OK,,,TECH-03,2026-02-04,No
WO-00104-T10,WO-00104,MC-010,Gear Hobber GH-01,CL-GEAR,10,Electrical panel cleaning and terminal tightness,Electrical,"No dust, no loose lug",Yes,Yes,OK,,,TECH-03,2026-02-04,No
WO-00104-T11,WO-00104,MC-010,Gear Hobber GH-01,CL-GEAR,11,Hydraulic power pack pressure and leak check,Measurement,"45 - 55 bar, no leak",Yes,No,OK,11.81,,TECH-03,2026-02-04,No
WO-00105-T01,WO-00105,MC-011,Gear Hobber GH-02,CL-GEAR,1,Lock out / tag out verified before start,Safety,LOTO applied,Yes,Yes,Not OK,,Deviation observed - abnormality raised,TECH-02,2026-02-11,Yes
WO-00105-T02,WO-00105,MC-011,Gear Hobber GH-02,CL-GEAR,2,"Clean machine bed, swarf tray and coolant filter",Cleaning,Filter clear,Yes,No,OK,,,TECH-02,2026-02-11,No
WO-00105-T03,WO-00105,MC-011,Gear Hobber GH-02,CL-GEAR,3,Hob head / cutter spindle runout,Measurement,<= 0.008 mm,Yes,No,OK,18.88,,TECH-02,2026-02-11,No
WO-00105-T04,WO-00105,MC-011,Gear Hobber GH-02,CL-GEAR,4,Work spindle bearing temperature,Measurement,<= 60 deg C,Yes,No,OK,26.73,,TECH-02,2026-02-11,No
WO-00105-T05,WO-00105,MC-011,Gear Hobber GH-02,CL-GEAR,5,Check and top up gearbox oil,Lubrication,Between MIN and MAX,Yes,No,OK,,,TECH-02,2026-02-11,No
WO-00105-T06,WO-00105,MC-011,Gear Hobber GH-02,CL-GEAR,6,Inspect timing belts / drive couplings,Visual,"No crack, correct tension",Yes,No,OK,,,TECH-02,2026-02-11,No
WO-00105-T07,WO-00105,MC-011,Gear Hobber GH-02,CL-GEAR,7,Index table backlash check,Measurement,<= 0.01 deg,No,No,OK,34.98,,TECH-02,2026-02-11,No
WO-00105-T08,WO-00105,MC-011,Gear Hobber GH-02,CL-GEAR,8,Coolant flow at cutting zone,Measurement,>= 40 L/min,Yes,No,OK,44.08,,TECH-02,2026-02-11,No
WO-00105-T09,WO-00105,MC-011,Gear Hobber GH-02,CL-GEAR,9,Check guarding and interlocks,Safety,All interlocks active,Yes,Yes,OK,,,TECH-02,2026-02-11,No
WO-00105-T10,WO-00105,MC-011,Gear Hobber GH-02,CL-GEAR,10,Electrical panel cleaning and terminal tightness,Electrical,"No dust, no loose lug",Yes,Yes,OK,,,TECH-02,2026-02-11,No
WO-00105-T11,WO-00105,MC-011,Gear Hobber GH-02,CL-GEAR,11,Hydraulic power pack pressure and leak check,Measurement,"45 - 55 bar, no leak",Yes,No,Not OK,5.86,Deviation observed - abnormality raised,TECH-02,2026-02-11,Yes
WO-00106-T01,WO-00106,MC-012,Gear Shaver GS-01,CL-GEAR,1,Lock out / tag out verified before start,Safety,LOTO applied,Yes,Yes,OK,,,TECH-01,2026-02-17,No
WO-00106-T02,WO-00106,MC-012,Gear Shaver GS-01,CL-GEAR,2,"Clean machine bed, swarf tray and coolant filter",Cleaning,Filter clear,Yes,No,OK,,,TECH-01,2026-02-17,No
WO-00106-T03,WO-00106,MC-012,Gear Shaver GS-01,CL-GEAR,3,Hob head / cutter spindle runout,Measurement,<= 0.008 mm,Yes,No,OK,32.09,,TECH-01,2026-02-17,No
WO-00106-T04,WO-00106,MC-012,Gear Shaver GS-01,CL-GEAR,4,Work spindle bearing temperature,Measurement,<= 60 deg C,Yes,No,OK,54.85,,TECH-01,2026-02-17,No
WO-00106-T05,WO-00106,MC-012,Gear Shaver GS-01,CL-GEAR,5,Check and top up gearbox oil,Lubrication,Between MIN and MAX,Yes,No,OK,,,TECH-01,2026-02-17,No
WO-00106-T06,WO-00106,MC-012,Gear Shaver GS-01,CL-GEAR,6,Inspect timing belts / drive couplings,Visual,"No crack, correct tension",Yes,No,Not OK,,Deviation observed - abnormality raised,TECH-01,2026-02-17,Yes
WO-00106-T07,WO-00106,MC-012,Gear Shaver GS-01,CL-GEAR,7,Index table backlash check,Measurement,<= 0.01 deg,No,No,OK,49.91,,TECH-01,2026-02-17,No
WO-00106-T08,WO-00106,MC-012,Gear Shaver GS-01,CL-GEAR,8,Coolant flow at cutting zone,Measurement,>= 40 L/min,Yes,No,OK,15.79,,TECH-01,2026-02-17,No
WO-00106-T09,WO-00106,MC-012,Gear Shaver GS-01,CL-GEAR,9,Check guarding and interlocks,Safety,All interlocks active,Yes,Yes,OK,,,TECH-01,2026-02-17,No
WO-00106-T10,WO-00106,MC-012,Gear Shaver GS-01,CL-GEAR,10,Electrical panel cleaning and terminal tightness,Electrical,"No dust, no loose lug",Yes,Yes,OK,,,TECH-01,2026-02-17,No
WO-00106-T11,WO-00106,MC-012,Gear Shaver GS-01,CL-GEAR,11,Hydraulic power pack pressure and leak check,Measurement,"45 - 55 bar, no leak",Yes,No,OK,49.57,,TECH-01,2026-02-17,No
WO-00107-T01,WO-00107,MC-013,Deburring Unit DB-01,CL-UTIL,1,Lock out / tag out verified before start,Safety,LOTO applied,Yes,Yes,OK,,,TECH-03,2026-02-24,No
WO-00107-T02,WO-00107,MC-013,Deburring Unit DB-01,CL-UTIL,2,General cleaning and housekeeping,Cleaning,No debris,Yes,No,OK,,,TECH-03,2026-02-24,No
WO-00107-T03,WO-00107,MC-013,Deburring Unit DB-01,CL-UTIL,3,Belt / chain tension and alignment,Measurement,As per OEM,Yes,No,OK,4.98,,TECH-03,2026-02-24,No
WO-00107-T04,WO-00107,MC-013,Deburring Unit DB-01,CL-UTIL,4,Bearing greasing as per lube chart,Lubrication,All points,Yes,No,OK,,,TECH-03,2026-02-24,No
WO-00107-T05,WO-00107,MC-013,Deburring Unit DB-01,CL-UTIL,5,Motor current and vibration check,Measurement,"<= FLC, <= 4.5 mm/s",Yes,No,OK,45.37,,TECH-03,2026-02-24,No
WO-00107-T06,WO-00107,MC-013,Deburring Unit DB-01,CL-UTIL,6,Air / oil filter condition,Visual,Clean or replace,Yes,No,OK,,,TECH-03,2026-02-24,No
WO-00107-T07,WO-00107,MC-013,Deburring Unit DB-01,CL-UTIL,7,Condensate drain and moisture trap,Cleaning,Free draining,Yes,No,OK,,,TECH-03,2026-02-24,No
WO-00107-T08,WO-00107,MC-013,Deburring Unit DB-01,CL-UTIL,8,Safety guard and E-stop check,Safety,Functional,Yes,Yes,OK,,,TECH-03,2026-02-24,No
WO-00107-T09,WO-00107,MC-013,Deburring Unit DB-01,CL-UTIL,9,Electrical panel cleaning and terminal tightness,Electrical,"No dust, no loose lug",Yes,Yes,OK,,,TECH-03,2026-02-24,No
WO-00108-T01,WO-00108,MC-010,Gear Hobber GH-01,CL-GEAR,1,Lock out / tag out verified before start,Safety,LOTO applied,Yes,Yes,OK,,,TECH-01,2026-07-08,No
WO-00108-T02,WO-00108,MC-010,Gear Hobber GH-01,CL-GEAR,2,"Clean machine bed, swarf tray and coolant filter",Cleaning,Filter clear,Yes,No,OK,,,TECH-01,2026-07-08,No
WO-00108-T03,WO-00108,MC-010,Gear Hobber GH-01,CL-GEAR,3,Hob head / cutter spindle runout,Measurement,<= 0.008 mm,Yes,No,OK,5.87,,TECH-01,2026-07-08,No
WO-00108-T04,WO-00108,MC-010,Gear Hobber GH-01,CL-GEAR,4,Work spindle bearing temperature,Measurement,<= 60 deg C,Yes,No,OK,23.98,,TECH-01,2026-07-08,No
WO-00108-T05,WO-00108,MC-010,Gear Hobber GH-01,CL-GEAR,5,Check and top up gearbox oil,Lubrication,Between MIN and MAX,Yes,No,OK,,,TECH-01,2026-07-08,No
WO-00108-T06,WO-00108,MC-010,Gear Hobber GH-01,CL-GEAR,6,Inspect timing belts / drive couplings,Visual,"No crack, correct tension",Yes,No,Not OK,,Deviation observed - abnormality raised,TECH-01,2026-07-08,Yes
WO-00108-T07,WO-00108,MC-010,Gear Hobber GH-01,CL-GEAR,7,Index table backlash check,Measurement,<= 0.01 deg,No,No,OK,16.24,,TECH-01,2026-07-08,No
WO-00108-T08,WO-00108,MC-010,Gear Hobber GH-01,CL-GEAR,8,Coolant flow at cutting zone,Measurement,>= 40 L/min,Yes,No,OK,7.85,,TECH-01,2026-07-08,No
WO-00108-T09,WO-00108,MC-010,Gear Hobber GH-01,CL-GEAR,9,Check guarding and interlocks,Safety,All interlocks active,Yes,Yes,OK,,,TECH-01,2026-07-08,No
WO-00108-T10,WO-00108,MC-010,Gear Hobber GH-01,CL-GEAR,10,Electrical panel cleaning and terminal tightness,Electrical,"No dust, no loose lug",Yes,Yes,OK,,,TECH-01,2026-07-08,No
WO-00108-T11,WO-00108,MC-010,Gear Hobber GH-01,CL-GEAR,11,Hydraulic power pack pressure and leak check,Measurement,"45 - 55 bar, no leak",Yes,No,OK,22.43,,TECH-01,2026-07-08,No
WO-00109-T01,WO-00109,MC-011,Gear Hobber GH-02,CL-GEAR,1,Lock out / tag out verified before start,Safety,LOTO applied,Yes,Yes,OK,,,TECH-03,2026-07-15,No
WO-00109-T02,WO-00109,MC-011,Gear Hobber GH-02,CL-GEAR,2,"Clean machine bed, swarf tray and coolant filter",Cleaning,Filter clear,Yes,No,Not OK,,Deviation observed - abnormality raised,TECH-03,2026-07-15,Yes
WO-00109-T03,WO-00109,MC-011,Gear Hobber GH-02,CL-GEAR,3,Hob head / cutter spindle runout,Measurement,<= 0.008 mm,Yes,No,OK,28.55,,TECH-03,2026-07-15,No
WO-00109-T04,WO-00109,MC-011,Gear Hobber GH-02,CL-GEAR,4,Work spindle bearing temperature,Measurement,<= 60 deg C,Yes,No,Not OK,37.36,Deviation observed - abnormality raised,TECH-03,2026-07-15,Yes
WO-00109-T05,WO-00109,MC-011,Gear Hobber GH-02,CL-GEAR,5,Check and top up gearbox oil,Lubrication,Between MIN and MAX,Yes,No,OK,,,TECH-03,2026-07-15,No
WO-00109-T06,WO-00109,MC-011,Gear Hobber GH-02,CL-GEAR,6,Inspect timing belts / drive couplings,Visual,"No crack, correct tension",Yes,No,OK,,,TECH-03,2026-07-15,No
WO-00109-T07,WO-00109,MC-011,Gear Hobber GH-02,CL-GEAR,7,Index table backlash check,Measurement,<= 0.01 deg,No,No,OK,56.62,,TECH-03,2026-07-15,No
WO-00109-T08,WO-00109,MC-011,Gear Hobber GH-02,CL-GEAR,8,Coolant flow at cutting zone,Measurement,>= 40 L/min,Yes,No,OK,20.02,,TECH-03,2026-07-15,No
WO-00109-T09,WO-00109,MC-011,Gear Hobber GH-02,CL-GEAR,9,Check guarding and interlocks,Safety,All interlocks active,Yes,Yes,OK,,,TECH-03,2026-07-15,No
WO-00109-T10,WO-00109,MC-011,Gear Hobber GH-02,CL-GEAR,10,Electrical panel cleaning and terminal tightness,Electrical,"No dust, no loose lug",Yes,Yes,OK,,,TECH-03,2026-07-15,No
WO-00109-T11,WO-00109,MC-011,Gear Hobber GH-02,CL-GEAR,11,Hydraulic power pack pressure and leak check,Measurement,"45 - 55 bar, no leak",Yes,No,OK,36.8,,TECH-03,2026-07-15,No
WO-00110-T01,WO-00110,MC-012,Gear Shaver GS-01,CL-GEAR,1,Lock out / tag out verified before start,Safety,LOTO applied,Yes,Yes,OK,,,TECH-02,2026-07-21,No
WO-00110-T02,WO-00110,MC-012,Gear Shaver GS-01,CL-GEAR,2,"Clean machine bed, swarf tray and coolant filter",Cleaning,Filter clear,Yes,No,OK,,,TECH-02,2026-07-21,No
WO-00110-T03,WO-00110,MC-012,Gear Shaver GS-01,CL-GEAR,3,Hob head / cutter spindle runout,Measurement,<= 0.008 mm,Yes,No,OK,24.79,,TECH-02,2026-07-21,No
WO-00110-T04,WO-00110,MC-012,Gear Shaver GS-01,CL-GEAR,4,Work spindle bearing temperature,Measurement,<= 60 deg C,Yes,No,OK,8.82,,TECH-02,2026-07-21,No
WO-00110-T05,WO-00110,MC-012,Gear Shaver GS-01,CL-GEAR,5,Check and top up gearbox oil,Lubrication,Between MIN and MAX,Yes,No,OK,,,TECH-02,2026-07-21,No
WO-00110-T06,WO-00110,MC-012,Gear Shaver GS-01,CL-GEAR,6,Inspect timing belts / drive couplings,Visual,"No crack, correct tension",Yes,No,OK,,,TECH-02,2026-07-21,No
WO-00110-T07,WO-00110,MC-012,Gear Shaver GS-01,CL-GEAR,7,Index table backlash check,Measurement,<= 0.01 deg,No,No,OK,56.8,,TECH-02,2026-07-21,No
WO-00110-T08,WO-00110,MC-012,Gear Shaver GS-01,CL-GEAR,8,Coolant flow at cutting zone,Measurement,>= 40 L/min,Yes,No,OK,18.61,,TECH-02,2026-07-21,No
WO-00110-T09,WO-00110,MC-012,Gear Shaver GS-01,CL-GEAR,9,Check guarding and interlocks,Safety,All interlocks active,Yes,Yes,OK,,,TECH-02,2026-07-21,No
WO-00110-T10,WO-00110,MC-012,Gear Shaver GS-01,CL-GEAR,10,Electrical panel cleaning and terminal tightness,Electrical,"No dust, no loose lug",Yes,Yes,OK,,,TECH-02,2026-07-21,No
WO-00110-T11,WO-00110,MC-012,Gear Shaver GS-01,CL-GEAR,11,Hydraulic power pack pressure and leak check,Measurement,"45 - 55 bar, no leak",Yes,No,OK,29.81,,TECH-02,2026-07-21,No
WO-00111-T01,WO-00111,MC-013,Deburring Unit DB-01,CL-UTIL,1,Lock out / tag out verified before start,Safety,LOTO applied,Yes,Yes,OK,,,TECH-01,2026-08-03,No
WO-00111-T02,WO-00111,MC-013,Deburring Unit DB-01,CL-UTIL,2,General cleaning and housekeeping,Cleaning,No debris,Yes,No,OK,,,TECH-01,2026-08-03,No
WO-00111-T03,WO-00111,MC-013,Deburring Unit DB-01,CL-UTIL,3,Belt / chain tension and alignment,Measurement,As per OEM,Yes,No,OK,56.99,,TECH-01,2026-08-03,No
WO-00111-T04,WO-00111,MC-013,Deburring Unit DB-01,CL-UTIL,4,Bearing greasing as per lube chart,Lubrication,All points,Yes,No,OK,,,TECH-01,2026-08-03,No
WO-00111-T05,WO-00111,MC-013,Deburring Unit DB-01,CL-UTIL,5,Motor current and vibration check,Measurement,"<= FLC, <= 4.5 mm/s",Yes,No,OK,41.94,,TECH-01,2026-08-03,No
WO-00111-T06,WO-00111,MC-013,Deburring Unit DB-01,CL-UTIL,6,Air / oil filter condition,Visual,Clean or replace,Yes,No,OK,,,TECH-01,2026-08-03,No
WO-00111-T07,WO-00111,MC-013,Deburring Unit DB-01,CL-UTIL,7,Condensate drain and moisture trap,Cleaning,Free draining,Yes,No,OK,,,TECH-01,2026-08-03,No
WO-00111-T08,WO-00111,MC-013,Deburring Unit DB-01,CL-UTIL,8,Safety guard and E-stop check,Safety,Functional,Yes,Yes,OK,,,TECH-01,2026-08-03,No
WO-00111-T09,WO-00111,MC-013,Deburring Unit DB-01,CL-UTIL,9,Electrical panel cleaning and terminal tightness,Electrical,"No dust, no loose lug",Yes,Yes,OK,,,TECH-01,2026-08-03,No
WO-00120-T01,WO-00120,MC-014,Sealed Quench SQ-01,CL-FURNACE,1,Lock out / tag out and gas isolation verified,Safety,LOTO + gas isolated,Yes,Yes,OK,,,TECH-05,2024-11-05,No
WO-00120-T02,WO-00120,MC-014,Sealed Quench SQ-01,CL-FURNACE,2,Thermocouple calibration check (all zones),Measurement,+/- 3 deg C of master,Yes,Yes,OK,50.1,,TECH-05,2024-11-05,No
WO-00120-T03,WO-00120,MC-014,Sealed Quench SQ-01,CL-FURNACE,3,Inspect heating elements / radiant tubes,Visual,"No bulge, no crack",Yes,Yes,OK,,,TECH-05,2024-11-05,No
WO-00120-T04,WO-00120,MC-014,Sealed Quench SQ-01,CL-FURNACE,4,Door seal and curtain condition,Visual,"No gap, no burn-through",Yes,Yes,OK,,,TECH-05,2024-11-05,No
WO-00120-T05,WO-00120,MC-014,Sealed Quench SQ-01,CL-FURNACE,5,"Quench oil level, temperature and condition",Measurement,"Level OK, <= 80 deg C",Yes,No,OK,37.13,,TECH-05,2024-11-05,No
WO-00120-T06,WO-00120,MC-014,Sealed Quench SQ-01,CL-FURNACE,6,Quench agitator motor current and vibration,Measurement,"<= FLC, <= 4.5 mm/s",Yes,No,OK,56.37,,TECH-05,2024-11-05,No
WO-00120-T07,WO-00120,MC-014,Sealed Quench SQ-01,CL-FURNACE,7,Atmosphere gas flow and carbon potential probe,Measurement,Probe mV stable,Yes,Yes,OK,17.14,,TECH-05,2024-11-05,No
WO-00120-T08,WO-00120,MC-014,Sealed Quench SQ-01,CL-FURNACE,8,Burner flame condition and flame-failure trip test,Safety,Trips within 3 s,Yes,Yes,OK,,,TECH-05,2024-11-05,No
WO-00120-T09,WO-00120,MC-014,Sealed Quench SQ-01,CL-FURNACE,9,Refractory / insulation inspection,Visual,No spalling,Yes,No,OK,,,TECH-05,2024-11-05,No
WO-00120-T10,WO-00120,MC-014,Sealed Quench SQ-01,CL-FURNACE,10,Cooling water flow and chiller performance,Measurement,>= 60 L/min,Yes,No,OK,41.57,,TECH-05,2024-11-05,No
WO-00120-T11,WO-00120,MC-014,Sealed Quench SQ-01,CL-FURNACE,11,Exhaust fan / flue condition,Visual,Free flow,Yes,No,OK,,,TECH-05,2024-11-05,No
WO-00120-T12,WO-00120,MC-014,Sealed Quench SQ-01,CL-FURNACE,12,Electrical panel cleaning and terminal tightness,Electrical,"No dust, no loose lug",Yes,Yes,OK,,,TECH-05,2024-11-05,No
WO-00120-T13,WO-00120,MC-014,Sealed Quench SQ-01,CL-FURNACE,13,Emergency stop and over-temperature trip test,Safety,Trips at setpoint +20,Yes,Yes,OK,,,TECH-05,2024-11-05,No
WO-00121-T01,WO-00121,MC-015,Sealed Quench SQ-02,CL-FURNACE,1,Lock out / tag out and gas isolation verified,Safety,LOTO + gas isolated,Yes,Yes,OK,,,TECH-02,2024-11-11,No
WO-00121-T02,WO-00121,MC-015,Sealed Quench SQ-02,CL-FURNACE,2,Thermocouple calibration check (all zones),Measurement,+/- 3 deg C of master,Yes,Yes,OK,41.3,,TECH-02,2024-11-11,No
WO-00121-T03,WO-00121,MC-015,Sealed Quench SQ-02,CL-FURNACE,3,Inspect heating elements / radiant tubes,Visual,"No bulge, no crack",Yes,Yes,OK,,,TECH-02,2024-11-11,No
WO-00121-T04,WO-00121,MC-015,Sealed Quench SQ-02,CL-FURNACE,4,Door seal and curtain condition,Visual,"No gap, no burn-through",Yes,Yes,OK,,,TECH-02,2024-11-11,No
WO-00121-T05,WO-00121,MC-015,Sealed Quench SQ-02,CL-FURNACE,5,"Quench oil level, temperature and condition",Measurement,"Level OK, <= 80 deg C",Yes,No,OK,32.9,,TECH-02,2024-11-11,No
WO-00121-T06,WO-00121,MC-015,Sealed Quench SQ-02,CL-FURNACE,6,Quench agitator motor current and vibration,Measurement,"<= FLC, <= 4.5 mm/s",Yes,No,OK,58.68,,TECH-02,2024-11-11,No
WO-00121-T07,WO-00121,MC-015,Sealed Quench SQ-02,CL-FURNACE,7,Atmosphere gas flow and carbon potential probe,Measurement,Probe mV stable,Yes,Yes,OK,21.84,,TECH-02,2024-11-11,No
WO-00121-T08,WO-00121,MC-015,Sealed Quench SQ-02,CL-FURNACE,8,Burner flame condition and flame-failure trip test,Safety,Trips within 3 s,Yes,Yes,OK,,,TECH-02,2024-11-11,No
WO-00121-T09,WO-00121,MC-015,Sealed Quench SQ-02,CL-FURNACE,9,Refractory / insulation inspection,Visual,No spalling,Yes,No,OK,,,TECH-02,2024-11-11,No
WO-00121-T10,WO-00121,MC-015,Sealed Quench SQ-02,CL-FURNACE,10,Cooling water flow and chiller performance,Measurement,>= 60 L/min,Yes,No,OK,24.19,,TECH-02,2024-11-11,No
WO-00121-T11,WO-00121,MC-015,Sealed Quench SQ-02,CL-FURNACE,11,Exhaust fan / flue condition,Visual,Free flow,Yes,No,OK,,,TECH-02,2024-11-11,No
WO-00121-T12,WO-00121,MC-015,Sealed Quench SQ-02,CL-FURNACE,12,Electrical panel cleaning and terminal tightness,Electrical,"No dust, no loose lug",Yes,Yes,OK,,,TECH-02,2024-11-11,No
WO-00121-T13,WO-00121,MC-015,Sealed Quench SQ-02,CL-FURNACE,13,Emergency stop and over-temperature trip test,Safety,Trips at setpoint +20,Yes,Yes,OK,,,TECH-02,2024-11-11,No
WO-00123-T01,WO-00123,MC-017,Quench Oil Chiller CH-01,CL-UTIL,1,Lock out / tag out verified before start,Safety,LOTO applied,Yes,Yes,OK,,,TECH-05,2024-12-02,No
WO-00123-T02,WO-00123,MC-017,Quench Oil Chiller CH-01,CL-UTIL,2,General cleaning and housekeeping,Cleaning,No debris,Yes,No,OK,,,TECH-05,2024-12-02,No
WO-00123-T03,WO-00123,MC-017,Quench Oil Chiller CH-01,CL-UTIL,3,Belt / chain tension and alignment,Measurement,As per OEM,Yes,No,OK,36.03,,TECH-05,2024-12-02,No
WO-00123-T04,WO-00123,MC-017,Quench Oil Chiller CH-01,CL-UTIL,4,Bearing greasing as per lube chart,Lubrication,All points,Yes,No,OK,,,TECH-05,2024-12-02,No
WO-00123-T05,WO-00123,MC-017,Quench Oil Chiller CH-01,CL-UTIL,5,Motor current and vibration check,Measurement,"<= FLC, <= 4.5 mm/s",Yes,No,OK,1.77,,TECH-05,2024-12-02,No
WO-00123-T06,WO-00123,MC-017,Quench Oil Chiller CH-01,CL-UTIL,6,Air / oil filter condition,Visual,Clean or replace,Yes,No,OK,,,TECH-05,2024-12-02,No
WO-00123-T07,WO-00123,MC-017,Quench Oil Chiller CH-01,CL-UTIL,7,Condensate drain and moisture trap,Cleaning,Free draining,Yes,No,OK,,,TECH-05,2024-12-02,No
WO-00123-T08,WO-00123,MC-017,Quench Oil Chiller CH-01,CL-UTIL,8,Safety guard and E-stop check,Safety,Functional,Yes,Yes,OK,,,TECH-05,2024-12-02,No
WO-00123-T09,WO-00123,MC-017,Quench Oil Chiller CH-01,CL-UTIL,9,Electrical panel cleaning and terminal tightness,Electrical,"No dust, no loose lug",Yes,Yes,OK,,,TECH-05,2024-12-02,No
WO-00125-T01,WO-00125,MC-014,Sealed Quench SQ-01,CL-FURNACE,1,Lock out / tag out and gas isolation verified,Safety,LOTO + gas isolated,Yes,Yes,OK,,,TECH-02,2025-02-05,No
WO-00125-T02,WO-00125,MC-014,Sealed Quench SQ-01,CL-FURNACE,2,Thermocouple calibration check (all zones),Measurement,+/- 3 deg C of master,Yes,Yes,OK,35.39,,TECH-02,2025-02-05,No
WO-00125-T03,WO-00125,MC-014,Sealed Quench SQ-01,CL-FURNACE,3,Inspect heating elements / radiant tubes,Visual,"No bulge, no crack",Yes,Yes,OK,,,TECH-02,2025-02-05,No
WO-00125-T04,WO-00125,MC-014,Sealed Quench SQ-01,CL-FURNACE,4,Door seal and curtain condition,Visual,"No gap, no burn-through",Yes,Yes,Not OK,,Deviation observed - abnormality raised,TECH-02,2025-02-05,Yes
WO-00125-T05,WO-00125,MC-014,Sealed Quench SQ-01,CL-FURNACE,5,"Quench oil level, temperature and condition",Measurement,"Level OK, <= 80 deg C",Yes,No,OK,48.88,,TECH-02,2025-02-05,No
WO-00125-T06,WO-00125,MC-014,Sealed Quench SQ-01,CL-FURNACE,6,Quench agitator motor current and vibration,Measurement,"<= FLC, <= 4.5 mm/s",Yes,No,OK,14.36,,TECH-02,2025-02-05,No
WO-00125-T07,WO-00125,MC-014,Sealed Quench SQ-01,CL-FURNACE,7,Atmosphere gas flow and carbon potential probe,Measurement,Probe mV stable,Yes,Yes,OK,46.57,,TECH-02,2025-02-05,No
WO-00125-T08,WO-00125,MC-014,Sealed Quench SQ-01,CL-FURNACE,8,Burner flame condition and flame-failure trip test,Safety,Trips within 3 s,Yes,Yes,OK,,,TECH-02,2025-02-05,No
WO-00125-T09,WO-00125,MC-014,Sealed Quench SQ-01,CL-FURNACE,9,Refractory / insulation inspection,Visual,No spalling,Yes,No,OK,,,TECH-02,2025-02-05,No
WO-00125-T10,WO-00125,MC-014,Sealed Quench SQ-01,CL-FURNACE,10,Cooling water flow and chiller performance,Measurement,>= 60 L/min,Yes,No,OK,47.42,,TECH-02,2025-02-05,No
WO-00125-T11,WO-00125,MC-014,Sealed Quench SQ-01,CL-FURNACE,11,Exhaust fan / flue condition,Visual,Free flow,Yes,No,OK,,,TECH-02,2025-02-05,No
WO-00125-T12,WO-00125,MC-014,Sealed Quench SQ-01,CL-FURNACE,12,Electrical panel cleaning and terminal tightness,Electrical,"No dust, no loose lug",Yes,Yes,OK,,,TECH-02,2025-02-05,No
WO-00125-T13,WO-00125,MC-014,Sealed Quench SQ-01,CL-FURNACE,13,Emergency stop and over-temperature trip test,Safety,Trips at setpoint +20,Yes,Yes,OK,,,TECH-02,2025-02-05,No
WO-00126-T01,WO-00126,MC-015,Sealed Quench SQ-02,CL-FURNACE,1,Lock out / tag out and gas isolation verified,Safety,LOTO + gas isolated,Yes,Yes,OK,,,TECH-06,2025-02-10,No
WO-00126-T02,WO-00126,MC-015,Sealed Quench SQ-02,CL-FURNACE,2,Thermocouple calibration check (all zones),Measurement,+/- 3 deg C of master,Yes,Yes,OK,48.01,,TECH-06,2025-02-10,No
WO-00126-T03,WO-00126,MC-015,Sealed Quench SQ-02,CL-FURNACE,3,Inspect heating elements / radiant tubes,Visual,"No bulge, no crack",Yes,Yes,OK,,,TECH-06,2025-02-10,No
WO-00126-T04,WO-00126,MC-015,Sealed Quench SQ-02,CL-FURNACE,4,Door seal and curtain condition,Visual,"No gap, no burn-through",Yes,Yes,OK,,,TECH-06,2025-02-10,No
WO-00126-T05,WO-00126,MC-015,Sealed Quench SQ-02,CL-FURNACE,5,"Quench oil level, temperature and condition",Measurement,"Level OK, <= 80 deg C",Yes,No,OK,7.04,,TECH-06,2025-02-10,No
WO-00126-T06,WO-00126,MC-015,Sealed Quench SQ-02,CL-FURNACE,6,Quench agitator motor current and vibration,Measurement,"<= FLC, <= 4.5 mm/s",Yes,No,OK,52.05,,TECH-06,2025-02-10,No
WO-00126-T07,WO-00126,MC-015,Sealed Quench SQ-02,CL-FURNACE,7,Atmosphere gas flow and carbon potential probe,Measurement,Probe mV stable,Yes,Yes,OK,8.34,,TECH-06,2025-02-10,No
WO-00126-T08,WO-00126,MC-015,Sealed Quench SQ-02,CL-FURNACE,8,Burner flame condition and flame-failure trip test,Safety,Trips within 3 s,Yes,Yes,OK,,,TECH-06,2025-02-10,No
WO-00126-T09,WO-00126,MC-015,Sealed Quench SQ-02,CL-FURNACE,9,Refractory / insulation inspection,Visual,No spalling,Yes,No,OK,,,TECH-06,2025-02-10,No
WO-00126-T10,WO-00126,MC-015,Sealed Quench SQ-02,CL-FURNACE,10,Cooling water flow and chiller performance,Measurement,>= 60 L/min,Yes,No,OK,21.82,,TECH-06,2025-02-10,No
WO-00126-T11,WO-00126,MC-015,Sealed Quench SQ-02,CL-FURNACE,11,Exhaust fan / flue condition,Visual,Free flow,Yes,No,OK,,,TECH-06,2025-02-10,No
WO-00126-T12,WO-00126,MC-015,Sealed Quench SQ-02,CL-FURNACE,12,Electrical panel cleaning and terminal tightness,Electrical,"No dust, no loose lug",Yes,Yes,OK,,,TECH-06,2025-02-10,No
WO-00126-T13,WO-00126,MC-015,Sealed Quench SQ-02,CL-FURNACE,13,Emergency stop and over-temperature trip test,Safety,Trips at setpoint +20,Yes,Yes,OK,,,TECH-06,2025-02-10,No
WO-00127-T01,WO-00127,MC-016,Tempering Furnace TF-01,CL-FURNACE,1,Lock out / tag out and gas isolation verified,Safety,LOTO + gas isolated,Yes,Yes,OK,,,TECH-05,2025-02-16,No
WO-00127-T02,WO-00127,MC-016,Tempering Furnace TF-01,CL-FURNACE,2,Thermocouple calibration check (all zones),Measurement,+/- 3 deg C of master,Yes,Yes,OK,25.55,,TECH-05,2025-02-16,No
WO-00127-T03,WO-00127,MC-016,Tempering Furnace TF-01,CL-FURNACE,3,Inspect heating elements / radiant tubes,Visual,"No bulge, no crack",Yes,Yes,OK,,,TECH-05,2025-02-16,No
WO-00127-T04,WO-00127,MC-016,Tempering Furnace TF-01,CL-FURNACE,4,Door seal and curtain condition,Visual,"No gap, no burn-through",Yes,Yes,OK,,,TECH-05,2025-02-16,No
WO-00127-T05,WO-00127,MC-016,Tempering Furnace TF-01,CL-FURNACE,5,"Quench oil level, temperature and condition",Measurement,"Level OK, <= 80 deg C",Yes,No,OK,7.26,,TECH-05,2025-02-16,No
WO-00127-T06,WO-00127,MC-016,Tempering Furnace TF-01,CL-FURNACE,6,Quench agitator motor current and vibration,Measurement,"<= FLC, <= 4.5 mm/s",Yes,No,OK,4.28,,TECH-05,2025-02-16,No
WO-00127-T07,WO-00127,MC-016,Tempering Furnace TF-01,CL-FURNACE,7,Atmosphere gas flow and carbon potential probe,Measurement,Probe mV stable,Yes,Yes,OK,27.17,,TECH-05,2025-02-16,No
WO-00127-T08,WO-00127,MC-016,Tempering Furnace TF-01,CL-FURNACE,8,Burner flame condition and flame-failure trip test,Safety,Trips within 3 s,Yes,Yes,OK,,,TECH-05,2025-02-16,No
WO-00127-T09,WO-00127,MC-016,Tempering Furnace TF-01,CL-FURNACE,9,Refractory / insulation inspection,Visual,No spalling,Yes,No,OK,,,TECH-05,2025-02-16,No
WO-00127-T10,WO-00127,MC-016,Tempering Furnace TF-01,CL-FURNACE,10,Cooling water flow and chiller performance,Measurement,>= 60 L/min,Yes,No,OK,22.04,,TECH-05,2025-02-16,No
WO-00127-T11,WO-00127,MC-016,Tempering Furnace TF-01,CL-FURNACE,11,Exhaust fan / flue condition,Visual,Free flow,Yes,No,OK,,,TECH-05,2025-02-16,No
WO-00127-T12,WO-00127,MC-016,Tempering Furnace TF-01,CL-FURNACE,12,Electrical panel cleaning and terminal tightness,Electrical,"No dust, no loose lug",Yes,Yes,OK,,,TECH-05,2025-02-16,No
WO-00127-T13,WO-00127,MC-016,Tempering Furnace TF-01,CL-FURNACE,13,Emergency stop and over-temperature trip test,Safety,Trips at setpoint +20,Yes,Yes,OK,,,TECH-05,2025-02-16,No
WO-00128-T01,WO-00128,MC-017,Quench Oil Chiller CH-01,CL-UTIL,1,Lock out / tag out verified before start,Safety,LOTO applied,Yes,Yes,OK,,,TECH-02,2025-02-19,No
WO-00128-T02,WO-00128,MC-017,Quench Oil Chiller CH-01,CL-UTIL,2,General cleaning and housekeeping,Cleaning,No debris,Yes,No,OK,,,TECH-02,2025-02-19,No
WO-00128-T03,WO-00128,MC-017,Quench Oil Chiller CH-01,CL-UTIL,3,Belt / chain tension and alignment,Measurement,As per OEM,Yes,No,OK,47.1,,TECH-02,2025-02-19,No
WO-00128-T04,WO-00128,MC-017,Quench Oil Chiller CH-01,CL-UTIL,4,Bearing greasing as per lube chart,Lubrication,All points,Yes,No,OK,,,TECH-02,2025-02-19,No
WO-00128-T05,WO-00128,MC-017,Quench Oil Chiller CH-01,CL-UTIL,5,Motor current and vibration check,Measurement,"<= FLC, <= 4.5 mm/s",Yes,No,OK,52.09,,TECH-02,2025-02-19,No
WO-00128-T06,WO-00128,MC-017,Quench Oil Chiller CH-01,CL-UTIL,6,Air / oil filter condition,Visual,Clean or replace,Yes,No,OK,,,TECH-02,2025-02-19,No
WO-00128-T07,WO-00128,MC-017,Quench Oil Chiller CH-01,CL-UTIL,7,Condensate drain and moisture trap,Cleaning,Free draining,Yes,No,OK,,,TECH-02,2025-02-19,No
WO-00128-T08,WO-00128,MC-017,Quench Oil Chiller CH-01,CL-UTIL,8,Safety guard and E-stop check,Safety,Functional,Yes,Yes,OK,,,TECH-02,2025-02-19,No
WO-00128-T09,WO-00128,MC-017,Quench Oil Chiller CH-01,CL-UTIL,9,Electrical panel cleaning and terminal tightness,Electrical,"No dust, no loose lug",Yes,Yes,OK,,,TECH-02,2025-02-19,No
WO-00129-T01,WO-00129,MC-018,HT Compressor AC-01,CL-UTIL,1,Lock out / tag out verified before start,Safety,LOTO applied,Yes,Yes,OK,,,TECH-06,2025-02-23,No
WO-00129-T02,WO-00129,MC-018,HT Compressor AC-01,CL-UTIL,2,General cleaning and housekeeping,Cleaning,No debris,Yes,No,OK,,,TECH-06,2025-02-23,No
WO-00129-T03,WO-00129,MC-018,HT Compressor AC-01,CL-UTIL,3,Belt / chain tension and alignment,Measurement,As per OEM,Yes,No,OK,24.4,,TECH-06,2025-02-23,No
WO-00129-T04,WO-00129,MC-018,HT Compressor AC-01,CL-UTIL,4,Bearing greasing as per lube chart,Lubrication,All points,Yes,No,OK,,,TECH-06,2025-02-23,No
WO-00129-T05,WO-00129,MC-018,HT Compressor AC-01,CL-UTIL,5,Motor current and vibration check,Measurement,"<= FLC, <= 4.5 mm/s",Yes,No,OK,41.32,,TECH-06,2025-02-23,No
WO-00129-T06,WO-00129,MC-018,HT Compressor AC-01,CL-UTIL,6,Air / oil filter condition,Visual,Clean or replace,Yes,No,OK,,,TECH-06,2025-02-23,No
WO-00129-T07,WO-00129,MC-018,HT Compressor AC-01,CL-UTIL,7,Condensate drain and moisture trap,Cleaning,Free draining,Yes,No,OK,,,TECH-06,2025-02-23,No
WO-00129-T08,WO-00129,MC-018,HT Compressor AC-01,CL-UTIL,8,Safety guard and E-stop check,Safety,Functional,Yes,Yes,OK,,,TECH-06,2025-02-23,No
WO-00129-T09,WO-00129,MC-018,HT Compressor AC-01,CL-UTIL,9,Electrical panel cleaning and terminal tightness,Electrical,"No dust, no loose lug",Yes,Yes,OK,,,TECH-06,2025-02-23,No
WO-00130-T01,WO-00130,MC-014,Sealed Quench SQ-01,CL-FURNACE,1,Lock out / tag out and gas isolation verified,Safety,LOTO + gas isolated,Yes,Yes,OK,,,TECH-06,2025-06-02,No
WO-00130-T02,WO-00130,MC-014,Sealed Quench SQ-01,CL-FURNACE,2,Thermocouple calibration check (all zones),Measurement,+/- 3 deg C of master,Yes,Yes,OK,9.33,,TECH-06,2025-06-02,No
WO-00130-T03,WO-00130,MC-014,Sealed Quench SQ-01,CL-FURNACE,3,Inspect heating elements / radiant tubes,Visual,"No bulge, no crack",Yes,Yes,OK,,,TECH-06,2025-06-02,No
WO-00130-T04,WO-00130,MC-014,Sealed Quench SQ-01,CL-FURNACE,4,Door seal and curtain condition,Visual,"No gap, no burn-through",Yes,Yes,OK,,,TECH-06,2025-06-02,No
WO-00130-T05,WO-00130,MC-014,Sealed Quench SQ-01,CL-FURNACE,5,"Quench oil level, temperature and condition",Measurement,"Level OK, <= 80 deg C",Yes,No,OK,8.01,,TECH-06,2025-06-02,No
WO-00130-T06,WO-00130,MC-014,Sealed Quench SQ-01,CL-FURNACE,6,Quench agitator motor current and vibration,Measurement,"<= FLC, <= 4.5 mm/s",Yes,No,OK,37.65,,TECH-06,2025-06-02,No
WO-00130-T07,WO-00130,MC-014,Sealed Quench SQ-01,CL-FURNACE,7,Atmosphere gas flow and carbon potential probe,Measurement,Probe mV stable,Yes,Yes,OK,35.33,,TECH-06,2025-06-02,No
WO-00130-T08,WO-00130,MC-014,Sealed Quench SQ-01,CL-FURNACE,8,Burner flame condition and flame-failure trip test,Safety,Trips within 3 s,Yes,Yes,OK,,,TECH-06,2025-06-02,No
WO-00130-T09,WO-00130,MC-014,Sealed Quench SQ-01,CL-FURNACE,9,Refractory / insulation inspection,Visual,No spalling,Yes,No,OK,,,TECH-06,2025-06-02,No
WO-00130-T10,WO-00130,MC-014,Sealed Quench SQ-01,CL-FURNACE,10,Cooling water flow and chiller performance,Measurement,>= 60 L/min,Yes,No,OK,42.87,,TECH-06,2025-06-02,No
WO-00130-T11,WO-00130,MC-014,Sealed Quench SQ-01,CL-FURNACE,11,Exhaust fan / flue condition,Visual,Free flow,Yes,No,OK,,,TECH-06,2025-06-02,No
WO-00130-T12,WO-00130,MC-014,Sealed Quench SQ-01,CL-FURNACE,12,Electrical panel cleaning and terminal tightness,Electrical,"No dust, no loose lug",Yes,Yes,OK,,,TECH-06,2025-06-02,No
WO-00130-T13,WO-00130,MC-014,Sealed Quench SQ-01,CL-FURNACE,13,Emergency stop and over-temperature trip test,Safety,Trips at setpoint +20,Yes,Yes,OK,,,TECH-06,2025-06-02,No
WO-00131-T01,WO-00131,MC-015,Sealed Quench SQ-02,CL-FURNACE,1,Lock out / tag out and gas isolation verified,Safety,LOTO + gas isolated,Yes,Yes,OK,,,TECH-05,2025-05-13,No
WO-00131-T02,WO-00131,MC-015,Sealed Quench SQ-02,CL-FURNACE,2,Thermocouple calibration check (all zones),Measurement,+/- 3 deg C of master,Yes,Yes,OK,47.69,,TECH-05,2025-05-13,No
WO-00131-T03,WO-00131,MC-015,Sealed Quench SQ-02,CL-FURNACE,3,Inspect heating elements / radiant tubes,Visual,"No bulge, no crack",Yes,Yes,OK,,,TECH-05,2025-05-13,No
WO-00131-T04,WO-00131,MC-015,Sealed Quench SQ-02,CL-FURNACE,4,Door seal and curtain condition,Visual,"No gap, no burn-through",Yes,Yes,OK,,,TECH-05,2025-05-13,No
WO-00131-T05,WO-00131,MC-015,Sealed Quench SQ-02,CL-FURNACE,5,"Quench oil level, temperature and condition",Measurement,"Level OK, <= 80 deg C",Yes,No,OK,7.31,,TECH-05,2025-05-13,No
WO-00131-T06,WO-00131,MC-015,Sealed Quench SQ-02,CL-FURNACE,6,Quench agitator motor current and vibration,Measurement,"<= FLC, <= 4.5 mm/s",Yes,No,OK,39.46,,TECH-05,2025-05-13,No
WO-00131-T07,WO-00131,MC-015,Sealed Quench SQ-02,CL-FURNACE,7,Atmosphere gas flow and carbon potential probe,Measurement,Probe mV stable,Yes,Yes,OK,52.72,,TECH-05,2025-05-13,No
WO-00131-T08,WO-00131,MC-015,Sealed Quench SQ-02,CL-FURNACE,8,Burner flame condition and flame-failure trip test,Safety,Trips within 3 s,Yes,Yes,OK,,,TECH-05,2025-05-13,No
WO-00131-T09,WO-00131,MC-015,Sealed Quench SQ-02,CL-FURNACE,9,Refractory / insulation inspection,Visual,No spalling,Yes,No,OK,,,TECH-05,2025-05-13,No
WO-00131-T10,WO-00131,MC-015,Sealed Quench SQ-02,CL-FURNACE,10,Cooling water flow and chiller performance,Measurement,>= 60 L/min,Yes,No,OK,33.3,,TECH-05,2025-05-13,No
WO-00131-T11,WO-00131,MC-015,Sealed Quench SQ-02,CL-FURNACE,11,Exhaust fan / flue condition,Visual,Free flow,Yes,No,OK,,,TECH-05,2025-05-13,No
WO-00131-T12,WO-00131,MC-015,Sealed Quench SQ-02,CL-FURNACE,12,Electrical panel cleaning and terminal tightness,Electrical,"No dust, no loose lug",Yes,Yes,OK,,,TECH-05,2025-05-13,No
WO-00131-T13,WO-00131,MC-015,Sealed Quench SQ-02,CL-FURNACE,13,Emergency stop and over-temperature trip test,Safety,Trips at setpoint +20,Yes,Yes,OK,,,TECH-05,2025-05-13,No
WO-00132-T01,WO-00132,MC-016,Tempering Furnace TF-01,CL-FURNACE,1,Lock out / tag out and gas isolation verified,Safety,LOTO + gas isolated,Yes,Yes,OK,,,TECH-02,2025-05-15,No
WO-00132-T02,WO-00132,MC-016,Tempering Furnace TF-01,CL-FURNACE,2,Thermocouple calibration check (all zones),Measurement,+/- 3 deg C of master,Yes,Yes,OK,25.25,,TECH-02,2025-05-15,No
WO-00132-T03,WO-00132,MC-016,Tempering Furnace TF-01,CL-FURNACE,3,Inspect heating elements / radiant tubes,Visual,"No bulge, no crack",Yes,Yes,OK,,,TECH-02,2025-05-15,No
WO-00132-T04,WO-00132,MC-016,Tempering Furnace TF-01,CL-FURNACE,4,Door seal and curtain condition,Visual,"No gap, no burn-through",Yes,Yes,OK,,,TECH-02,2025-05-15,No
WO-00132-T05,WO-00132,MC-016,Tempering Furnace TF-01,CL-FURNACE,5,"Quench oil level, temperature and condition",Measurement,"Level OK, <= 80 deg C",Yes,No,OK,6.16,,TECH-02,2025-05-15,No
WO-00132-T06,WO-00132,MC-016,Tempering Furnace TF-01,CL-FURNACE,6,Quench agitator motor current and vibration,Measurement,"<= FLC, <= 4.5 mm/s",Yes,No,OK,25.89,,TECH-02,2025-05-15,No
WO-00132-T07,WO-00132,MC-016,Tempering Furnace TF-01,CL-FURNACE,7,Atmosphere gas flow and carbon potential probe,Measurement,Probe mV stable,Yes,Yes,Not OK,40.07,Deviation observed - abnormality raised,TECH-02,2025-05-15,Yes
WO-00132-T08,WO-00132,MC-016,Tempering Furnace TF-01,CL-FURNACE,8,Burner flame condition and flame-failure trip test,Safety,Trips within 3 s,Yes,Yes,OK,,,TECH-02,2025-05-15,No
WO-00132-T09,WO-00132,MC-016,Tempering Furnace TF-01,CL-FURNACE,9,Refractory / insulation inspection,Visual,No spalling,Yes,No,OK,,,TECH-02,2025-05-15,No
WO-00132-T10,WO-00132,MC-016,Tempering Furnace TF-01,CL-FURNACE,10,Cooling water flow and chiller performance,Measurement,>= 60 L/min,Yes,No,OK,22.77,,TECH-02,2025-05-15,No
WO-00132-T11,WO-00132,MC-016,Tempering Furnace TF-01,CL-FURNACE,11,Exhaust fan / flue condition,Visual,Free flow,Yes,No,OK,,,TECH-02,2025-05-15,No
WO-00132-T12,WO-00132,MC-016,Tempering Furnace TF-01,CL-FURNACE,12,Electrical panel cleaning and terminal tightness,Electrical,"No dust, no loose lug",Yes,Yes,OK,,,TECH-02,2025-05-15,No
WO-00132-T13,WO-00132,MC-016,Tempering Furnace TF-01,CL-FURNACE,13,Emergency stop and over-temperature trip test,Safety,Trips at setpoint +20,Yes,Yes,OK,,,TECH-02,2025-05-15,No
WO-00133-T01,WO-00133,MC-017,Quench Oil Chiller CH-01,CL-UTIL,1,Lock out / tag out verified before start,Safety,LOTO applied,Yes,Yes,OK,,,TECH-06,2025-06-02,No
WO-00133-T02,WO-00133,MC-017,Quench Oil Chiller CH-01,CL-UTIL,2,General cleaning and housekeeping,Cleaning,No debris,Yes,No,OK,,,TECH-06,2025-06-02,No
WO-00133-T03,WO-00133,MC-017,Quench Oil Chiller CH-01,CL-UTIL,3,Belt / chain tension and alignment,Measurement,As per OEM,Yes,No,OK,26.2,,TECH-06,2025-06-02,No
WO-00133-T04,WO-00133,MC-017,Quench Oil Chiller CH-01,CL-UTIL,4,Bearing greasing as per lube chart,Lubrication,All points,Yes,No,OK,,,TECH-06,2025-06-02,No
WO-00133-T05,WO-00133,MC-017,Quench Oil Chiller CH-01,CL-UTIL,5,Motor current and vibration check,Measurement,"<= FLC, <= 4.5 mm/s",Yes,No,OK,44.8,,TECH-06,2025-06-02,No
WO-00133-T06,WO-00133,MC-017,Quench Oil Chiller CH-01,CL-UTIL,6,Air / oil filter condition,Visual,Clean or replace,Yes,No,OK,,,TECH-06,2025-06-02,No
WO-00133-T07,WO-00133,MC-017,Quench Oil Chiller CH-01,CL-UTIL,7,Condensate drain and moisture trap,Cleaning,Free draining,Yes,No,OK,,,TECH-06,2025-06-02,No
WO-00133-T08,WO-00133,MC-017,Quench Oil Chiller CH-01,CL-UTIL,8,Safety guard and E-stop check,Safety,Functional,Yes,Yes,OK,,,TECH-06,2025-06-02,No
WO-00133-T09,WO-00133,MC-017,Quench Oil Chiller CH-01,CL-UTIL,9,Electrical panel cleaning and terminal tightness,Electrical,"No dust, no loose lug",Yes,Yes,OK,,,TECH-06,2025-06-02,No
WO-00134-T01,WO-00134,MC-018,HT Compressor AC-01,CL-UTIL,1,Lock out / tag out verified before start,Safety,LOTO applied,Yes,Yes,OK,,,TECH-05,2025-05-25,No
WO-00134-T02,WO-00134,MC-018,HT Compressor AC-01,CL-UTIL,2,General cleaning and housekeeping,Cleaning,No debris,Yes,No,OK,,,TECH-05,2025-05-25,No
WO-00134-T03,WO-00134,MC-018,HT Compressor AC-01,CL-UTIL,3,Belt / chain tension and alignment,Measurement,As per OEM,Yes,No,OK,20.11,,TECH-05,2025-05-25,No
WO-00134-T04,WO-00134,MC-018,HT Compressor AC-01,CL-UTIL,4,Bearing greasing as per lube chart,Lubrication,All points,Yes,No,OK,,,TECH-05,2025-05-25,No
WO-00134-T05,WO-00134,MC-018,HT Compressor AC-01,CL-UTIL,5,Motor current and vibration check,Measurement,"<= FLC, <= 4.5 mm/s",Yes,No,OK,7.77,,TECH-05,2025-05-25,No
WO-00134-T06,WO-00134,MC-018,HT Compressor AC-01,CL-UTIL,6,Air / oil filter condition,Visual,Clean or replace,Yes,No,OK,,,TECH-05,2025-05-25,No
WO-00134-T07,WO-00134,MC-018,HT Compressor AC-01,CL-UTIL,7,Condensate drain and moisture trap,Cleaning,Free draining,Yes,No,OK,,,TECH-05,2025-05-25,No
WO-00134-T08,WO-00134,MC-018,HT Compressor AC-01,CL-UTIL,8,Safety guard and E-stop check,Safety,Functional,Yes,Yes,OK,,,TECH-05,2025-05-25,No
WO-00134-T09,WO-00134,MC-018,HT Compressor AC-01,CL-UTIL,9,Electrical panel cleaning and terminal tightness,Electrical,"No dust, no loose lug",Yes,Yes,OK,,,TECH-05,2025-05-25,No
WO-00135-T01,WO-00135,MC-014,Sealed Quench SQ-01,CL-FURNACE,1,Lock out / tag out and gas isolation verified,Safety,LOTO + gas isolated,Yes,Yes,OK,,,TECH-05,2025-07-05,No
WO-00135-T02,WO-00135,MC-014,Sealed Quench SQ-01,CL-FURNACE,2,Thermocouple calibration check (all zones),Measurement,+/- 3 deg C of master,Yes,Yes,OK,36.22,,TECH-05,2025-07-05,No
WO-00135-T03,WO-00135,MC-014,Sealed Quench SQ-01,CL-FURNACE,3,Inspect heating elements / radiant tubes,Visual,"No bulge, no crack",Yes,Yes,OK,,,TECH-05,2025-07-05,No
WO-00135-T04,WO-00135,MC-014,Sealed Quench SQ-01,CL-FURNACE,4,Door seal and curtain condition,Visual,"No gap, no burn-through",Yes,Yes,OK,,,TECH-05,2025-07-05,No
WO-00135-T05,WO-00135,MC-014,Sealed Quench SQ-01,CL-FURNACE,5,"Quench oil level, temperature and condition",Measurement,"Level OK, <= 80 deg C",Yes,No,Not OK,21.42,Deviation observed - abnormality raised,TECH-05,2025-07-05,Yes
WO-00135-T06,WO-00135,MC-014,Sealed Quench SQ-01,CL-FURNACE,6,Quench agitator motor current and vibration,Measurement,"<= FLC, <= 4.5 mm/s",Yes,No,OK,34.89,,TECH-05,2025-07-05,No
WO-00135-T07,WO-00135,MC-014,Sealed Quench SQ-01,CL-FURNACE,7,Atmosphere gas flow and carbon potential probe,Measurement,Probe mV stable,Yes,Yes,OK,13.16,,TECH-05,2025-07-05,No
WO-00135-T08,WO-00135,MC-014,Sealed Quench SQ-01,CL-FURNACE,8,Burner flame condition and flame-failure trip test,Safety,Trips within 3 s,Yes,Yes,OK,,,TECH-05,2025-07-05,No
WO-00135-T09,WO-00135,MC-014,Sealed Quench SQ-01,CL-FURNACE,9,Refractory / insulation inspection,Visual,No spalling,Yes,No,OK,,,TECH-05,2025-07-05,No
WO-00135-T10,WO-00135,MC-014,Sealed Quench SQ-01,CL-FURNACE,10,Cooling water flow and chiller performance,Measurement,>= 60 L/min,Yes,No,OK,39.58,,TECH-05,2025-07-05,No
WO-00135-T11,WO-00135,MC-014,Sealed Quench SQ-01,CL-FURNACE,11,Exhaust fan / flue condition,Visual,Free flow,Yes,No,OK,,,TECH-05,2025-07-05,No
WO-00135-T12,WO-00135,MC-014,Sealed Quench SQ-01,CL-FURNACE,12,Electrical panel cleaning and terminal tightness,Electrical,"No dust, no loose lug",Yes,Yes,OK,,,TECH-05,2025-07-05,No
WO-00135-T13,WO-00135,MC-014,Sealed Quench SQ-01,CL-FURNACE,13,Emergency stop and over-temperature trip test,Safety,Trips at setpoint +20,Yes,Yes,OK,,,TECH-05,2025-07-05,No
WO-00136-T01,WO-00136,MC-015,Sealed Quench SQ-02,CL-FURNACE,1,Lock out / tag out and gas isolation verified,Safety,LOTO + gas isolated,Yes,Yes,OK,,,TECH-02,2025-07-12,No
WO-00136-T02,WO-00136,MC-015,Sealed Quench SQ-02,CL-FURNACE,2,Thermocouple calibration check (all zones),Measurement,+/- 3 deg C of master,Yes,Yes,OK,13.96,,TECH-02,2025-07-12,No
WO-00136-T03,WO-00136,MC-015,Sealed Quench SQ-02,CL-FURNACE,3,Inspect heating elements / radiant tubes,Visual,"No bulge, no crack",Yes,Yes,OK,,,TECH-02,2025-07-12,No
WO-00136-T04,WO-00136,MC-015,Sealed Quench SQ-02,CL-FURNACE,4,Door seal and curtain condition,Visual,"No gap, no burn-through",Yes,Yes,OK,,,TECH-02,2025-07-12,No
WO-00136-T05,WO-00136,MC-015,Sealed Quench SQ-02,CL-FURNACE,5,"Quench oil level, temperature and condition",Measurement,"Level OK, <= 80 deg C",Yes,No,OK,26.03,,TECH-02,2025-07-12,No
WO-00136-T06,WO-00136,MC-015,Sealed Quench SQ-02,CL-FURNACE,6,Quench agitator motor current and vibration,Measurement,"<= FLC, <= 4.5 mm/s",Yes,No,OK,33.88,,TECH-02,2025-07-12,No
WO-00136-T07,WO-00136,MC-015,Sealed Quench SQ-02,CL-FURNACE,7,Atmosphere gas flow and carbon potential probe,Measurement,Probe mV stable,Yes,Yes,OK,46.16,,TECH-02,2025-07-12,No
WO-00136-T08,WO-00136,MC-015,Sealed Quench SQ-02,CL-FURNACE,8,Burner flame condition and flame-failure trip test,Safety,Trips within 3 s,Yes,Yes,OK,,,TECH-02,2025-07-12,No
WO-00136-T09,WO-00136,MC-015,Sealed Quench SQ-02,CL-FURNACE,9,Refractory / insulation inspection,Visual,No spalling,Yes,No,OK,,,TECH-02,2025-07-12,No
WO-00136-T10,WO-00136,MC-015,Sealed Quench SQ-02,CL-FURNACE,10,Cooling water flow and chiller performance,Measurement,>= 60 L/min,Yes,No,Not OK,37.49,Deviation observed - abnormality raised,TECH-02,2025-07-12,Yes
WO-00136-T11,WO-00136,MC-015,Sealed Quench SQ-02,CL-FURNACE,11,Exhaust fan / flue condition,Visual,Free flow,Yes,No,OK,,,TECH-02,2025-07-12,No
WO-00136-T12,WO-00136,MC-015,Sealed Quench SQ-02,CL-FURNACE,12,Electrical panel cleaning and terminal tightness,Electrical,"No dust, no loose lug",Yes,Yes,OK,,,TECH-02,2025-07-12,No
WO-00136-T13,WO-00136,MC-015,Sealed Quench SQ-02,CL-FURNACE,13,Emergency stop and over-temperature trip test,Safety,Trips at setpoint +20,Yes,Yes,OK,,,TECH-02,2025-07-12,No
WO-00137-T01,WO-00137,MC-016,Tempering Furnace TF-01,CL-FURNACE,1,Lock out / tag out and gas isolation verified,Safety,LOTO + gas isolated,Yes,Yes,OK,,,TECH-06,2025-07-18,No
WO-00137-T02,WO-00137,MC-016,Tempering Furnace TF-01,CL-FURNACE,2,Thermocouple calibration check (all zones),Measurement,+/- 3 deg C of master,Yes,Yes,OK,2.22,,TECH-06,2025-07-18,No
WO-00137-T03,WO-00137,MC-016,Tempering Furnace TF-01,CL-FURNACE,3,Inspect heating elements / radiant tubes,Visual,"No bulge, no crack",Yes,Yes,OK,,,TECH-06,2025-07-18,No
WO-00137-T04,WO-00137,MC-016,Tempering Furnace TF-01,CL-FURNACE,4,Door seal and curtain condition,Visual,"No gap, no burn-through",Yes,Yes,OK,,,TECH-06,2025-07-18,No
WO-00137-T05,WO-00137,MC-016,Tempering Furnace TF-01,CL-FURNACE,5,"Quench oil level, temperature and condition",Measurement,"Level OK, <= 80 deg C",Yes,No,Not OK,16.76,Deviation observed - abnormality raised,TECH-06,2025-07-18,Yes
WO-00137-T06,WO-00137,MC-016,Tempering Furnace TF-01,CL-FURNACE,6,Quench agitator motor current and vibration,Measurement,"<= FLC, <= 4.5 mm/s",Yes,No,OK,45.86,,TECH-06,2025-07-18,No
WO-00137-T07,WO-00137,MC-016,Tempering Furnace TF-01,CL-FURNACE,7,Atmosphere gas flow and carbon potential probe,Measurement,Probe mV stable,Yes,Yes,OK,55.33,,TECH-06,2025-07-18,No
WO-00137-T08,WO-00137,MC-016,Tempering Furnace TF-01,CL-FURNACE,8,Burner flame condition and flame-failure trip test,Safety,Trips within 3 s,Yes,Yes,OK,,,TECH-06,2025-07-18,No
WO-00137-T09,WO-00137,MC-016,Tempering Furnace TF-01,CL-FURNACE,9,Refractory / insulation inspection,Visual,No spalling,Yes,No,OK,,,TECH-06,2025-07-18,No
WO-00137-T10,WO-00137,MC-016,Tempering Furnace TF-01,CL-FURNACE,10,Cooling water flow and chiller performance,Measurement,>= 60 L/min,Yes,No,OK,21.39,,TECH-06,2025-07-18,No
WO-00137-T11,WO-00137,MC-016,Tempering Furnace TF-01,CL-FURNACE,11,Exhaust fan / flue condition,Visual,Free flow,Yes,No,OK,,,TECH-06,2025-07-18,No
WO-00137-T12,WO-00137,MC-016,Tempering Furnace TF-01,CL-FURNACE,12,Electrical panel cleaning and terminal tightness,Electrical,"No dust, no loose lug",Yes,Yes,OK,,,TECH-06,2025-07-18,No
WO-00137-T13,WO-00137,MC-016,Tempering Furnace TF-01,CL-FURNACE,13,Emergency stop and over-temperature trip test,Safety,Trips at setpoint +20,Yes,Yes,OK,,,TECH-06,2025-07-18,No
WO-00138-T01,WO-00138,MC-017,Quench Oil Chiller CH-01,CL-UTIL,1,Lock out / tag out verified before start,Safety,LOTO applied,Yes,Yes,Not OK,,Deviation observed - abnormality raised,TECH-05,2025-07-23,Yes
WO-00138-T02,WO-00138,MC-017,Quench Oil Chiller CH-01,CL-UTIL,2,General cleaning and housekeeping,Cleaning,No debris,Yes,No,OK,,,TECH-05,2025-07-23,No
WO-00138-T03,WO-00138,MC-017,Quench Oil Chiller CH-01,CL-UTIL,3,Belt / chain tension and alignment,Measurement,As per OEM,Yes,No,OK,5.96,,TECH-05,2025-07-23,No
WO-00138-T04,WO-00138,MC-017,Quench Oil Chiller CH-01,CL-UTIL,4,Bearing greasing as per lube chart,Lubrication,All points,Yes,No,OK,,,TECH-05,2025-07-23,No
WO-00138-T05,WO-00138,MC-017,Quench Oil Chiller CH-01,CL-UTIL,5,Motor current and vibration check,Measurement,"<= FLC, <= 4.5 mm/s",Yes,No,OK,32.06,,TECH-05,2025-07-23,No
WO-00138-T06,WO-00138,MC-017,Quench Oil Chiller CH-01,CL-UTIL,6,Air / oil filter condition,Visual,Clean or replace,Yes,No,OK,,,TECH-05,2025-07-23,No
WO-00138-T07,WO-00138,MC-017,Quench Oil Chiller CH-01,CL-UTIL,7,Condensate drain and moisture trap,Cleaning,Free draining,Yes,No,OK,,,TECH-05,2025-07-23,No
WO-00138-T08,WO-00138,MC-017,Quench Oil Chiller CH-01,CL-UTIL,8,Safety guard and E-stop check,Safety,Functional,Yes,Yes,OK,,,TECH-05,2025-07-23,No
WO-00138-T09,WO-00138,MC-017,Quench Oil Chiller CH-01,CL-UTIL,9,Electrical panel cleaning and terminal tightness,Electrical,"No dust, no loose lug",Yes,Yes,OK,,,TECH-05,2025-07-23,No
WO-00139-T01,WO-00139,MC-018,HT Compressor AC-01,CL-UTIL,1,Lock out / tag out verified before start,Safety,LOTO applied,Yes,Yes,OK,,,TECH-02,2025-07-27,No
WO-00139-T02,WO-00139,MC-018,HT Compressor AC-01,CL-UTIL,2,General cleaning and housekeeping,Cleaning,No debris,Yes,No,Not OK,,Deviation observed - abnormality raised,TECH-02,2025-07-27,Yes
WO-00139-T03,WO-00139,MC-018,HT Compressor AC-01,CL-UTIL,3,Belt / chain tension and alignment,Measurement,As per OEM,Yes,No,OK,53.06,,TECH-02,2025-07-27,No
WO-00139-T04,WO-00139,MC-018,HT Compressor AC-01,CL-UTIL,4,Bearing greasing as per lube chart,Lubrication,All points,Yes,No,OK,,,TECH-02,2025-07-27,No
WO-00139-T05,WO-00139,MC-018,HT Compressor AC-01,CL-UTIL,5,Motor current and vibration check,Measurement,"<= FLC, <= 4.5 mm/s",Yes,No,OK,9.76,,TECH-02,2025-07-27,No
WO-00139-T06,WO-00139,MC-018,HT Compressor AC-01,CL-UTIL,6,Air / oil filter condition,Visual,Clean or replace,Yes,No,OK,,,TECH-02,2025-07-27,No
WO-00139-T07,WO-00139,MC-018,HT Compressor AC-01,CL-UTIL,7,Condensate drain and moisture trap,Cleaning,Free draining,Yes,No,OK,,,TECH-02,2025-07-27,No
WO-00139-T08,WO-00139,MC-018,HT Compressor AC-01,CL-UTIL,8,Safety guard and E-stop check,Safety,Functional,Yes,Yes,OK,,,TECH-02,2025-07-27,No
WO-00139-T09,WO-00139,MC-018,HT Compressor AC-01,CL-UTIL,9,Electrical panel cleaning and terminal tightness,Electrical,"No dust, no loose lug",Yes,Yes,OK,,,TECH-02,2025-07-27,No
WO-00140-T01,WO-00140,MC-014,Sealed Quench SQ-01,CL-FURNACE,1,Lock out / tag out and gas isolation verified,Safety,LOTO + gas isolated,Yes,Yes,OK,,,TECH-02,2025-11-06,No
WO-00140-T02,WO-00140,MC-014,Sealed Quench SQ-01,CL-FURNACE,2,Thermocouple calibration check (all zones),Measurement,+/- 3 deg C of master,Yes,Yes,OK,36.62,,TECH-02,2025-11-06,No
WO-00140-T03,WO-00140,MC-014,Sealed Quench SQ-01,CL-FURNACE,3,Inspect heating elements / radiant tubes,Visual,"No bulge, no crack",Yes,Yes,OK,,,TECH-02,2025-11-06,No
WO-00140-T04,WO-00140,MC-014,Sealed Quench SQ-01,CL-FURNACE,4,Door seal and curtain condition,Visual,"No gap, no burn-through",Yes,Yes,OK,,,TECH-02,2025-11-06,No
WO-00140-T05,WO-00140,MC-014,Sealed Quench SQ-01,CL-FURNACE,5,"Quench oil level, temperature and condition",Measurement,"Level OK, <= 80 deg C",Yes,No,OK,25.14,,TECH-02,2025-11-06,No
WO-00140-T06,WO-00140,MC-014,Sealed Quench SQ-01,CL-FURNACE,6,Quench agitator motor current and vibration,Measurement,"<= FLC, <= 4.5 mm/s",Yes,No,OK,13.33,,TECH-02,2025-11-06,No
WO-00140-T07,WO-00140,MC-014,Sealed Quench SQ-01,CL-FURNACE,7,Atmosphere gas flow and carbon potential probe,Measurement,Probe mV stable,Yes,Yes,OK,30.98,,TECH-02,2025-11-06,No
WO-00140-T08,WO-00140,MC-014,Sealed Quench SQ-01,CL-FURNACE,8,Burner flame condition and flame-failure trip test,Safety,Trips within 3 s,Yes,Yes,OK,,,TECH-02,2025-11-06,No
WO-00140-T09,WO-00140,MC-014,Sealed Quench SQ-01,CL-FURNACE,9,Refractory / insulation inspection,Visual,No spalling,Yes,No,OK,,,TECH-02,2025-11-06,No
WO-00140-T10,WO-00140,MC-014,Sealed Quench SQ-01,CL-FURNACE,10,Cooling water flow and chiller performance,Measurement,>= 60 L/min,Yes,No,OK,21.04,,TECH-02,2025-11-06,No
WO-00140-T11,WO-00140,MC-014,Sealed Quench SQ-01,CL-FURNACE,11,Exhaust fan / flue condition,Visual,Free flow,Yes,No,OK,,,TECH-02,2025-11-06,No
WO-00140-T12,WO-00140,MC-014,Sealed Quench SQ-01,CL-FURNACE,12,Electrical panel cleaning and terminal tightness,Electrical,"No dust, no loose lug",Yes,Yes,OK,,,TECH-02,2025-11-06,No
WO-00140-T13,WO-00140,MC-014,Sealed Quench SQ-01,CL-FURNACE,13,Emergency stop and over-temperature trip test,Safety,Trips at setpoint +20,Yes,Yes,OK,,,TECH-02,2025-11-06,No
WO-00141-T01,WO-00141,MC-015,Sealed Quench SQ-02,CL-FURNACE,1,Lock out / tag out and gas isolation verified,Safety,LOTO + gas isolated,Yes,Yes,OK,,,TECH-06,2025-11-13,No
WO-00141-T02,WO-00141,MC-015,Sealed Quench SQ-02,CL-FURNACE,2,Thermocouple calibration check (all zones),Measurement,+/- 3 deg C of master,Yes,Yes,OK,3.2,,TECH-06,2025-11-13,No
WO-00141-T03,WO-00141,MC-015,Sealed Quench SQ-02,CL-FURNACE,3,Inspect heating elements / radiant tubes,Visual,"No bulge, no crack",Yes,Yes,OK,,,TECH-06,2025-11-13,No
WO-00141-T04,WO-00141,MC-015,Sealed Quench SQ-02,CL-FURNACE,4,Door seal and curtain condition,Visual,"No gap, no burn-through",Yes,Yes,OK,,,TECH-06,2025-11-13,No
WO-00141-T05,WO-00141,MC-015,Sealed Quench SQ-02,CL-FURNACE,5,"Quench oil level, temperature and condition",Measurement,"Level OK, <= 80 deg C",Yes,No,OK,24.02,,TECH-06,2025-11-13,No
WO-00141-T06,WO-00141,MC-015,Sealed Quench SQ-02,CL-FURNACE,6,Quench agitator motor current and vibration,Measurement,"<= FLC, <= 4.5 mm/s",Yes,No,OK,36.16,,TECH-06,2025-11-13,No
WO-00141-T07,WO-00141,MC-015,Sealed Quench SQ-02,CL-FURNACE,7,Atmosphere gas flow and carbon potential probe,Measurement,Probe mV stable,Yes,Yes,OK,0.96,,TECH-06,2025-11-13,No
WO-00141-T08,WO-00141,MC-015,Sealed Quench SQ-02,CL-FURNACE,8,Burner flame condition and flame-failure trip test,Safety,Trips within 3 s,Yes,Yes,OK,,,TECH-06,2025-11-13,No
WO-00141-T09,WO-00141,MC-015,Sealed Quench SQ-02,CL-FURNACE,9,Refractory / insulation inspection,Visual,No spalling,Yes,No,OK,,,TECH-06,2025-11-13,No
WO-00141-T10,WO-00141,MC-015,Sealed Quench SQ-02,CL-FURNACE,10,Cooling water flow and chiller performance,Measurement,>= 60 L/min,Yes,No,OK,18.43,,TECH-06,2025-11-13,No
WO-00141-T11,WO-00141,MC-015,Sealed Quench SQ-02,CL-FURNACE,11,Exhaust fan / flue condition,Visual,Free flow,Yes,No,OK,,,TECH-06,2025-11-13,No
WO-00141-T12,WO-00141,MC-015,Sealed Quench SQ-02,CL-FURNACE,12,Electrical panel cleaning and terminal tightness,Electrical,"No dust, no loose lug",Yes,Yes,OK,,,TECH-06,2025-11-13,No
WO-00141-T13,WO-00141,MC-015,Sealed Quench SQ-02,CL-FURNACE,13,Emergency stop and over-temperature trip test,Safety,Trips at setpoint +20,Yes,Yes,OK,,,TECH-06,2025-11-13,No
WO-00142-T01,WO-00142,MC-016,Tempering Furnace TF-01,CL-FURNACE,1,Lock out / tag out and gas isolation verified,Safety,LOTO + gas isolated,Yes,Yes,OK,,,TECH-05,2025-11-17,No
WO-00142-T02,WO-00142,MC-016,Tempering Furnace TF-01,CL-FURNACE,2,Thermocouple calibration check (all zones),Measurement,+/- 3 deg C of master,Yes,Yes,OK,30.09,,TECH-05,2025-11-17,No
WO-00142-T03,WO-00142,MC-016,Tempering Furnace TF-01,CL-FURNACE,3,Inspect heating elements / radiant tubes,Visual,"No bulge, no crack",Yes,Yes,OK,,,TECH-05,2025-11-17,No
WO-00142-T04,WO-00142,MC-016,Tempering Furnace TF-01,CL-FURNACE,4,Door seal and curtain condition,Visual,"No gap, no burn-through",Yes,Yes,OK,,,TECH-05,2025-11-17,No
WO-00142-T05,WO-00142,MC-016,Tempering Furnace TF-01,CL-FURNACE,5,"Quench oil level, temperature and condition",Measurement,"Level OK, <= 80 deg C",Yes,No,OK,26.12,,TECH-05,2025-11-17,No
WO-00142-T06,WO-00142,MC-016,Tempering Furnace TF-01,CL-FURNACE,6,Quench agitator motor current and vibration,Measurement,"<= FLC, <= 4.5 mm/s",Yes,No,OK,8.19,,TECH-05,2025-11-17,No
WO-00142-T07,WO-00142,MC-016,Tempering Furnace TF-01,CL-FURNACE,7,Atmosphere gas flow and carbon potential probe,Measurement,Probe mV stable,Yes,Yes,OK,32.19,,TECH-05,2025-11-17,No
WO-00142-T08,WO-00142,MC-016,Tempering Furnace TF-01,CL-FURNACE,8,Burner flame condition and flame-failure trip test,Safety,Trips within 3 s,Yes,Yes,OK,,,TECH-05,2025-11-17,No
WO-00142-T09,WO-00142,MC-016,Tempering Furnace TF-01,CL-FURNACE,9,Refractory / insulation inspection,Visual,No spalling,Yes,No,OK,,,TECH-05,2025-11-17,No
WO-00142-T10,WO-00142,MC-016,Tempering Furnace TF-01,CL-FURNACE,10,Cooling water flow and chiller performance,Measurement,>= 60 L/min,Yes,No,OK,14.19,,TECH-05,2025-11-17,No
WO-00142-T11,WO-00142,MC-016,Tempering Furnace TF-01,CL-FURNACE,11,Exhaust fan / flue condition,Visual,Free flow,Yes,No,OK,,,TECH-05,2025-11-17,No
WO-00142-T12,WO-00142,MC-016,Tempering Furnace TF-01,CL-FURNACE,12,Electrical panel cleaning and terminal tightness,Electrical,"No dust, no loose lug",Yes,Yes,OK,,,TECH-05,2025-11-17,No
WO-00142-T13,WO-00142,MC-016,Tempering Furnace TF-01,CL-FURNACE,13,Emergency stop and over-temperature trip test,Safety,Trips at setpoint +20,Yes,Yes,OK,,,TECH-05,2025-11-17,No
WO-00143-T01,WO-00143,MC-017,Quench Oil Chiller CH-01,CL-UTIL,1,Lock out / tag out verified before start,Safety,LOTO applied,Yes,Yes,Not OK,,Deviation observed - abnormality raised,TECH-02,2025-11-20,Yes
WO-00143-T02,WO-00143,MC-017,Quench Oil Chiller CH-01,CL-UTIL,2,General cleaning and housekeeping,Cleaning,No debris,Yes,No,OK,,,TECH-02,2025-11-20,No
WO-00143-T03,WO-00143,MC-017,Quench Oil Chiller CH-01,CL-UTIL,3,Belt / chain tension and alignment,Measurement,As per OEM,Yes,No,OK,26.46,,TECH-02,2025-11-20,No
WO-00143-T04,WO-00143,MC-017,Quench Oil Chiller CH-01,CL-UTIL,4,Bearing greasing as per lube chart,Lubrication,All points,Yes,No,OK,,,TECH-02,2025-11-20,No
WO-00143-T05,WO-00143,MC-017,Quench Oil Chiller CH-01,CL-UTIL,5,Motor current and vibration check,Measurement,"<= FLC, <= 4.5 mm/s",Yes,No,OK,27.86,,TECH-02,2025-11-20,No
WO-00143-T06,WO-00143,MC-017,Quench Oil Chiller CH-01,CL-UTIL,6,Air / oil filter condition,Visual,Clean or replace,Yes,No,OK,,,TECH-02,2025-11-20,No
WO-00143-T07,WO-00143,MC-017,Quench Oil Chiller CH-01,CL-UTIL,7,Condensate drain and moisture trap,Cleaning,Free draining,Yes,No,OK,,,TECH-02,2025-11-20,No
WO-00143-T08,WO-00143,MC-017,Quench Oil Chiller CH-01,CL-UTIL,8,Safety guard and E-stop check,Safety,Functional,Yes,Yes,OK,,,TECH-02,2025-11-20,No
WO-00143-T09,WO-00143,MC-017,Quench Oil Chiller CH-01,CL-UTIL,9,Electrical panel cleaning and terminal tightness,Electrical,"No dust, no loose lug",Yes,Yes,OK,,,TECH-02,2025-11-20,No
WO-00144-T01,WO-00144,MC-018,HT Compressor AC-01,CL-UTIL,1,Lock out / tag out verified before start,Safety,LOTO applied,Yes,Yes,OK,,,TECH-06,2025-11-26,No
WO-00144-T02,WO-00144,MC-018,HT Compressor AC-01,CL-UTIL,2,General cleaning and housekeeping,Cleaning,No debris,Yes,No,OK,,,TECH-06,2025-11-26,No
WO-00144-T03,WO-00144,MC-018,HT Compressor AC-01,CL-UTIL,3,Belt / chain tension and alignment,Measurement,As per OEM,Yes,No,OK,17.73,,TECH-06,2025-11-26,No
WO-00144-T04,WO-00144,MC-018,HT Compressor AC-01,CL-UTIL,4,Bearing greasing as per lube chart,Lubrication,All points,Yes,No,OK,,,TECH-06,2025-11-26,No
WO-00144-T05,WO-00144,MC-018,HT Compressor AC-01,CL-UTIL,5,Motor current and vibration check,Measurement,"<= FLC, <= 4.5 mm/s",Yes,No,OK,24.6,,TECH-06,2025-11-26,No
WO-00144-T06,WO-00144,MC-018,HT Compressor AC-01,CL-UTIL,6,Air / oil filter condition,Visual,Clean or replace,Yes,No,OK,,,TECH-06,2025-11-26,No
WO-00144-T07,WO-00144,MC-018,HT Compressor AC-01,CL-UTIL,7,Condensate drain and moisture trap,Cleaning,Free draining,Yes,No,Not OK,,Deviation observed - abnormality raised,TECH-06,2025-11-26,Yes
WO-00144-T08,WO-00144,MC-018,HT Compressor AC-01,CL-UTIL,8,Safety guard and E-stop check,Safety,Functional,Yes,Yes,OK,,,TECH-06,2025-11-26,No
WO-00144-T09,WO-00144,MC-018,HT Compressor AC-01,CL-UTIL,9,Electrical panel cleaning and terminal tightness,Electrical,"No dust, no loose lug",Yes,Yes,OK,,,TECH-06,2025-11-26,No
WO-00145-T01,WO-00145,MC-014,Sealed Quench SQ-01,CL-FURNACE,1,Lock out / tag out and gas isolation verified,Safety,LOTO + gas isolated,Yes,Yes,OK,,,TECH-06,2026-02-08,No
WO-00145-T02,WO-00145,MC-014,Sealed Quench SQ-01,CL-FURNACE,2,Thermocouple calibration check (all zones),Measurement,+/- 3 deg C of master,Yes,Yes,Not OK,50.75,Deviation observed - abnormality raised,TECH-06,2026-02-08,Yes
WO-00145-T03,WO-00145,MC-014,Sealed Quench SQ-01,CL-FURNACE,3,Inspect heating elements / radiant tubes,Visual,"No bulge, no crack",Yes,Yes,OK,,,TECH-06,2026-02-08,No
WO-00145-T04,WO-00145,MC-014,Sealed Quench SQ-01,CL-FURNACE,4,Door seal and curtain condition,Visual,"No gap, no burn-through",Yes,Yes,OK,,,TECH-06,2026-02-08,No
WO-00145-T05,WO-00145,MC-014,Sealed Quench SQ-01,CL-FURNACE,5,"Quench oil level, temperature and condition",Measurement,"Level OK, <= 80 deg C",Yes,No,OK,14.98,,TECH-06,2026-02-08,No
WO-00145-T06,WO-00145,MC-014,Sealed Quench SQ-01,CL-FURNACE,6,Quench agitator motor current and vibration,Measurement,"<= FLC, <= 4.5 mm/s",Yes,No,OK,35.54,,TECH-06,2026-02-08,No
WO-00145-T07,WO-00145,MC-014,Sealed Quench SQ-01,CL-FURNACE,7,Atmosphere gas flow and carbon potential probe,Measurement,Probe mV stable,Yes,Yes,Not OK,31.68,Deviation observed - abnormality raised,TECH-06,2026-02-08,Yes
WO-00145-T08,WO-00145,MC-014,Sealed Quench SQ-01,CL-FURNACE,8,Burner flame condition and flame-failure trip test,Safety,Trips within 3 s,Yes,Yes,OK,,,TECH-06,2026-02-08,No
WO-00145-T09,WO-00145,MC-014,Sealed Quench SQ-01,CL-FURNACE,9,Refractory / insulation inspection,Visual,No spalling,Yes,No,OK,,,TECH-06,2026-02-08,No
WO-00145-T10,WO-00145,MC-014,Sealed Quench SQ-01,CL-FURNACE,10,Cooling water flow and chiller performance,Measurement,>= 60 L/min,Yes,No,OK,24.05,,TECH-06,2026-02-08,No
WO-00145-T11,WO-00145,MC-014,Sealed Quench SQ-01,CL-FURNACE,11,Exhaust fan / flue condition,Visual,Free flow,Yes,No,OK,,,TECH-06,2026-02-08,No
WO-00145-T12,WO-00145,MC-014,Sealed Quench SQ-01,CL-FURNACE,12,Electrical panel cleaning and terminal tightness,Electrical,"No dust, no loose lug",Yes,Yes,OK,,,TECH-06,2026-02-08,No
WO-00145-T13,WO-00145,MC-014,Sealed Quench SQ-01,CL-FURNACE,13,Emergency stop and over-temperature trip test,Safety,Trips at setpoint +20,Yes,Yes,OK,,,TECH-06,2026-02-08,No
WO-00146-T01,WO-00146,MC-015,Sealed Quench SQ-02,CL-FURNACE,1,Lock out / tag out and gas isolation verified,Safety,LOTO + gas isolated,Yes,Yes,OK,,,TECH-05,2026-01-09,No
WO-00146-T02,WO-00146,MC-015,Sealed Quench SQ-02,CL-FURNACE,2,Thermocouple calibration check (all zones),Measurement,+/- 3 deg C of master,Yes,Yes,OK,38.18,,TECH-05,2026-01-09,No
WO-00146-T03,WO-00146,MC-015,Sealed Quench SQ-02,CL-FURNACE,3,Inspect heating elements / radiant tubes,Visual,"No bulge, no crack",Yes,Yes,OK,,,TECH-05,2026-01-09,No
WO-00146-T04,WO-00146,MC-015,Sealed Quench SQ-02,CL-FURNACE,4,Door seal and curtain condition,Visual,"No gap, no burn-through",Yes,Yes,OK,,,TECH-05,2026-01-09,No
WO-00146-T05,WO-00146,MC-015,Sealed Quench SQ-02,CL-FURNACE,5,"Quench oil level, temperature and condition",Measurement,"Level OK, <= 80 deg C",Yes,No,OK,32.07,,TECH-05,2026-01-09,No
WO-00146-T06,WO-00146,MC-015,Sealed Quench SQ-02,CL-FURNACE,6,Quench agitator motor current and vibration,Measurement,"<= FLC, <= 4.5 mm/s",Yes,No,OK,12.04,,TECH-05,2026-01-09,No
WO-00146-T07,WO-00146,MC-015,Sealed Quench SQ-02,CL-FURNACE,7,Atmosphere gas flow and carbon potential probe,Measurement,Probe mV stable,Yes,Yes,OK,46.69,,TECH-05,2026-01-09,No
WO-00146-T08,WO-00146,MC-015,Sealed Quench SQ-02,CL-FURNACE,8,Burner flame condition and flame-failure trip test,Safety,Trips within 3 s,Yes,Yes,OK,,,TECH-05,2026-01-09,No
WO-00146-T09,WO-00146,MC-015,Sealed Quench SQ-02,CL-FURNACE,9,Refractory / insulation inspection,Visual,No spalling,Yes,No,OK,,,TECH-05,2026-01-09,No
WO-00146-T10,WO-00146,MC-015,Sealed Quench SQ-02,CL-FURNACE,10,Cooling water flow and chiller performance,Measurement,>= 60 L/min,Yes,No,OK,21.39,,TECH-05,2026-01-09,No
WO-00146-T11,WO-00146,MC-015,Sealed Quench SQ-02,CL-FURNACE,11,Exhaust fan / flue condition,Visual,Free flow,Yes,No,OK,,,TECH-05,2026-01-09,No
WO-00146-T12,WO-00146,MC-015,Sealed Quench SQ-02,CL-FURNACE,12,Electrical panel cleaning and terminal tightness,Electrical,"No dust, no loose lug",Yes,Yes,OK,,,TECH-05,2026-01-09,No
WO-00146-T13,WO-00146,MC-015,Sealed Quench SQ-02,CL-FURNACE,13,Emergency stop and over-temperature trip test,Safety,Trips at setpoint +20,Yes,Yes,OK,,,TECH-05,2026-01-09,No
WO-00147-T01,WO-00147,MC-016,Tempering Furnace TF-01,CL-FURNACE,1,Lock out / tag out and gas isolation verified,Safety,LOTO + gas isolated,Yes,Yes,OK,,,TECH-02,2026-01-14,No
WO-00147-T02,WO-00147,MC-016,Tempering Furnace TF-01,CL-FURNACE,2,Thermocouple calibration check (all zones),Measurement,+/- 3 deg C of master,Yes,Yes,OK,36.34,,TECH-02,2026-01-14,No
WO-00147-T03,WO-00147,MC-016,Tempering Furnace TF-01,CL-FURNACE,3,Inspect heating elements / radiant tubes,Visual,"No bulge, no crack",Yes,Yes,OK,,,TECH-02,2026-01-14,No
WO-00147-T04,WO-00147,MC-016,Tempering Furnace TF-01,CL-FURNACE,4,Door seal and curtain condition,Visual,"No gap, no burn-through",Yes,Yes,OK,,,TECH-02,2026-01-14,No
WO-00147-T05,WO-00147,MC-016,Tempering Furnace TF-01,CL-FURNACE,5,"Quench oil level, temperature and condition",Measurement,"Level OK, <= 80 deg C",Yes,No,OK,45.73,,TECH-02,2026-01-14,No
WO-00147-T06,WO-00147,MC-016,Tempering Furnace TF-01,CL-FURNACE,6,Quench agitator motor current and vibration,Measurement,"<= FLC, <= 4.5 mm/s",Yes,No,OK,39.5,,TECH-02,2026-01-14,No
WO-00147-T07,WO-00147,MC-016,Tempering Furnace TF-01,CL-FURNACE,7,Atmosphere gas flow and carbon potential probe,Measurement,Probe mV stable,Yes,Yes,OK,11.04,,TECH-02,2026-01-14,No
WO-00147-T08,WO-00147,MC-016,Tempering Furnace TF-01,CL-FURNACE,8,Burner flame condition and flame-failure trip test,Safety,Trips within 3 s,Yes,Yes,OK,,,TECH-02,2026-01-14,No
WO-00147-T09,WO-00147,MC-016,Tempering Furnace TF-01,CL-FURNACE,9,Refractory / insulation inspection,Visual,No spalling,Yes,No,OK,,,TECH-02,2026-01-14,No
WO-00147-T10,WO-00147,MC-016,Tempering Furnace TF-01,CL-FURNACE,10,Cooling water flow and chiller performance,Measurement,>= 60 L/min,Yes,No,OK,46.48,,TECH-02,2026-01-14,No
WO-00147-T11,WO-00147,MC-016,Tempering Furnace TF-01,CL-FURNACE,11,Exhaust fan / flue condition,Visual,Free flow,Yes,No,OK,,,TECH-02,2026-01-14,No
WO-00147-T12,WO-00147,MC-016,Tempering Furnace TF-01,CL-FURNACE,12,Electrical panel cleaning and terminal tightness,Electrical,"No dust, no loose lug",Yes,Yes,OK,,,TECH-02,2026-01-14,No
WO-00147-T13,WO-00147,MC-016,Tempering Furnace TF-01,CL-FURNACE,13,Emergency stop and over-temperature trip test,Safety,Trips at setpoint +20,Yes,Yes,OK,,,TECH-02,2026-01-14,No
WO-00148-T01,WO-00148,MC-017,Quench Oil Chiller CH-01,CL-UTIL,1,Lock out / tag out verified before start,Safety,LOTO applied,Yes,Yes,OK,,,TECH-06,2026-01-23,No
WO-00148-T02,WO-00148,MC-017,Quench Oil Chiller CH-01,CL-UTIL,2,General cleaning and housekeeping,Cleaning,No debris,Yes,No,OK,,,TECH-06,2026-01-23,No
WO-00148-T03,WO-00148,MC-017,Quench Oil Chiller CH-01,CL-UTIL,3,Belt / chain tension and alignment,Measurement,As per OEM,Yes,No,OK,9.48,,TECH-06,2026-01-23,No
WO-00148-T04,WO-00148,MC-017,Quench Oil Chiller CH-01,CL-UTIL,4,Bearing greasing as per lube chart,Lubrication,All points,Yes,No,OK,,,TECH-06,2026-01-23,No
WO-00148-T05,WO-00148,MC-017,Quench Oil Chiller CH-01,CL-UTIL,5,Motor current and vibration check,Measurement,"<= FLC, <= 4.5 mm/s",Yes,No,OK,4.56,,TECH-06,2026-01-23,No
WO-00148-T06,WO-00148,MC-017,Quench Oil Chiller CH-01,CL-UTIL,6,Air / oil filter condition,Visual,Clean or replace,Yes,No,Not OK,,Deviation observed - abnormality raised,TECH-06,2026-01-23,Yes
WO-00148-T07,WO-00148,MC-017,Quench Oil Chiller CH-01,CL-UTIL,7,Condensate drain and moisture trap,Cleaning,Free draining,Yes,No,OK,,,TECH-06,2026-01-23,No
WO-00148-T08,WO-00148,MC-017,Quench Oil Chiller CH-01,CL-UTIL,8,Safety guard and E-stop check,Safety,Functional,Yes,Yes,OK,,,TECH-06,2026-01-23,No
WO-00148-T09,WO-00148,MC-017,Quench Oil Chiller CH-01,CL-UTIL,9,Electrical panel cleaning and terminal tightness,Electrical,"No dust, no loose lug",Yes,Yes,Not OK,,Deviation observed - abnormality raised,TECH-06,2026-01-23,Yes
WO-00149-T01,WO-00149,MC-018,HT Compressor AC-01,CL-UTIL,1,Lock out / tag out verified before start,Safety,LOTO applied,Yes,Yes,OK,,,TECH-05,2026-01-27,No
WO-00149-T02,WO-00149,MC-018,HT Compressor AC-01,CL-UTIL,2,General cleaning and housekeeping,Cleaning,No debris,Yes,No,OK,,,TECH-05,2026-01-27,No
WO-00149-T03,WO-00149,MC-018,HT Compressor AC-01,CL-UTIL,3,Belt / chain tension and alignment,Measurement,As per OEM,Yes,No,OK,4.91,,TECH-05,2026-01-27,No
WO-00149-T04,WO-00149,MC-018,HT Compressor AC-01,CL-UTIL,4,Bearing greasing as per lube chart,Lubrication,All points,Yes,No,OK,,,TECH-05,2026-01-27,No
WO-00149-T05,WO-00149,MC-018,HT Compressor AC-01,CL-UTIL,5,Motor current and vibration check,Measurement,"<= FLC, <= 4.5 mm/s",Yes,No,OK,27.97,,TECH-05,2026-01-27,No
WO-00149-T06,WO-00149,MC-018,HT Compressor AC-01,CL-UTIL,6,Air / oil filter condition,Visual,Clean or replace,Yes,No,OK,,,TECH-05,2026-01-27,No
WO-00149-T07,WO-00149,MC-018,HT Compressor AC-01,CL-UTIL,7,Condensate drain and moisture trap,Cleaning,Free draining,Yes,No,OK,,,TECH-05,2026-01-27,No
WO-00149-T08,WO-00149,MC-018,HT Compressor AC-01,CL-UTIL,8,Safety guard and E-stop check,Safety,Functional,Yes,Yes,OK,,,TECH-05,2026-01-27,No
WO-00149-T09,WO-00149,MC-018,HT Compressor AC-01,CL-UTIL,9,Electrical panel cleaning and terminal tightness,Electrical,"No dust, no loose lug",Yes,Yes,OK,,,TECH-05,2026-01-27,No
WO-00150-T01,WO-00150,MC-014,Sealed Quench SQ-01,CL-FURNACE,1,Lock out / tag out and gas isolation verified,Safety,LOTO + gas isolated,Yes,Yes,OK,,,TECH-05,2026-04-06,No
WO-00150-T02,WO-00150,MC-014,Sealed Quench SQ-01,CL-FURNACE,2,Thermocouple calibration check (all zones),Measurement,+/- 3 deg C of master,Yes,Yes,Not OK,37.09,Deviation observed - abnormality raised,TECH-05,2026-04-06,Yes
WO-00150-T03,WO-00150,MC-014,Sealed Quench SQ-01,CL-FURNACE,3,Inspect heating elements / radiant tubes,Visual,"No bulge, no crack",Yes,Yes,OK,,,TECH-05,2026-04-06,No
WO-00150-T04,WO-00150,MC-014,Sealed Quench SQ-01,CL-FURNACE,4,Door seal and curtain condition,Visual,"No gap, no burn-through",Yes,Yes,OK,,,TECH-05,2026-04-06,No
WO-00150-T05,WO-00150,MC-014,Sealed Quench SQ-01,CL-FURNACE,5,"Quench oil level, temperature and condition",Measurement,"Level OK, <= 80 deg C",Yes,No,OK,30.67,,TECH-05,2026-04-06,No
WO-00150-T06,WO-00150,MC-014,Sealed Quench SQ-01,CL-FURNACE,6,Quench agitator motor current and vibration,Measurement,"<= FLC, <= 4.5 mm/s",Yes,No,OK,28.03,,TECH-05,2026-04-06,No
WO-00150-T07,WO-00150,MC-014,Sealed Quench SQ-01,CL-FURNACE,7,Atmosphere gas flow and carbon potential probe,Measurement,Probe mV stable,Yes,Yes,OK,33.48,,TECH-05,2026-04-06,No
WO-00150-T08,WO-00150,MC-014,Sealed Quench SQ-01,CL-FURNACE,8,Burner flame condition and flame-failure trip test,Safety,Trips within 3 s,Yes,Yes,OK,,,TECH-05,2026-04-06,No
WO-00150-T09,WO-00150,MC-014,Sealed Quench SQ-01,CL-FURNACE,9,Refractory / insulation inspection,Visual,No spalling,Yes,No,OK,,,TECH-05,2026-04-06,No
WO-00150-T10,WO-00150,MC-014,Sealed Quench SQ-01,CL-FURNACE,10,Cooling water flow and chiller performance,Measurement,>= 60 L/min,Yes,No,OK,47.61,,TECH-05,2026-04-06,No
WO-00150-T11,WO-00150,MC-014,Sealed Quench SQ-01,CL-FURNACE,11,Exhaust fan / flue condition,Visual,Free flow,Yes,No,OK,,,TECH-05,2026-04-06,No
WO-00150-T12,WO-00150,MC-014,Sealed Quench SQ-01,CL-FURNACE,12,Electrical panel cleaning and terminal tightness,Electrical,"No dust, no loose lug",Yes,Yes,OK,,,TECH-05,2026-04-06,No
WO-00150-T13,WO-00150,MC-014,Sealed Quench SQ-01,CL-FURNACE,13,Emergency stop and over-temperature trip test,Safety,Trips at setpoint +20,Yes,Yes,OK,,,TECH-05,2026-04-06,No
WO-00151-T01,WO-00151,MC-015,Sealed Quench SQ-02,CL-FURNACE,1,Lock out / tag out and gas isolation verified,Safety,LOTO + gas isolated,Yes,Yes,OK,,,TECH-02,2026-05-04,No
WO-00151-T02,WO-00151,MC-015,Sealed Quench SQ-02,CL-FURNACE,2,Thermocouple calibration check (all zones),Measurement,+/- 3 deg C of master,Yes,Yes,OK,9.48,,TECH-02,2026-05-04,No
WO-00151-T03,WO-00151,MC-015,Sealed Quench SQ-02,CL-FURNACE,3,Inspect heating elements / radiant tubes,Visual,"No bulge, no crack",Yes,Yes,OK,,,TECH-02,2026-05-04,No
WO-00151-T04,WO-00151,MC-015,Sealed Quench SQ-02,CL-FURNACE,4,Door seal and curtain condition,Visual,"No gap, no burn-through",Yes,Yes,OK,,,TECH-02,2026-05-04,No
WO-00151-T05,WO-00151,MC-015,Sealed Quench SQ-02,CL-FURNACE,5,"Quench oil level, temperature and condition",Measurement,"Level OK, <= 80 deg C",Yes,No,OK,4.18,,TECH-02,2026-05-04,No
WO-00151-T06,WO-00151,MC-015,Sealed Quench SQ-02,CL-FURNACE,6,Quench agitator motor current and vibration,Measurement,"<= FLC, <= 4.5 mm/s",Yes,No,OK,6.66,,TECH-02,2026-05-04,No
WO-00151-T07,WO-00151,MC-015,Sealed Quench SQ-02,CL-FURNACE,7,Atmosphere gas flow and carbon potential probe,Measurement,Probe mV stable,Yes,Yes,OK,54.0,,TECH-02,2026-05-04,No
WO-00151-T08,WO-00151,MC-015,Sealed Quench SQ-02,CL-FURNACE,8,Burner flame condition and flame-failure trip test,Safety,Trips within 3 s,Yes,Yes,OK,,,TECH-02,2026-05-04,No
WO-00151-T09,WO-00151,MC-015,Sealed Quench SQ-02,CL-FURNACE,9,Refractory / insulation inspection,Visual,No spalling,Yes,No,OK,,,TECH-02,2026-05-04,No
WO-00151-T10,WO-00151,MC-015,Sealed Quench SQ-02,CL-FURNACE,10,Cooling water flow and chiller performance,Measurement,>= 60 L/min,Yes,No,OK,20.93,,TECH-02,2026-05-04,No
WO-00151-T11,WO-00151,MC-015,Sealed Quench SQ-02,CL-FURNACE,11,Exhaust fan / flue condition,Visual,Free flow,Yes,No,OK,,,TECH-02,2026-05-04,No
WO-00151-T12,WO-00151,MC-015,Sealed Quench SQ-02,CL-FURNACE,12,Electrical panel cleaning and terminal tightness,Electrical,"No dust, no loose lug",Yes,Yes,OK,,,TECH-02,2026-05-04,No
WO-00151-T13,WO-00151,MC-015,Sealed Quench SQ-02,CL-FURNACE,13,Emergency stop and over-temperature trip test,Safety,Trips at setpoint +20,Yes,Yes,OK,,,TECH-02,2026-05-04,No
WO-00152-T01,WO-00152,MC-016,Tempering Furnace TF-01,CL-FURNACE,1,Lock out / tag out and gas isolation verified,Safety,LOTO + gas isolated,Yes,Yes,OK,,,TECH-06,2026-04-15,No
WO-00152-T02,WO-00152,MC-016,Tempering Furnace TF-01,CL-FURNACE,2,Thermocouple calibration check (all zones),Measurement,+/- 3 deg C of master,Yes,Yes,OK,31.68,,TECH-06,2026-04-15,No
WO-00152-T03,WO-00152,MC-016,Tempering Furnace TF-01,CL-FURNACE,3,Inspect heating elements / radiant tubes,Visual,"No bulge, no crack",Yes,Yes,OK,,,TECH-06,2026-04-15,No
WO-00152-T04,WO-00152,MC-016,Tempering Furnace TF-01,CL-FURNACE,4,Door seal and curtain condition,Visual,"No gap, no burn-through",Yes,Yes,OK,,,TECH-06,2026-04-15,No
WO-00152-T05,WO-00152,MC-016,Tempering Furnace TF-01,CL-FURNACE,5,"Quench oil level, temperature and condition",Measurement,"Level OK, <= 80 deg C",Yes,No,OK,36.78,,TECH-06,2026-04-15,No
WO-00152-T06,WO-00152,MC-016,Tempering Furnace TF-01,CL-FURNACE,6,Quench agitator motor current and vibration,Measurement,"<= FLC, <= 4.5 mm/s",Yes,No,OK,22.15,,TECH-06,2026-04-15,No
WO-00152-T07,WO-00152,MC-016,Tempering Furnace TF-01,CL-FURNACE,7,Atmosphere gas flow and carbon potential probe,Measurement,Probe mV stable,Yes,Yes,OK,55.12,,TECH-06,2026-04-15,No
WO-00152-T08,WO-00152,MC-016,Tempering Furnace TF-01,CL-FURNACE,8,Burner flame condition and flame-failure trip test,Safety,Trips within 3 s,Yes,Yes,Not OK,,Deviation observed - abnormality raised,TECH-06,2026-04-15,Yes
WO-00152-T09,WO-00152,MC-016,Tempering Furnace TF-01,CL-FURNACE,9,Refractory / insulation inspection,Visual,No spalling,Yes,No,OK,,,TECH-06,2026-04-15,No
WO-00152-T10,WO-00152,MC-016,Tempering Furnace TF-01,CL-FURNACE,10,Cooling water flow and chiller performance,Measurement,>= 60 L/min,Yes,No,OK,23.55,,TECH-06,2026-04-15,No
WO-00152-T11,WO-00152,MC-016,Tempering Furnace TF-01,CL-FURNACE,11,Exhaust fan / flue condition,Visual,Free flow,Yes,No,OK,,,TECH-06,2026-04-15,No
WO-00152-T12,WO-00152,MC-016,Tempering Furnace TF-01,CL-FURNACE,12,Electrical panel cleaning and terminal tightness,Electrical,"No dust, no loose lug",Yes,Yes,OK,,,TECH-06,2026-04-15,No
WO-00152-T13,WO-00152,MC-016,Tempering Furnace TF-01,CL-FURNACE,13,Emergency stop and over-temperature trip test,Safety,Trips at setpoint +20,Yes,Yes,OK,,,TECH-06,2026-04-15,No
WO-00153-T01,WO-00153,MC-017,Quench Oil Chiller CH-01,CL-UTIL,1,Lock out / tag out verified before start,Safety,LOTO applied,Yes,Yes,OK,,,TECH-05,2026-04-22,No
WO-00153-T02,WO-00153,MC-017,Quench Oil Chiller CH-01,CL-UTIL,2,General cleaning and housekeeping,Cleaning,No debris,Yes,No,OK,,,TECH-05,2026-04-22,No
WO-00153-T03,WO-00153,MC-017,Quench Oil Chiller CH-01,CL-UTIL,3,Belt / chain tension and alignment,Measurement,As per OEM,Yes,No,OK,40.86,,TECH-05,2026-04-22,No
WO-00153-T04,WO-00153,MC-017,Quench Oil Chiller CH-01,CL-UTIL,4,Bearing greasing as per lube chart,Lubrication,All points,Yes,No,OK,,,TECH-05,2026-04-22,No
WO-00153-T05,WO-00153,MC-017,Quench Oil Chiller CH-01,CL-UTIL,5,Motor current and vibration check,Measurement,"<= FLC, <= 4.5 mm/s",Yes,No,OK,17.41,,TECH-05,2026-04-22,No
WO-00153-T06,WO-00153,MC-017,Quench Oil Chiller CH-01,CL-UTIL,6,Air / oil filter condition,Visual,Clean or replace,Yes,No,OK,,,TECH-05,2026-04-22,No
WO-00153-T07,WO-00153,MC-017,Quench Oil Chiller CH-01,CL-UTIL,7,Condensate drain and moisture trap,Cleaning,Free draining,Yes,No,OK,,,TECH-05,2026-04-22,No
WO-00153-T08,WO-00153,MC-017,Quench Oil Chiller CH-01,CL-UTIL,8,Safety guard and E-stop check,Safety,Functional,Yes,Yes,OK,,,TECH-05,2026-04-22,No
WO-00153-T09,WO-00153,MC-017,Quench Oil Chiller CH-01,CL-UTIL,9,Electrical panel cleaning and terminal tightness,Electrical,"No dust, no loose lug",Yes,Yes,OK,,,TECH-05,2026-04-22,No
WO-00154-T01,WO-00154,MC-018,HT Compressor AC-01,CL-UTIL,1,Lock out / tag out verified before start,Safety,LOTO applied,Yes,Yes,OK,,,TECH-02,2026-04-29,No
WO-00154-T02,WO-00154,MC-018,HT Compressor AC-01,CL-UTIL,2,General cleaning and housekeeping,Cleaning,No debris,Yes,No,OK,,,TECH-02,2026-04-29,No
WO-00154-T03,WO-00154,MC-018,HT Compressor AC-01,CL-UTIL,3,Belt / chain tension and alignment,Measurement,As per OEM,Yes,No,OK,35.17,,TECH-02,2026-04-29,No
WO-00154-T04,WO-00154,MC-018,HT Compressor AC-01,CL-UTIL,4,Bearing greasing as per lube chart,Lubrication,All points,Yes,No,OK,,,TECH-02,2026-04-29,No
WO-00154-T05,WO-00154,MC-018,HT Compressor AC-01,CL-UTIL,5,Motor current and vibration check,Measurement,"<= FLC, <= 4.5 mm/s",Yes,No,OK,8.91,,TECH-02,2026-04-29,No
WO-00154-T06,WO-00154,MC-018,HT Compressor AC-01,CL-UTIL,6,Air / oil filter condition,Visual,Clean or replace,Yes,No,OK,,,TECH-02,2026-04-29,No
WO-00154-T07,WO-00154,MC-018,HT Compressor AC-01,CL-UTIL,7,Condensate drain and moisture trap,Cleaning,Free draining,Yes,No,OK,,,TECH-02,2026-04-29,No
WO-00154-T08,WO-00154,MC-018,HT Compressor AC-01,CL-UTIL,8,Safety guard and E-stop check,Safety,Functional,Yes,Yes,OK,,,TECH-02,2026-04-29,No
WO-00154-T09,WO-00154,MC-018,HT Compressor AC-01,CL-UTIL,9,Electrical panel cleaning and terminal tightness,Electrical,"No dust, no loose lug",Yes,Yes,OK,,,TECH-02,2026-04-29,No
WO-00156-T01,WO-00156,MC-015,Sealed Quench SQ-02,CL-FURNACE,1,Lock out / tag out and gas isolation verified,Safety,LOTO + gas isolated,Yes,Yes,OK,,,TECH-06,2026-07-11,No
WO-00156-T02,WO-00156,MC-015,Sealed Quench SQ-02,CL-FURNACE,2,Thermocouple calibration check (all zones),Measurement,+/- 3 deg C of master,Yes,Yes,Not OK,18.92,Deviation observed - abnormality raised,TECH-06,2026-07-11,Yes
WO-00156-T03,WO-00156,MC-015,Sealed Quench SQ-02,CL-FURNACE,3,Inspect heating elements / radiant tubes,Visual,"No bulge, no crack",Yes,Yes,OK,,,TECH-06,2026-07-11,No
WO-00156-T04,WO-00156,MC-015,Sealed Quench SQ-02,CL-FURNACE,4,Door seal and curtain condition,Visual,"No gap, no burn-through",Yes,Yes,OK,,,TECH-06,2026-07-11,No
WO-00156-T05,WO-00156,MC-015,Sealed Quench SQ-02,CL-FURNACE,5,"Quench oil level, temperature and condition",Measurement,"Level OK, <= 80 deg C",Yes,No,OK,22.91,,TECH-06,2026-07-11,No
WO-00156-T06,WO-00156,MC-015,Sealed Quench SQ-02,CL-FURNACE,6,Quench agitator motor current and vibration,Measurement,"<= FLC, <= 4.5 mm/s",Yes,No,OK,47.6,,TECH-06,2026-07-11,No
WO-00156-T07,WO-00156,MC-015,Sealed Quench SQ-02,CL-FURNACE,7,Atmosphere gas flow and carbon potential probe,Measurement,Probe mV stable,Yes,Yes,OK,48.88,,TECH-06,2026-07-11,No
WO-00156-T08,WO-00156,MC-015,Sealed Quench SQ-02,CL-FURNACE,8,Burner flame condition and flame-failure trip test,Safety,Trips within 3 s,Yes,Yes,OK,,,TECH-06,2026-07-11,No
WO-00156-T09,WO-00156,MC-015,Sealed Quench SQ-02,CL-FURNACE,9,Refractory / insulation inspection,Visual,No spalling,Yes,No,OK,,,TECH-06,2026-07-11,No
WO-00156-T10,WO-00156,MC-015,Sealed Quench SQ-02,CL-FURNACE,10,Cooling water flow and chiller performance,Measurement,>= 60 L/min,Yes,No,OK,40.37,,TECH-06,2026-07-11,No
WO-00156-T11,WO-00156,MC-015,Sealed Quench SQ-02,CL-FURNACE,11,Exhaust fan / flue condition,Visual,Free flow,Yes,No,OK,,,TECH-06,2026-07-11,No
WO-00156-T12,WO-00156,MC-015,Sealed Quench SQ-02,CL-FURNACE,12,Electrical panel cleaning and terminal tightness,Electrical,"No dust, no loose lug",Yes,Yes,OK,,,TECH-06,2026-07-11,No
WO-00156-T13,WO-00156,MC-015,Sealed Quench SQ-02,CL-FURNACE,13,Emergency stop and over-temperature trip test,Safety,Trips at setpoint +20,Yes,Yes,OK,,,TECH-06,2026-07-11,No
WO-00157-T01,WO-00157,MC-016,Tempering Furnace TF-01,CL-FURNACE,1,Lock out / tag out and gas isolation verified,Safety,LOTO + gas isolated,Yes,Yes,OK,,,TECH-05,2026-08-02,No
WO-00157-T02,WO-00157,MC-016,Tempering Furnace TF-01,CL-FURNACE,2,Thermocouple calibration check (all zones),Measurement,+/- 3 deg C of master,Yes,Yes,OK,22.03,,TECH-05,2026-08-02,No
WO-00157-T03,WO-00157,MC-016,Tempering Furnace TF-01,CL-FURNACE,3,Inspect heating elements / radiant tubes,Visual,"No bulge, no crack",Yes,Yes,OK,,,TECH-05,2026-08-02,No
WO-00157-T04,WO-00157,MC-016,Tempering Furnace TF-01,CL-FURNACE,4,Door seal and curtain condition,Visual,"No gap, no burn-through",Yes,Yes,OK,,,TECH-05,2026-08-02,No
WO-00157-T05,WO-00157,MC-016,Tempering Furnace TF-01,CL-FURNACE,5,"Quench oil level, temperature and condition",Measurement,"Level OK, <= 80 deg C",Yes,No,OK,22.07,,TECH-05,2026-08-02,No
WO-00157-T06,WO-00157,MC-016,Tempering Furnace TF-01,CL-FURNACE,6,Quench agitator motor current and vibration,Measurement,"<= FLC, <= 4.5 mm/s",Yes,No,OK,11.23,,TECH-05,2026-08-02,No
WO-00157-T07,WO-00157,MC-016,Tempering Furnace TF-01,CL-FURNACE,7,Atmosphere gas flow and carbon potential probe,Measurement,Probe mV stable,Yes,Yes,OK,13.24,,TECH-05,2026-08-02,No
WO-00157-T08,WO-00157,MC-016,Tempering Furnace TF-01,CL-FURNACE,8,Burner flame condition and flame-failure trip test,Safety,Trips within 3 s,Yes,Yes,OK,,,TECH-05,2026-08-02,No
WO-00157-T09,WO-00157,MC-016,Tempering Furnace TF-01,CL-FURNACE,9,Refractory / insulation inspection,Visual,No spalling,Yes,No,OK,,,TECH-05,2026-08-02,No
WO-00157-T10,WO-00157,MC-016,Tempering Furnace TF-01,CL-FURNACE,10,Cooling water flow and chiller performance,Measurement,>= 60 L/min,Yes,No,OK,56.89,,TECH-05,2026-08-02,No
WO-00157-T11,WO-00157,MC-016,Tempering Furnace TF-01,CL-FURNACE,11,Exhaust fan / flue condition,Visual,Free flow,Yes,No,OK,,,TECH-05,2026-08-02,No
WO-00157-T12,WO-00157,MC-016,Tempering Furnace TF-01,CL-FURNACE,12,Electrical panel cleaning and terminal tightness,Electrical,"No dust, no loose lug",Yes,Yes,OK,,,TECH-05,2026-08-02,No
WO-00157-T13,WO-00157,MC-016,Tempering Furnace TF-01,CL-FURNACE,13,Emergency stop and over-temperature trip test,Safety,Trips at setpoint +20,Yes,Yes,OK,,,TECH-05,2026-08-02,No
WO-00158-T01,WO-00158,MC-017,Quench Oil Chiller CH-01,CL-UTIL,1,Lock out / tag out verified before start,Safety,LOTO applied,Yes,Yes,OK,,,TECH-02,2026-07-21,No
WO-00158-T02,WO-00158,MC-017,Quench Oil Chiller CH-01,CL-UTIL,2,General cleaning and housekeeping,Cleaning,No debris,Yes,No,OK,,,TECH-02,2026-07-21,No
WO-00158-T03,WO-00158,MC-017,Quench Oil Chiller CH-01,CL-UTIL,3,Belt / chain tension and alignment,Measurement,As per OEM,Yes,No,OK,47.39,,TECH-02,2026-07-21,No
WO-00158-T04,WO-00158,MC-017,Quench Oil Chiller CH-01,CL-UTIL,4,Bearing greasing as per lube chart,Lubrication,All points,Yes,No,OK,,,TECH-02,2026-07-21,No
WO-00158-T05,WO-00158,MC-017,Quench Oil Chiller CH-01,CL-UTIL,5,Motor current and vibration check,Measurement,"<= FLC, <= 4.5 mm/s",Yes,No,OK,30.71,,TECH-02,2026-07-21,No
WO-00158-T06,WO-00158,MC-017,Quench Oil Chiller CH-01,CL-UTIL,6,Air / oil filter condition,Visual,Clean or replace,Yes,No,OK,,,TECH-02,2026-07-21,No
WO-00158-T07,WO-00158,MC-017,Quench Oil Chiller CH-01,CL-UTIL,7,Condensate drain and moisture trap,Cleaning,Free draining,Yes,No,OK,,,TECH-02,2026-07-21,No
WO-00158-T08,WO-00158,MC-017,Quench Oil Chiller CH-01,CL-UTIL,8,Safety guard and E-stop check,Safety,Functional,Yes,Yes,OK,,,TECH-02,2026-07-21,No
WO-00158-T09,WO-00158,MC-017,Quench Oil Chiller CH-01,CL-UTIL,9,Electrical panel cleaning and terminal tightness,Electrical,"No dust, no loose lug",Yes,Yes,OK,,,TECH-02,2026-07-21,No
WO-00159-T01,WO-00159,MC-018,HT Compressor AC-01,CL-UTIL,1,Lock out / tag out verified before start,Safety,LOTO applied,Yes,Yes,OK,,,TECH-06,2026-07-30,No
WO-00159-T02,WO-00159,MC-018,HT Compressor AC-01,CL-UTIL,2,General cleaning and housekeeping,Cleaning,No debris,Yes,No,OK,,,TECH-06,2026-07-30,No
WO-00159-T03,WO-00159,MC-018,HT Compressor AC-01,CL-UTIL,3,Belt / chain tension and alignment,Measurement,As per OEM,Yes,No,OK,46.1,,TECH-06,2026-07-30,No
WO-00159-T04,WO-00159,MC-018,HT Compressor AC-01,CL-UTIL,4,Bearing greasing as per lube chart,Lubrication,All points,Yes,No,OK,,,TECH-06,2026-07-30,No
WO-00159-T05,WO-00159,MC-018,HT Compressor AC-01,CL-UTIL,5,Motor current and vibration check,Measurement,"<= FLC, <= 4.5 mm/s",Yes,No,OK,8.3,,TECH-06,2026-07-30,No
WO-00159-T06,WO-00159,MC-018,HT Compressor AC-01,CL-UTIL,6,Air / oil filter condition,Visual,Clean or replace,Yes,No,OK,,,TECH-06,2026-07-30,No
WO-00159-T07,WO-00159,MC-018,HT Compressor AC-01,CL-UTIL,7,Condensate drain and moisture trap,Cleaning,Free draining,Yes,No,OK,,,TECH-06,2026-07-30,No
WO-00159-T08,WO-00159,MC-018,HT Compressor AC-01,CL-UTIL,8,Safety guard and E-stop check,Safety,Functional,Yes,Yes,OK,,,TECH-06,2026-07-30,No
WO-00159-T09,WO-00159,MC-018,HT Compressor AC-01,CL-UTIL,9,Electrical panel cleaning and terminal tightness,Electrical,"No dust, no loose lug",Yes,Yes,OK,,,TECH-06,2026-07-30,No
WO-00185-T01,WO-00185,MC-019,Assembly Stn AS-01,CL-ASSY,1,Lock out / tag out verified before start,Safety,LOTO applied,Yes,Yes,OK,,,TECH-10,2024-11-08,No
WO-00185-T02,WO-00185,MC-019,Assembly Stn AS-01,CL-ASSY,2,"Clean station, fixtures and locating pins",Cleaning,No debris,Yes,No,OK,,,TECH-10,2024-11-08,No
WO-00185-T03,WO-00185,MC-019,Assembly Stn AS-01,CL-ASSY,3,Torque tool calibration verification,Measurement,+/- 3 % of setpoint,Yes,Yes,OK,26.54,,TECH-10,2024-11-08,No
WO-00185-T04,WO-00185,MC-019,Assembly Stn AS-01,CL-ASSY,4,Poka-yoke sensor function test,Functional,All sensors respond,Yes,Yes,OK,,,TECH-10,2024-11-08,No
WO-00185-T05,WO-00185,MC-019,Assembly Stn AS-01,CL-ASSY,5,Pneumatic FRL check and drain,Visual,"Bowl clean, no water",Yes,No,OK,,,TECH-10,2024-11-08,No
WO-00185-T06,WO-00185,MC-019,Assembly Stn AS-01,CL-ASSY,6,Fixture clamp wear and repeatability,Measurement,<= 0.05 mm,Yes,No,OK,24.95,,TECH-10,2024-11-08,No
WO-00185-T07,WO-00185,MC-019,Assembly Stn AS-01,CL-ASSY,7,Leak test rig master part verification,Functional,"Pass master, reject NG",Yes,Yes,OK,,,TECH-10,2024-11-08,No
WO-00185-T08,WO-00185,MC-019,Assembly Stn AS-01,CL-ASSY,8,Check station lighting and andon,Visual,>= 500 lux,No,No,OK,,,TECH-10,2024-11-08,No
WO-00185-T09,WO-00185,MC-019,Assembly Stn AS-01,CL-ASSY,9,Verify E-stop and light curtain,Safety,Stops within 1 s,Yes,Yes,OK,,,TECH-10,2024-11-08,No
WO-00185-T10,WO-00185,MC-019,Assembly Stn AS-01,CL-ASSY,10,Electrical panel cleaning and terminal tightness,Electrical,"No dust, no loose lug",Yes,Yes,OK,,,TECH-10,2024-11-08,No
WO-00186-T01,WO-00186,MC-020,Assembly Stn AS-02,CL-ASSY,1,Lock out / tag out verified before start,Safety,LOTO applied,Yes,Yes,OK,,,TECH-10,2024-11-13,No
WO-00186-T02,WO-00186,MC-020,Assembly Stn AS-02,CL-ASSY,2,"Clean station, fixtures and locating pins",Cleaning,No debris,Yes,No,OK,,,TECH-10,2024-11-13,No
WO-00186-T03,WO-00186,MC-020,Assembly Stn AS-02,CL-ASSY,3,Torque tool calibration verification,Measurement,+/- 3 % of setpoint,Yes,Yes,OK,14.42,,TECH-10,2024-11-13,No
WO-00186-T04,WO-00186,MC-020,Assembly Stn AS-02,CL-ASSY,4,Poka-yoke sensor function test,Functional,All sensors respond,Yes,Yes,OK,,,TECH-10,2024-11-13,No
WO-00186-T05,WO-00186,MC-020,Assembly Stn AS-02,CL-ASSY,5,Pneumatic FRL check and drain,Visual,"Bowl clean, no water",Yes,No,OK,,,TECH-10,2024-11-13,No
WO-00186-T06,WO-00186,MC-020,Assembly Stn AS-02,CL-ASSY,6,Fixture clamp wear and repeatability,Measurement,<= 0.05 mm,Yes,No,OK,14.73,,TECH-10,2024-11-13,No
WO-00186-T07,WO-00186,MC-020,Assembly Stn AS-02,CL-ASSY,7,Leak test rig master part verification,Functional,"Pass master, reject NG",Yes,Yes,OK,,,TECH-10,2024-11-13,No
WO-00186-T08,WO-00186,MC-020,Assembly Stn AS-02,CL-ASSY,8,Check station lighting and andon,Visual,>= 500 lux,No,No,Not OK,,Deviation observed - abnormality raised,TECH-10,2024-11-13,Yes
WO-00186-T09,WO-00186,MC-020,Assembly Stn AS-02,CL-ASSY,9,Verify E-stop and light curtain,Safety,Stops within 1 s,Yes,Yes,OK,,,TECH-10,2024-11-13,No
WO-00186-T10,WO-00186,MC-020,Assembly Stn AS-02,CL-ASSY,10,Electrical panel cleaning and terminal tightness,Electrical,"No dust, no loose lug",Yes,Yes,OK,,,TECH-10,2024-11-13,No
WO-00187-T01,WO-00187,MC-021,Assembly Stn AS-03,CL-ASSY,1,Lock out / tag out verified before start,Safety,LOTO applied,Yes,Yes,OK,,,TECH-10,2024-12-06,No
WO-00187-T02,WO-00187,MC-021,Assembly Stn AS-03,CL-ASSY,2,"Clean station, fixtures and locating pins",Cleaning,No debris,Yes,No,OK,,,TECH-10,2024-12-06,No
WO-00187-T03,WO-00187,MC-021,Assembly Stn AS-03,CL-ASSY,3,Torque tool calibration verification,Measurement,+/- 3 % of setpoint,Yes,Yes,OK,26.72,,TECH-10,2024-12-06,No
WO-00187-T04,WO-00187,MC-021,Assembly Stn AS-03,CL-ASSY,4,Poka-yoke sensor function test,Functional,All sensors respond,Yes,Yes,OK,,,TECH-10,2024-12-06,No
WO-00187-T05,WO-00187,MC-021,Assembly Stn AS-03,CL-ASSY,5,Pneumatic FRL check and drain,Visual,"Bowl clean, no water",Yes,No,OK,,,TECH-10,2024-12-06,No
WO-00187-T06,WO-00187,MC-021,Assembly Stn AS-03,CL-ASSY,6,Fixture clamp wear and repeatability,Measurement,<= 0.05 mm,Yes,No,OK,46.28,,TECH-10,2024-12-06,No
WO-00187-T07,WO-00187,MC-021,Assembly Stn AS-03,CL-ASSY,7,Leak test rig master part verification,Functional,"Pass master, reject NG",Yes,Yes,OK,,,TECH-10,2024-12-06,No
WO-00187-T08,WO-00187,MC-021,Assembly Stn AS-03,CL-ASSY,8,Check station lighting and andon,Visual,>= 500 lux,No,No,OK,,,TECH-10,2024-12-06,No
WO-00187-T09,WO-00187,MC-021,Assembly Stn AS-03,CL-ASSY,9,Verify E-stop and light curtain,Safety,Stops within 1 s,Yes,Yes,OK,,,TECH-10,2024-12-06,No
WO-00187-T10,WO-00187,MC-021,Assembly Stn AS-03,CL-ASSY,10,Electrical panel cleaning and terminal tightness,Electrical,"No dust, no loose lug",Yes,Yes,OK,,,TECH-10,2024-12-06,No
WO-00188-T01,WO-00188,MC-022,Leak Test Rig LT-01,CL-ASSY,1,Lock out / tag out verified before start,Safety,LOTO applied,Yes,Yes,OK,,,TECH-10,2024-11-20,No
WO-00188-T02,WO-00188,MC-022,Leak Test Rig LT-01,CL-ASSY,2,"Clean station, fixtures and locating pins",Cleaning,No debris,Yes,No,OK,,,TECH-10,2024-11-20,No
WO-00188-T03,WO-00188,MC-022,Leak Test Rig LT-01,CL-ASSY,3,Torque tool calibration verification,Measurement,+/- 3 % of setpoint,Yes,Yes,Not OK,52.44,Deviation observed - abnormality raised,TECH-10,2024-11-20,Yes
WO-00188-T04,WO-00188,MC-022,Leak Test Rig LT-01,CL-ASSY,4,Poka-yoke sensor function test,Functional,All sensors respond,Yes,Yes,OK,,,TECH-10,2024-11-20,No
WO-00188-T05,WO-00188,MC-022,Leak Test Rig LT-01,CL-ASSY,5,Pneumatic FRL check and drain,Visual,"Bowl clean, no water",Yes,No,OK,,,TECH-10,2024-11-20,No
WO-00188-T06,WO-00188,MC-022,Leak Test Rig LT-01,CL-ASSY,6,Fixture clamp wear and repeatability,Measurement,<= 0.05 mm,Yes,No,OK,3.6,,TECH-10,2024-11-20,No
WO-00188-T07,WO-00188,MC-022,Leak Test Rig LT-01,CL-ASSY,7,Leak test rig master part verification,Functional,"Pass master, reject NG",Yes,Yes,OK,,,TECH-10,2024-11-20,No
WO-00188-T08,WO-00188,MC-022,Leak Test Rig LT-01,CL-ASSY,8,Check station lighting and andon,Visual,>= 500 lux,No,No,OK,,,TECH-10,2024-11-20,No
WO-00188-T09,WO-00188,MC-022,Leak Test Rig LT-01,CL-ASSY,9,Verify E-stop and light curtain,Safety,Stops within 1 s,Yes,Yes,OK,,,TECH-10,2024-11-20,No
WO-00188-T10,WO-00188,MC-022,Leak Test Rig LT-01,CL-ASSY,10,Electrical panel cleaning and terminal tightness,Electrical,"No dust, no loose lug",Yes,Yes,OK,,,TECH-10,2024-11-20,No
WO-00189-T01,WO-00189,MC-023,Assy Conveyor CV-01,CL-UTIL,1,Lock out / tag out verified before start,Safety,LOTO applied,Yes,Yes,OK,,,TECH-10,2024-11-24,No
WO-00189-T02,WO-00189,MC-023,Assy Conveyor CV-01,CL-UTIL,2,General cleaning and housekeeping,Cleaning,No debris,Yes,No,OK,,,TECH-10,2024-11-24,No
WO-00189-T03,WO-00189,MC-023,Assy Conveyor CV-01,CL-UTIL,3,Belt / chain tension and alignment,Measurement,As per OEM,Yes,No,OK,7.92,,TECH-10,2024-11-24,No
WO-00189-T04,WO-00189,MC-023,Assy Conveyor CV-01,CL-UTIL,4,Bearing greasing as per lube chart,Lubrication,All points,Yes,No,OK,,,TECH-10,2024-11-24,No
WO-00189-T05,WO-00189,MC-023,Assy Conveyor CV-01,CL-UTIL,5,Motor current and vibration check,Measurement,"<= FLC, <= 4.5 mm/s",Yes,No,OK,5.49,,TECH-10,2024-11-24,No
WO-00189-T06,WO-00189,MC-023,Assy Conveyor CV-01,CL-UTIL,6,Air / oil filter condition,Visual,Clean or replace,Yes,No,OK,,,TECH-10,2024-11-24,No
WO-00189-T07,WO-00189,MC-023,Assy Conveyor CV-01,CL-UTIL,7,Condensate drain and moisture trap,Cleaning,Free draining,Yes,No,OK,,,TECH-10,2024-11-24,No
WO-00189-T08,WO-00189,MC-023,Assy Conveyor CV-01,CL-UTIL,8,Safety guard and E-stop check,Safety,Functional,Yes,Yes,OK,,,TECH-10,2024-11-24,No
WO-00189-T09,WO-00189,MC-023,Assy Conveyor CV-01,CL-UTIL,9,Electrical panel cleaning and terminal tightness,Electrical,"No dust, no loose lug",Yes,Yes,OK,,,TECH-10,2024-11-24,No
WO-00190-T01,WO-00190,MC-019,Assembly Stn AS-01,CL-ASSY,1,Lock out / tag out verified before start,Safety,LOTO applied,Yes,Yes,OK,,,TECH-07,2025-04-06,No
WO-00190-T02,WO-00190,MC-019,Assembly Stn AS-01,CL-ASSY,2,"Clean station, fixtures and locating pins",Cleaning,No debris,Yes,No,OK,,,TECH-07,2025-04-06,No
WO-00190-T03,WO-00190,MC-019,Assembly Stn AS-01,CL-ASSY,3,Torque tool calibration verification,Measurement,+/- 3 % of setpoint,Yes,Yes,OK,56.81,,TECH-07,2025-04-06,No
WO-00190-T04,WO-00190,MC-019,Assembly Stn AS-01,CL-ASSY,4,Poka-yoke sensor function test,Functional,All sensors respond,Yes,Yes,OK,,,TECH-07,2025-04-06,No
WO-00190-T05,WO-00190,MC-019,Assembly Stn AS-01,CL-ASSY,5,Pneumatic FRL check and drain,Visual,"Bowl clean, no water",Yes,No,OK,,,TECH-07,2025-04-06,No
WO-00190-T06,WO-00190,MC-019,Assembly Stn AS-01,CL-ASSY,6,Fixture clamp wear and repeatability,Measurement,<= 0.05 mm,Yes,No,OK,13.71,,TECH-07,2025-04-06,No
WO-00190-T07,WO-00190,MC-019,Assembly Stn AS-01,CL-ASSY,7,Leak test rig master part verification,Functional,"Pass master, reject NG",Yes,Yes,OK,,,TECH-07,2025-04-06,No
WO-00190-T08,WO-00190,MC-019,Assembly Stn AS-01,CL-ASSY,8,Check station lighting and andon,Visual,>= 500 lux,No,No,OK,,,TECH-07,2025-04-06,No
WO-00190-T09,WO-00190,MC-019,Assembly Stn AS-01,CL-ASSY,9,Verify E-stop and light curtain,Safety,Stops within 1 s,Yes,Yes,OK,,,TECH-07,2025-04-06,No
WO-00190-T10,WO-00190,MC-019,Assembly Stn AS-01,CL-ASSY,10,Electrical panel cleaning and terminal tightness,Electrical,"No dust, no loose lug",Yes,Yes,OK,,,TECH-07,2025-04-06,No
WO-00191-T01,WO-00191,MC-020,Assembly Stn AS-02,CL-ASSY,1,Lock out / tag out verified before start,Safety,LOTO applied,Yes,Yes,OK,,,TECH-07,2025-04-08,No
WO-00191-T02,WO-00191,MC-020,Assembly Stn AS-02,CL-ASSY,2,"Clean station, fixtures and locating pins",Cleaning,No debris,Yes,No,OK,,,TECH-07,2025-04-08,No
WO-00191-T03,WO-00191,MC-020,Assembly Stn AS-02,CL-ASSY,3,Torque tool calibration verification,Measurement,+/- 3 % of setpoint,Yes,Yes,OK,22.75,,TECH-07,2025-04-08,No
WO-00191-T04,WO-00191,MC-020,Assembly Stn AS-02,CL-ASSY,4,Poka-yoke sensor function test,Functional,All sensors respond,Yes,Yes,OK,,,TECH-07,2025-04-08,No
WO-00191-T05,WO-00191,MC-020,Assembly Stn AS-02,CL-ASSY,5,Pneumatic FRL check and drain,Visual,"Bowl clean, no water",Yes,No,OK,,,TECH-07,2025-04-08,No
WO-00191-T06,WO-00191,MC-020,Assembly Stn AS-02,CL-ASSY,6,Fixture clamp wear and repeatability,Measurement,<= 0.05 mm,Yes,No,OK,23.48,,TECH-07,2025-04-08,No
WO-00191-T07,WO-00191,MC-020,Assembly Stn AS-02,CL-ASSY,7,Leak test rig master part verification,Functional,"Pass master, reject NG",Yes,Yes,OK,,,TECH-07,2025-04-08,No
WO-00191-T08,WO-00191,MC-020,Assembly Stn AS-02,CL-ASSY,8,Check station lighting and andon,Visual,>= 500 lux,No,No,OK,,,TECH-07,2025-04-08,No
WO-00191-T09,WO-00191,MC-020,Assembly Stn AS-02,CL-ASSY,9,Verify E-stop and light curtain,Safety,Stops within 1 s,Yes,Yes,OK,,,TECH-07,2025-04-08,No
WO-00191-T10,WO-00191,MC-020,Assembly Stn AS-02,CL-ASSY,10,Electrical panel cleaning and terminal tightness,Electrical,"No dust, no loose lug",Yes,Yes,OK,,,TECH-07,2025-04-08,No
WO-00192-T01,WO-00192,MC-021,Assembly Stn AS-03,CL-ASSY,1,Lock out / tag out verified before start,Safety,LOTO applied,Yes,Yes,OK,,,TECH-07,2025-04-16,No
WO-00192-T02,WO-00192,MC-021,Assembly Stn AS-03,CL-ASSY,2,"Clean station, fixtures and locating pins",Cleaning,No debris,Yes,No,OK,,,TECH-07,2025-04-16,No
WO-00192-T03,WO-00192,MC-021,Assembly Stn AS-03,CL-ASSY,3,Torque tool calibration verification,Measurement,+/- 3 % of setpoint,Yes,Yes,OK,47.59,,TECH-07,2025-04-16,No
WO-00192-T04,WO-00192,MC-021,Assembly Stn AS-03,CL-ASSY,4,Poka-yoke sensor function test,Functional,All sensors respond,Yes,Yes,OK,,,TECH-07,2025-04-16,No
WO-00192-T05,WO-00192,MC-021,Assembly Stn AS-03,CL-ASSY,5,Pneumatic FRL check and drain,Visual,"Bowl clean, no water",Yes,No,OK,,,TECH-07,2025-04-16,No
WO-00192-T06,WO-00192,MC-021,Assembly Stn AS-03,CL-ASSY,6,Fixture clamp wear and repeatability,Measurement,<= 0.05 mm,Yes,No,Not OK,8.69,Deviation observed - abnormality raised,TECH-07,2025-04-16,Yes
WO-00192-T07,WO-00192,MC-021,Assembly Stn AS-03,CL-ASSY,7,Leak test rig master part verification,Functional,"Pass master, reject NG",Yes,Yes,OK,,,TECH-07,2025-04-16,No
WO-00192-T08,WO-00192,MC-021,Assembly Stn AS-03,CL-ASSY,8,Check station lighting and andon,Visual,>= 500 lux,No,No,OK,,,TECH-07,2025-04-16,No
WO-00192-T09,WO-00192,MC-021,Assembly Stn AS-03,CL-ASSY,9,Verify E-stop and light curtain,Safety,Stops within 1 s,Yes,Yes,OK,,,TECH-07,2025-04-16,No
WO-00192-T10,WO-00192,MC-021,Assembly Stn AS-03,CL-ASSY,10,Electrical panel cleaning and terminal tightness,Electrical,"No dust, no loose lug",Yes,Yes,OK,,,TECH-07,2025-04-16,No
WO-00193-T01,WO-00193,MC-022,Leak Test Rig LT-01,CL-ASSY,1,Lock out / tag out verified before start,Safety,LOTO applied,Yes,Yes,OK,,,TECH-07,2025-05-03,No
WO-00193-T02,WO-00193,MC-022,Leak Test Rig LT-01,CL-ASSY,2,"Clean station, fixtures and locating pins",Cleaning,No debris,Yes,No,OK,,,TECH-07,2025-05-03,No
WO-00193-T03,WO-00193,MC-022,Leak Test Rig LT-01,CL-ASSY,3,Torque tool calibration verification,Measurement,+/- 3 % of setpoint,Yes,Yes,OK,37.11,,TECH-07,2025-05-03,No
WO-00193-T04,WO-00193,MC-022,Leak Test Rig LT-01,CL-ASSY,4,Poka-yoke sensor function test,Functional,All sensors respond,Yes,Yes,OK,,,TECH-07,2025-05-03,No
WO-00193-T05,WO-00193,MC-022,Leak Test Rig LT-01,CL-ASSY,5,Pneumatic FRL check and drain,Visual,"Bowl clean, no water",Yes,No,OK,,,TECH-07,2025-05-03,No
WO-00193-T06,WO-00193,MC-022,Leak Test Rig LT-01,CL-ASSY,6,Fixture clamp wear and repeatability,Measurement,<= 0.05 mm,Yes,No,OK,54.4,,TECH-07,2025-05-03,No
WO-00193-T07,WO-00193,MC-022,Leak Test Rig LT-01,CL-ASSY,7,Leak test rig master part verification,Functional,"Pass master, reject NG",Yes,Yes,OK,,,TECH-07,2025-05-03,No
WO-00193-T08,WO-00193,MC-022,Leak Test Rig LT-01,CL-ASSY,8,Check station lighting and andon,Visual,>= 500 lux,No,No,OK,,,TECH-07,2025-05-03,No
WO-00193-T09,WO-00193,MC-022,Leak Test Rig LT-01,CL-ASSY,9,Verify E-stop and light curtain,Safety,Stops within 1 s,Yes,Yes,OK,,,TECH-07,2025-05-03,No
WO-00193-T10,WO-00193,MC-022,Leak Test Rig LT-01,CL-ASSY,10,Electrical panel cleaning and terminal tightness,Electrical,"No dust, no loose lug",Yes,Yes,OK,,,TECH-07,2025-05-03,No
WO-00194-T01,WO-00194,MC-023,Assy Conveyor CV-01,CL-UTIL,1,Lock out / tag out verified before start,Safety,LOTO applied,Yes,Yes,OK,,,TECH-07,2025-04-24,No
WO-00194-T02,WO-00194,MC-023,Assy Conveyor CV-01,CL-UTIL,2,General cleaning and housekeeping,Cleaning,No debris,Yes,No,OK,,,TECH-07,2025-04-24,No
WO-00194-T03,WO-00194,MC-023,Assy Conveyor CV-01,CL-UTIL,3,Belt / chain tension and alignment,Measurement,As per OEM,Yes,No,OK,25.68,,TECH-07,2025-04-24,No
WO-00194-T04,WO-00194,MC-023,Assy Conveyor CV-01,CL-UTIL,4,Bearing greasing as per lube chart,Lubrication,All points,Yes,No,OK,,,TECH-07,2025-04-24,No
WO-00194-T05,WO-00194,MC-023,Assy Conveyor CV-01,CL-UTIL,5,Motor current and vibration check,Measurement,"<= FLC, <= 4.5 mm/s",Yes,No,OK,46.68,,TECH-07,2025-04-24,No
WO-00194-T06,WO-00194,MC-023,Assy Conveyor CV-01,CL-UTIL,6,Air / oil filter condition,Visual,Clean or replace,Yes,No,OK,,,TECH-07,2025-04-24,No
WO-00194-T07,WO-00194,MC-023,Assy Conveyor CV-01,CL-UTIL,7,Condensate drain and moisture trap,Cleaning,Free draining,Yes,No,OK,,,TECH-07,2025-04-24,No
WO-00194-T08,WO-00194,MC-023,Assy Conveyor CV-01,CL-UTIL,8,Safety guard and E-stop check,Safety,Functional,Yes,Yes,OK,,,TECH-07,2025-04-24,No
WO-00194-T09,WO-00194,MC-023,Assy Conveyor CV-01,CL-UTIL,9,Electrical panel cleaning and terminal tightness,Electrical,"No dust, no loose lug",Yes,Yes,Not OK,,Deviation observed - abnormality raised,TECH-07,2025-04-24,Yes
WO-00195-T01,WO-00195,MC-019,Assembly Stn AS-01,CL-ASSY,1,Lock out / tag out verified before start,Safety,LOTO applied,Yes,Yes,OK,,,TECH-10,2025-08-05,No
WO-00195-T02,WO-00195,MC-019,Assembly Stn AS-01,CL-ASSY,2,"Clean station, fixtures and locating pins",Cleaning,No debris,Yes,No,OK,,,TECH-10,2025-08-05,No
WO-00195-T03,WO-00195,MC-019,Assembly Stn AS-01,CL-ASSY,3,Torque tool calibration verification,Measurement,+/- 3 % of setpoint,Yes,Yes,OK,4.24,,TECH-10,2025-08-05,No
WO-00195-T04,WO-00195,MC-019,Assembly Stn AS-01,CL-ASSY,4,Poka-yoke sensor function test,Functional,All sensors respond,Yes,Yes,OK,,,TECH-10,2025-08-05,No
WO-00195-T05,WO-00195,MC-019,Assembly Stn AS-01,CL-ASSY,5,Pneumatic FRL check and drain,Visual,"Bowl clean, no water",Yes,No,OK,,,TECH-10,2025-08-05,No
WO-00195-T06,WO-00195,MC-019,Assembly Stn AS-01,CL-ASSY,6,Fixture clamp wear and repeatability,Measurement,<= 0.05 mm,Yes,No,OK,50.28,,TECH-10,2025-08-05,No
WO-00195-T07,WO-00195,MC-019,Assembly Stn AS-01,CL-ASSY,7,Leak test rig master part verification,Functional,"Pass master, reject NG",Yes,Yes,OK,,,TECH-10,2025-08-05,No
WO-00195-T08,WO-00195,MC-019,Assembly Stn AS-01,CL-ASSY,8,Check station lighting and andon,Visual,>= 500 lux,No,No,Not OK,,Deviation observed - abnormality raised,TECH-10,2025-08-05,Yes
WO-00195-T09,WO-00195,MC-019,Assembly Stn AS-01,CL-ASSY,9,Verify E-stop and light curtain,Safety,Stops within 1 s,Yes,Yes,OK,,,TECH-10,2025-08-05,No
WO-00195-T10,WO-00195,MC-019,Assembly Stn AS-01,CL-ASSY,10,Electrical panel cleaning and terminal tightness,Electrical,"No dust, no loose lug",Yes,Yes,OK,,,TECH-10,2025-08-05,No
WO-00196-T01,WO-00196,MC-020,Assembly Stn AS-02,CL-ASSY,1,Lock out / tag out verified before start,Safety,LOTO applied,Yes,Yes,OK,,,TECH-10,2025-08-13,No
WO-00196-T02,WO-00196,MC-020,Assembly Stn AS-02,CL-ASSY,2,"Clean station, fixtures and locating pins",Cleaning,No debris,Yes,No,OK,,,TECH-10,2025-08-13,No
WO-00196-T03,WO-00196,MC-020,Assembly Stn AS-02,CL-ASSY,3,Torque tool calibration verification,Measurement,+/- 3 % of setpoint,Yes,Yes,OK,26.04,,TECH-10,2025-08-13,No
WO-00196-T04,WO-00196,MC-020,Assembly Stn AS-02,CL-ASSY,4,Poka-yoke sensor function test,Functional,All sensors respond,Yes,Yes,OK,,,TECH-10,2025-08-13,No
WO-00196-T05,WO-00196,MC-020,Assembly Stn AS-02,CL-ASSY,5,Pneumatic FRL check and drain,Visual,"Bowl clean, no water",Yes,No,Not OK,,Deviation observed - abnormality raised,TECH-10,2025-08-13,Yes
WO-00196-T06,WO-00196,MC-020,Assembly Stn AS-02,CL-ASSY,6,Fixture clamp wear and repeatability,Measurement,<= 0.05 mm,Yes,No,OK,37.08,,TECH-10,2025-08-13,No
WO-00196-T07,WO-00196,MC-020,Assembly Stn AS-02,CL-ASSY,7,Leak test rig master part verification,Functional,"Pass master, reject NG",Yes,Yes,OK,,,TECH-10,2025-08-13,No
WO-00196-T08,WO-00196,MC-020,Assembly Stn AS-02,CL-ASSY,8,Check station lighting and andon,Visual,>= 500 lux,No,No,OK,,,TECH-10,2025-08-13,No
WO-00196-T09,WO-00196,MC-020,Assembly Stn AS-02,CL-ASSY,9,Verify E-stop and light curtain,Safety,Stops within 1 s,Yes,Yes,OK,,,TECH-10,2025-08-13,No
WO-00196-T10,WO-00196,MC-020,Assembly Stn AS-02,CL-ASSY,10,Electrical panel cleaning and terminal tightness,Electrical,"No dust, no loose lug",Yes,Yes,OK,,,TECH-10,2025-08-13,No
WO-00197-T01,WO-00197,MC-021,Assembly Stn AS-03,CL-ASSY,1,Lock out / tag out verified before start,Safety,LOTO applied,Yes,Yes,OK,,,TECH-10,2025-08-16,No
WO-00197-T02,WO-00197,MC-021,Assembly Stn AS-03,CL-ASSY,2,"Clean station, fixtures and locating pins",Cleaning,No debris,Yes,No,OK,,,TECH-10,2025-08-16,No
WO-00197-T03,WO-00197,MC-021,Assembly Stn AS-03,CL-ASSY,3,Torque tool calibration verification,Measurement,+/- 3 % of setpoint,Yes,Yes,OK,57.23,,TECH-10,2025-08-16,No
WO-00197-T04,WO-00197,MC-021,Assembly Stn AS-03,CL-ASSY,4,Poka-yoke sensor function test,Functional,All sensors respond,Yes,Yes,OK,,,TECH-10,2025-08-16,No
WO-00197-T05,WO-00197,MC-021,Assembly Stn AS-03,CL-ASSY,5,Pneumatic FRL check and drain,Visual,"Bowl clean, no water",Yes,No,OK,,,TECH-10,2025-08-16,No
WO-00197-T06,WO-00197,MC-021,Assembly Stn AS-03,CL-ASSY,6,Fixture clamp wear and repeatability,Measurement,<= 0.05 mm,Yes,No,OK,32.87,,TECH-10,2025-08-16,No
WO-00197-T07,WO-00197,MC-021,Assembly Stn AS-03,CL-ASSY,7,Leak test rig master part verification,Functional,"Pass master, reject NG",Yes,Yes,OK,,,TECH-10,2025-08-16,No
WO-00197-T08,WO-00197,MC-021,Assembly Stn AS-03,CL-ASSY,8,Check station lighting and andon,Visual,>= 500 lux,No,No,OK,,,TECH-10,2025-08-16,No
WO-00197-T09,WO-00197,MC-021,Assembly Stn AS-03,CL-ASSY,9,Verify E-stop and light curtain,Safety,Stops within 1 s,Yes,Yes,OK,,,TECH-10,2025-08-16,No
WO-00197-T10,WO-00197,MC-021,Assembly Stn AS-03,CL-ASSY,10,Electrical panel cleaning and terminal tightness,Electrical,"No dust, no loose lug",Yes,Yes,OK,,,TECH-10,2025-08-16,No
WO-00198-T01,WO-00198,MC-022,Leak Test Rig LT-01,CL-ASSY,1,Lock out / tag out verified before start,Safety,LOTO applied,Yes,Yes,OK,,,TECH-10,2025-08-22,No
WO-00198-T02,WO-00198,MC-022,Leak Test Rig LT-01,CL-ASSY,2,"Clean station, fixtures and locating pins",Cleaning,No debris,Yes,No,OK,,,TECH-10,2025-08-22,No
WO-00198-T03,WO-00198,MC-022,Leak Test Rig LT-01,CL-ASSY,3,Torque tool calibration verification,Measurement,+/- 3 % of setpoint,Yes,Yes,OK,22.71,,TECH-10,2025-08-22,No
WO-00198-T04,WO-00198,MC-022,Leak Test Rig LT-01,CL-ASSY,4,Poka-yoke sensor function test,Functional,All sensors respond,Yes,Yes,OK,,,TECH-10,2025-08-22,No
WO-00198-T05,WO-00198,MC-022,Leak Test Rig LT-01,CL-ASSY,5,Pneumatic FRL check and drain,Visual,"Bowl clean, no water",Yes,No,OK,,,TECH-10,2025-08-22,No
WO-00198-T06,WO-00198,MC-022,Leak Test Rig LT-01,CL-ASSY,6,Fixture clamp wear and repeatability,Measurement,<= 0.05 mm,Yes,No,OK,44.97,,TECH-10,2025-08-22,No
WO-00198-T07,WO-00198,MC-022,Leak Test Rig LT-01,CL-ASSY,7,Leak test rig master part verification,Functional,"Pass master, reject NG",Yes,Yes,OK,,,TECH-10,2025-08-22,No
WO-00198-T08,WO-00198,MC-022,Leak Test Rig LT-01,CL-ASSY,8,Check station lighting and andon,Visual,>= 500 lux,No,No,OK,,,TECH-10,2025-08-22,No
WO-00198-T09,WO-00198,MC-022,Leak Test Rig LT-01,CL-ASSY,9,Verify E-stop and light curtain,Safety,Stops within 1 s,Yes,Yes,OK,,,TECH-10,2025-08-22,No
WO-00198-T10,WO-00198,MC-022,Leak Test Rig LT-01,CL-ASSY,10,Electrical panel cleaning and terminal tightness,Electrical,"No dust, no loose lug",Yes,Yes,OK,,,TECH-10,2025-08-22,No
WO-00199-T01,WO-00199,MC-023,Assy Conveyor CV-01,CL-UTIL,1,Lock out / tag out verified before start,Safety,LOTO applied,Yes,Yes,OK,,,TECH-10,2025-08-25,No
WO-00199-T02,WO-00199,MC-023,Assy Conveyor CV-01,CL-UTIL,2,General cleaning and housekeeping,Cleaning,No debris,Yes,No,OK,,,TECH-10,2025-08-25,No
WO-00199-T03,WO-00199,MC-023,Assy Conveyor CV-01,CL-UTIL,3,Belt / chain tension and alignment,Measurement,As per OEM,Yes,No,OK,46.4,,TECH-10,2025-08-25,No
WO-00199-T04,WO-00199,MC-023,Assy Conveyor CV-01,CL-UTIL,4,Bearing greasing as per lube chart,Lubrication,All points,Yes,No,OK,,,TECH-10,2025-08-25,No
WO-00199-T05,WO-00199,MC-023,Assy Conveyor CV-01,CL-UTIL,5,Motor current and vibration check,Measurement,"<= FLC, <= 4.5 mm/s",Yes,No,OK,44.24,,TECH-10,2025-08-25,No
WO-00199-T06,WO-00199,MC-023,Assy Conveyor CV-01,CL-UTIL,6,Air / oil filter condition,Visual,Clean or replace,Yes,No,OK,,,TECH-10,2025-08-25,No
WO-00199-T07,WO-00199,MC-023,Assy Conveyor CV-01,CL-UTIL,7,Condensate drain and moisture trap,Cleaning,Free draining,Yes,No,OK,,,TECH-10,2025-08-25,No
WO-00199-T08,WO-00199,MC-023,Assy Conveyor CV-01,CL-UTIL,8,Safety guard and E-stop check,Safety,Functional,Yes,Yes,OK,,,TECH-10,2025-08-25,No
WO-00199-T09,WO-00199,MC-023,Assy Conveyor CV-01,CL-UTIL,9,Electrical panel cleaning and terminal tightness,Electrical,"No dust, no loose lug",Yes,Yes,OK,,,TECH-10,2025-08-25,No
WO-00200-T01,WO-00200,MC-019,Assembly Stn AS-01,CL-ASSY,1,Lock out / tag out verified before start,Safety,LOTO applied,Yes,Yes,OK,,,TECH-07,2026-01-08,No
WO-00200-T02,WO-00200,MC-019,Assembly Stn AS-01,CL-ASSY,2,"Clean station, fixtures and locating pins",Cleaning,No debris,Yes,No,OK,,,TECH-07,2026-01-08,No
WO-00200-T03,WO-00200,MC-019,Assembly Stn AS-01,CL-ASSY,3,Torque tool calibration verification,Measurement,+/- 3 % of setpoint,Yes,Yes,OK,49.91,,TECH-07,2026-01-08,No
WO-00200-T04,WO-00200,MC-019,Assembly Stn AS-01,CL-ASSY,4,Poka-yoke sensor function test,Functional,All sensors respond,Yes,Yes,OK,,,TECH-07,2026-01-08,No
WO-00200-T05,WO-00200,MC-019,Assembly Stn AS-01,CL-ASSY,5,Pneumatic FRL check and drain,Visual,"Bowl clean, no water",Yes,No,OK,,,TECH-07,2026-01-08,No
WO-00200-T06,WO-00200,MC-019,Assembly Stn AS-01,CL-ASSY,6,Fixture clamp wear and repeatability,Measurement,<= 0.05 mm,Yes,No,OK,41.24,,TECH-07,2026-01-08,No
WO-00200-T07,WO-00200,MC-019,Assembly Stn AS-01,CL-ASSY,7,Leak test rig master part verification,Functional,"Pass master, reject NG",Yes,Yes,OK,,,TECH-07,2026-01-08,No
WO-00200-T08,WO-00200,MC-019,Assembly Stn AS-01,CL-ASSY,8,Check station lighting and andon,Visual,>= 500 lux,No,No,OK,,,TECH-07,2026-01-08,No
WO-00200-T09,WO-00200,MC-019,Assembly Stn AS-01,CL-ASSY,9,Verify E-stop and light curtain,Safety,Stops within 1 s,Yes,Yes,OK,,,TECH-07,2026-01-08,No
WO-00200-T10,WO-00200,MC-019,Assembly Stn AS-01,CL-ASSY,10,Electrical panel cleaning and terminal tightness,Electrical,"No dust, no loose lug",Yes,Yes,OK,,,TECH-07,2026-01-08,No
WO-00201-T01,WO-00201,MC-020,Assembly Stn AS-02,CL-ASSY,1,Lock out / tag out verified before start,Safety,LOTO applied,Yes,Yes,OK,,,TECH-07,2026-01-08,No
WO-00201-T02,WO-00201,MC-020,Assembly Stn AS-02,CL-ASSY,2,"Clean station, fixtures and locating pins",Cleaning,No debris,Yes,No,OK,,,TECH-07,2026-01-08,No
WO-00201-T03,WO-00201,MC-020,Assembly Stn AS-02,CL-ASSY,3,Torque tool calibration verification,Measurement,+/- 3 % of setpoint,Yes,Yes,OK,2.7,,TECH-07,2026-01-08,No
WO-00201-T04,WO-00201,MC-020,Assembly Stn AS-02,CL-ASSY,4,Poka-yoke sensor function test,Functional,All sensors respond,Yes,Yes,OK,,,TECH-07,2026-01-08,No
WO-00201-T05,WO-00201,MC-020,Assembly Stn AS-02,CL-ASSY,5,Pneumatic FRL check and drain,Visual,"Bowl clean, no water",Yes,No,OK,,,TECH-07,2026-01-08,No
WO-00201-T06,WO-00201,MC-020,Assembly Stn AS-02,CL-ASSY,6,Fixture clamp wear and repeatability,Measurement,<= 0.05 mm,Yes,No,OK,12.49,,TECH-07,2026-01-08,No
WO-00201-T07,WO-00201,MC-020,Assembly Stn AS-02,CL-ASSY,7,Leak test rig master part verification,Functional,"Pass master, reject NG",Yes,Yes,OK,,,TECH-07,2026-01-08,No
WO-00201-T08,WO-00201,MC-020,Assembly Stn AS-02,CL-ASSY,8,Check station lighting and andon,Visual,>= 500 lux,No,No,Not OK,,Deviation observed - abnormality raised,TECH-07,2026-01-08,Yes
WO-00201-T09,WO-00201,MC-020,Assembly Stn AS-02,CL-ASSY,9,Verify E-stop and light curtain,Safety,Stops within 1 s,Yes,Yes,OK,,,TECH-07,2026-01-08,No
WO-00201-T10,WO-00201,MC-020,Assembly Stn AS-02,CL-ASSY,10,Electrical panel cleaning and terminal tightness,Electrical,"No dust, no loose lug",Yes,Yes,OK,,,TECH-07,2026-01-08,No
WO-00202-T01,WO-00202,MC-021,Assembly Stn AS-03,CL-ASSY,1,Lock out / tag out verified before start,Safety,LOTO applied,Yes,Yes,OK,,,TECH-07,2026-01-16,No
WO-00202-T02,WO-00202,MC-021,Assembly Stn AS-03,CL-ASSY,2,"Clean station, fixtures and locating pins",Cleaning,No debris,Yes,No,OK,,,TECH-07,2026-01-16,No
WO-00202-T03,WO-00202,MC-021,Assembly Stn AS-03,CL-ASSY,3,Torque tool calibration verification,Measurement,+/- 3 % of setpoint,Yes,Yes,OK,2.68,,TECH-07,2026-01-16,No
WO-00202-T04,WO-00202,MC-021,Assembly Stn AS-03,CL-ASSY,4,Poka-yoke sensor function test,Functional,All sensors respond,Yes,Yes,OK,,,TECH-07,2026-01-16,No
WO-00202-T05,WO-00202,MC-021,Assembly Stn AS-03,CL-ASSY,5,Pneumatic FRL check and drain,Visual,"Bowl clean, no water",Yes,No,Not OK,,Deviation observed - abnormality raised,TECH-07,2026-01-16,Yes
WO-00202-T06,WO-00202,MC-021,Assembly Stn AS-03,CL-ASSY,6,Fixture clamp wear and repeatability,Measurement,<= 0.05 mm,Yes,No,OK,38.99,,TECH-07,2026-01-16,No
WO-00202-T07,WO-00202,MC-021,Assembly Stn AS-03,CL-ASSY,7,Leak test rig master part verification,Functional,"Pass master, reject NG",Yes,Yes,OK,,,TECH-07,2026-01-16,No
WO-00202-T08,WO-00202,MC-021,Assembly Stn AS-03,CL-ASSY,8,Check station lighting and andon,Visual,>= 500 lux,No,No,Not OK,,Deviation observed - abnormality raised,TECH-07,2026-01-16,Yes
WO-00202-T09,WO-00202,MC-021,Assembly Stn AS-03,CL-ASSY,9,Verify E-stop and light curtain,Safety,Stops within 1 s,Yes,Yes,Not OK,,Deviation observed - abnormality raised,TECH-07,2026-01-16,Yes
WO-00202-T10,WO-00202,MC-021,Assembly Stn AS-03,CL-ASSY,10,Electrical panel cleaning and terminal tightness,Electrical,"No dust, no loose lug",Yes,Yes,OK,,,TECH-07,2026-01-16,No
WO-00203-T01,WO-00203,MC-022,Leak Test Rig LT-01,CL-ASSY,1,Lock out / tag out verified before start,Safety,LOTO applied,Yes,Yes,OK,,,TECH-07,2026-02-01,No
WO-00203-T02,WO-00203,MC-022,Leak Test Rig LT-01,CL-ASSY,2,"Clean station, fixtures and locating pins",Cleaning,No debris,Yes,No,OK,,,TECH-07,2026-02-01,No
WO-00203-T03,WO-00203,MC-022,Leak Test Rig LT-01,CL-ASSY,3,Torque tool calibration verification,Measurement,+/- 3 % of setpoint,Yes,Yes,OK,7.91,,TECH-07,2026-02-01,No
WO-00203-T04,WO-00203,MC-022,Leak Test Rig LT-01,CL-ASSY,4,Poka-yoke sensor function test,Functional,All sensors respond,Yes,Yes,OK,,,TECH-07,2026-02-01,No
WO-00203-T05,WO-00203,MC-022,Leak Test Rig LT-01,CL-ASSY,5,Pneumatic FRL check and drain,Visual,"Bowl clean, no water",Yes,No,OK,,,TECH-07,2026-02-01,No
WO-00203-T06,WO-00203,MC-022,Leak Test Rig LT-01,CL-ASSY,6,Fixture clamp wear and repeatability,Measurement,<= 0.05 mm,Yes,No,OK,22.4,,TECH-07,2026-02-01,No
WO-00203-T07,WO-00203,MC-022,Leak Test Rig LT-01,CL-ASSY,7,Leak test rig master part verification,Functional,"Pass master, reject NG",Yes,Yes,OK,,,TECH-07,2026-02-01,No
WO-00203-T08,WO-00203,MC-022,Leak Test Rig LT-01,CL-ASSY,8,Check station lighting and andon,Visual,>= 500 lux,No,No,OK,,,TECH-07,2026-02-01,No
WO-00203-T09,WO-00203,MC-022,Leak Test Rig LT-01,CL-ASSY,9,Verify E-stop and light curtain,Safety,Stops within 1 s,Yes,Yes,OK,,,TECH-07,2026-02-01,No
WO-00203-T10,WO-00203,MC-022,Leak Test Rig LT-01,CL-ASSY,10,Electrical panel cleaning and terminal tightness,Electrical,"No dust, no loose lug",Yes,Yes,OK,,,TECH-07,2026-02-01,No
WO-00204-T01,WO-00204,MC-023,Assy Conveyor CV-01,CL-UTIL,1,Lock out / tag out verified before start,Safety,LOTO applied,Yes,Yes,OK,,,TECH-07,2026-01-28,No
WO-00204-T02,WO-00204,MC-023,Assy Conveyor CV-01,CL-UTIL,2,General cleaning and housekeeping,Cleaning,No debris,Yes,No,OK,,,TECH-07,2026-01-28,No
WO-00204-T03,WO-00204,MC-023,Assy Conveyor CV-01,CL-UTIL,3,Belt / chain tension and alignment,Measurement,As per OEM,Yes,No,OK,41.68,,TECH-07,2026-01-28,No
WO-00204-T04,WO-00204,MC-023,Assy Conveyor CV-01,CL-UTIL,4,Bearing greasing as per lube chart,Lubrication,All points,Yes,No,OK,,,TECH-07,2026-01-28,No
WO-00204-T05,WO-00204,MC-023,Assy Conveyor CV-01,CL-UTIL,5,Motor current and vibration check,Measurement,"<= FLC, <= 4.5 mm/s",Yes,No,OK,22.36,,TECH-07,2026-01-28,No
WO-00204-T06,WO-00204,MC-023,Assy Conveyor CV-01,CL-UTIL,6,Air / oil filter condition,Visual,Clean or replace,Yes,No,OK,,,TECH-07,2026-01-28,No
WO-00204-T07,WO-00204,MC-023,Assy Conveyor CV-01,CL-UTIL,7,Condensate drain and moisture trap,Cleaning,Free draining,Yes,No,OK,,,TECH-07,2026-01-28,No
WO-00204-T08,WO-00204,MC-023,Assy Conveyor CV-01,CL-UTIL,8,Safety guard and E-stop check,Safety,Functional,Yes,Yes,OK,,,TECH-07,2026-01-28,No
WO-00204-T09,WO-00204,MC-023,Assy Conveyor CV-01,CL-UTIL,9,Electrical panel cleaning and terminal tightness,Electrical,"No dust, no loose lug",Yes,Yes,OK,,,TECH-07,2026-01-28,No
WO-00205-T01,WO-00205,MC-019,Assembly Stn AS-01,CL-ASSY,1,Lock out / tag out verified before start,Safety,LOTO applied,Yes,Yes,OK,,,TECH-10,2026-07-07,No
WO-00205-T02,WO-00205,MC-019,Assembly Stn AS-01,CL-ASSY,2,"Clean station, fixtures and locating pins",Cleaning,No debris,Yes,No,OK,,,TECH-10,2026-07-07,No
WO-00205-T03,WO-00205,MC-019,Assembly Stn AS-01,CL-ASSY,3,Torque tool calibration verification,Measurement,+/- 3 % of setpoint,Yes,Yes,OK,49.43,,TECH-10,2026-07-07,No
WO-00205-T04,WO-00205,MC-019,Assembly Stn AS-01,CL-ASSY,4,Poka-yoke sensor function test,Functional,All sensors respond,Yes,Yes,OK,,,TECH-10,2026-07-07,No
WO-00205-T05,WO-00205,MC-019,Assembly Stn AS-01,CL-ASSY,5,Pneumatic FRL check and drain,Visual,"Bowl clean, no water",Yes,No,OK,,,TECH-10,2026-07-07,No
WO-00205-T06,WO-00205,MC-019,Assembly Stn AS-01,CL-ASSY,6,Fixture clamp wear and repeatability,Measurement,<= 0.05 mm,Yes,No,OK,32.96,,TECH-10,2026-07-07,No
WO-00205-T07,WO-00205,MC-019,Assembly Stn AS-01,CL-ASSY,7,Leak test rig master part verification,Functional,"Pass master, reject NG",Yes,Yes,OK,,,TECH-10,2026-07-07,No
WO-00205-T08,WO-00205,MC-019,Assembly Stn AS-01,CL-ASSY,8,Check station lighting and andon,Visual,>= 500 lux,No,No,OK,,,TECH-10,2026-07-07,No
WO-00205-T09,WO-00205,MC-019,Assembly Stn AS-01,CL-ASSY,9,Verify E-stop and light curtain,Safety,Stops within 1 s,Yes,Yes,OK,,,TECH-10,2026-07-07,No
WO-00205-T10,WO-00205,MC-019,Assembly Stn AS-01,CL-ASSY,10,Electrical panel cleaning and terminal tightness,Electrical,"No dust, no loose lug",Yes,Yes,OK,,,TECH-10,2026-07-07,No
WO-00206-T01,WO-00206,MC-020,Assembly Stn AS-02,CL-ASSY,1,Lock out / tag out verified before start,Safety,LOTO applied,Yes,Yes,OK,,,TECH-10,2026-06-10,No
WO-00206-T02,WO-00206,MC-020,Assembly Stn AS-02,CL-ASSY,2,"Clean station, fixtures and locating pins",Cleaning,No debris,Yes,No,OK,,,TECH-10,2026-06-10,No
WO-00206-T03,WO-00206,MC-020,Assembly Stn AS-02,CL-ASSY,3,Torque tool calibration verification,Measurement,+/- 3 % of setpoint,Yes,Yes,OK,25.85,,TECH-10,2026-06-10,No
WO-00206-T04,WO-00206,MC-020,Assembly Stn AS-02,CL-ASSY,4,Poka-yoke sensor function test,Functional,All sensors respond,Yes,Yes,OK,,,TECH-10,2026-06-10,No
WO-00206-T05,WO-00206,MC-020,Assembly Stn AS-02,CL-ASSY,5,Pneumatic FRL check and drain,Visual,"Bowl clean, no water",Yes,No,OK,,,TECH-10,2026-06-10,No
WO-00206-T06,WO-00206,MC-020,Assembly Stn AS-02,CL-ASSY,6,Fixture clamp wear and repeatability,Measurement,<= 0.05 mm,Yes,No,OK,41.54,,TECH-10,2026-06-10,No
WO-00206-T07,WO-00206,MC-020,Assembly Stn AS-02,CL-ASSY,7,Leak test rig master part verification,Functional,"Pass master, reject NG",Yes,Yes,OK,,,TECH-10,2026-06-10,No
WO-00206-T08,WO-00206,MC-020,Assembly Stn AS-02,CL-ASSY,8,Check station lighting and andon,Visual,>= 500 lux,No,No,OK,,,TECH-10,2026-06-10,No
WO-00206-T09,WO-00206,MC-020,Assembly Stn AS-02,CL-ASSY,9,Verify E-stop and light curtain,Safety,Stops within 1 s,Yes,Yes,OK,,,TECH-10,2026-06-10,No
WO-00206-T10,WO-00206,MC-020,Assembly Stn AS-02,CL-ASSY,10,Electrical panel cleaning and terminal tightness,Electrical,"No dust, no loose lug",Yes,Yes,OK,,,TECH-10,2026-06-10,No
WO-00207-T01,WO-00207,MC-021,Assembly Stn AS-03,CL-ASSY,1,Lock out / tag out verified before start,Safety,LOTO applied,Yes,Yes,OK,,,TECH-10,2026-06-16,No
WO-00207-T02,WO-00207,MC-021,Assembly Stn AS-03,CL-ASSY,2,"Clean station, fixtures and locating pins",Cleaning,No debris,Yes,No,OK,,,TECH-10,2026-06-16,No
WO-00207-T03,WO-00207,MC-021,Assembly Stn AS-03,CL-ASSY,3,Torque tool calibration verification,Measurement,+/- 3 % of setpoint,Yes,Yes,OK,38.55,,TECH-10,2026-06-16,No
WO-00207-T04,WO-00207,MC-021,Assembly Stn AS-03,CL-ASSY,4,Poka-yoke sensor function test,Functional,All sensors respond,Yes,Yes,OK,,,TECH-10,2026-06-16,No
WO-00207-T05,WO-00207,MC-021,Assembly Stn AS-03,CL-ASSY,5,Pneumatic FRL check and drain,Visual,"Bowl clean, no water",Yes,No,OK,,,TECH-10,2026-06-16,No
WO-00207-T06,WO-00207,MC-021,Assembly Stn AS-03,CL-ASSY,6,Fixture clamp wear and repeatability,Measurement,<= 0.05 mm,Yes,No,OK,47.59,,TECH-10,2026-06-16,No
WO-00207-T07,WO-00207,MC-021,Assembly Stn AS-03,CL-ASSY,7,Leak test rig master part verification,Functional,"Pass master, reject NG",Yes,Yes,OK,,,TECH-10,2026-06-16,No
WO-00207-T08,WO-00207,MC-021,Assembly Stn AS-03,CL-ASSY,8,Check station lighting and andon,Visual,>= 500 lux,No,No,OK,,,TECH-10,2026-06-16,No
WO-00207-T09,WO-00207,MC-021,Assembly Stn AS-03,CL-ASSY,9,Verify E-stop and light curtain,Safety,Stops within 1 s,Yes,Yes,OK,,,TECH-10,2026-06-16,No
WO-00207-T10,WO-00207,MC-021,Assembly Stn AS-03,CL-ASSY,10,Electrical panel cleaning and terminal tightness,Electrical,"No dust, no loose lug",Yes,Yes,OK,,,TECH-10,2026-06-16,No
WO-00208-T01,WO-00208,MC-022,Leak Test Rig LT-01,CL-ASSY,1,Lock out / tag out verified before start,Safety,LOTO applied,Yes,Yes,OK,,,TECH-10,2026-06-20,No
WO-00208-T02,WO-00208,MC-022,Leak Test Rig LT-01,CL-ASSY,2,"Clean station, fixtures and locating pins",Cleaning,No debris,Yes,No,OK,,,TECH-10,2026-06-20,No
WO-00208-T03,WO-00208,MC-022,Leak Test Rig LT-01,CL-ASSY,3,Torque tool calibration verification,Measurement,+/- 3 % of setpoint,Yes,Yes,Not OK,57.19,Deviation observed - abnormality raised,TECH-10,2026-06-20,Yes
WO-00208-T04,WO-00208,MC-022,Leak Test Rig LT-01,CL-ASSY,4,Poka-yoke sensor function test,Functional,All sensors respond,Yes,Yes,OK,,,TECH-10,2026-06-20,No
WO-00208-T05,WO-00208,MC-022,Leak Test Rig LT-01,CL-ASSY,5,Pneumatic FRL check and drain,Visual,"Bowl clean, no water",Yes,No,OK,,,TECH-10,2026-06-20,No
WO-00208-T06,WO-00208,MC-022,Leak Test Rig LT-01,CL-ASSY,6,Fixture clamp wear and repeatability,Measurement,<= 0.05 mm,Yes,No,OK,9.0,,TECH-10,2026-06-20,No
WO-00208-T07,WO-00208,MC-022,Leak Test Rig LT-01,CL-ASSY,7,Leak test rig master part verification,Functional,"Pass master, reject NG",Yes,Yes,OK,,,TECH-10,2026-06-20,No
WO-00208-T08,WO-00208,MC-022,Leak Test Rig LT-01,CL-ASSY,8,Check station lighting and andon,Visual,>= 500 lux,No,No,OK,,,TECH-10,2026-06-20,No
WO-00208-T09,WO-00208,MC-022,Leak Test Rig LT-01,CL-ASSY,9,Verify E-stop and light curtain,Safety,Stops within 1 s,Yes,Yes,OK,,,TECH-10,2026-06-20,No
WO-00208-T10,WO-00208,MC-022,Leak Test Rig LT-01,CL-ASSY,10,Electrical panel cleaning and terminal tightness,Electrical,"No dust, no loose lug",Yes,Yes,OK,,,TECH-10,2026-06-20,No
WO-00209-T01,WO-00209,MC-023,Assy Conveyor CV-01,CL-UTIL,1,Lock out / tag out verified before start,Safety,LOTO applied,Yes,Yes,OK,,,TECH-10,2026-06-23,No
WO-00209-T02,WO-00209,MC-023,Assy Conveyor CV-01,CL-UTIL,2,General cleaning and housekeeping,Cleaning,No debris,Yes,No,OK,,,TECH-10,2026-06-23,No
WO-00209-T03,WO-00209,MC-023,Assy Conveyor CV-01,CL-UTIL,3,Belt / chain tension and alignment,Measurement,As per OEM,Yes,No,OK,38.89,,TECH-10,2026-06-23,No
WO-00209-T04,WO-00209,MC-023,Assy Conveyor CV-01,CL-UTIL,4,Bearing greasing as per lube chart,Lubrication,All points,Yes,No,OK,,,TECH-10,2026-06-23,No
WO-00209-T05,WO-00209,MC-023,Assy Conveyor CV-01,CL-UTIL,5,Motor current and vibration check,Measurement,"<= FLC, <= 4.5 mm/s",Yes,No,OK,22.05,,TECH-10,2026-06-23,No
WO-00209-T06,WO-00209,MC-023,Assy Conveyor CV-01,CL-UTIL,6,Air / oil filter condition,Visual,Clean or replace,Yes,No,OK,,,TECH-10,2026-06-23,No
WO-00209-T07,WO-00209,MC-023,Assy Conveyor CV-01,CL-UTIL,7,Condensate drain and moisture trap,Cleaning,Free draining,Yes,No,OK,,,TECH-10,2026-06-23,No
WO-00209-T08,WO-00209,MC-023,Assy Conveyor CV-01,CL-UTIL,8,Safety guard and E-stop check,Safety,Functional,Yes,Yes,OK,,,TECH-10,2026-06-23,No
WO-00209-T09,WO-00209,MC-023,Assy Conveyor CV-01,CL-UTIL,9,Electrical panel cleaning and terminal tightness,Electrical,"No dust, no loose lug",Yes,Yes,OK,,,TECH-10,2026-06-23,No
WO-00220-T01,WO-00220,MC-024,Paint Booth PB-01,CL-PAINT,1,Lock out / tag out verified before start,Safety,LOTO applied,Yes,Yes,OK,,,TECH-09,2025-04-09,No
WO-00220-T02,WO-00220,MC-024,Paint Booth PB-01,CL-PAINT,2,Replace / clean intake and exhaust filters,Cleaning,dP <= 250 Pa,Yes,No,OK,,,TECH-09,2025-04-09,No
WO-00220-T03,WO-00220,MC-024,Paint Booth PB-01,CL-PAINT,3,Booth air velocity check,Measurement,0.4 - 0.6 m/s,Yes,Yes,OK,45.9,,TECH-09,2025-04-09,No
WO-00220-T04,WO-00220,MC-024,Paint Booth PB-01,CL-PAINT,4,Spray gun / applicator cleaning and nozzle wear,Visual,No orifice wear,Yes,No,OK,,,TECH-09,2025-04-09,No
WO-00220-T05,WO-00220,MC-024,Paint Booth PB-01,CL-PAINT,5,Paint circulation pump pressure,Measurement,3 - 5 bar,Yes,No,OK,34.65,,TECH-09,2025-04-09,No
WO-00220-T06,WO-00220,MC-024,Paint Booth PB-01,CL-PAINT,6,Oven zone temperature uniformity survey,Measurement,+/- 5 deg C,Yes,No,OK,32.0,,TECH-09,2025-04-09,No
WO-00220-T07,WO-00220,MC-024,Paint Booth PB-01,CL-PAINT,7,Conveyor chain lubrication and tension,Lubrication,Sag <= 15 mm,Yes,No,OK,,,TECH-09,2025-04-09,No
WO-00220-T08,WO-00220,MC-024,Paint Booth PB-01,CL-PAINT,8,Fire suppression and gas detection check,Safety,"System armed, no fault",Yes,Yes,OK,,,TECH-09,2025-04-09,No
WO-00220-T09,WO-00220,MC-024,Paint Booth PB-01,CL-PAINT,9,Exhaust stack and scrubber condition,Visual,No blockage,Yes,No,OK,,,TECH-09,2025-04-09,No
WO-00220-T10,WO-00220,MC-024,Paint Booth PB-01,CL-PAINT,10,Electrical panel cleaning (flame-proof integrity),Electrical,Glands intact,Yes,Yes,OK,,,TECH-09,2025-04-09,No
WO-00221-T01,WO-00221,MC-025,Curing Oven CO-01,CL-PAINT,1,Lock out / tag out verified before start,Safety,LOTO applied,Yes,Yes,OK,,,TECH-09,2025-04-15,No
WO-00221-T02,WO-00221,MC-025,Curing Oven CO-01,CL-PAINT,2,Replace / clean intake and exhaust filters,Cleaning,dP <= 250 Pa,Yes,No,OK,,,TECH-09,2025-04-15,No
WO-00221-T03,WO-00221,MC-025,Curing Oven CO-01,CL-PAINT,3,Booth air velocity check,Measurement,0.4 - 0.6 m/s,Yes,Yes,OK,11.57,,TECH-09,2025-04-15,No
WO-00221-T04,WO-00221,MC-025,Curing Oven CO-01,CL-PAINT,4,Spray gun / applicator cleaning and nozzle wear,Visual,No orifice wear,Yes,No,OK,,,TECH-09,2025-04-15,No
WO-00221-T05,WO-00221,MC-025,Curing Oven CO-01,CL-PAINT,5,Paint circulation pump pressure,Measurement,3 - 5 bar,Yes,No,OK,31.31,,TECH-09,2025-04-15,No
WO-00221-T06,WO-00221,MC-025,Curing Oven CO-01,CL-PAINT,6,Oven zone temperature uniformity survey,Measurement,+/- 5 deg C,Yes,No,OK,54.86,,TECH-09,2025-04-15,No
WO-00221-T07,WO-00221,MC-025,Curing Oven CO-01,CL-PAINT,7,Conveyor chain lubrication and tension,Lubrication,Sag <= 15 mm,Yes,No,OK,,,TECH-09,2025-04-15,No
WO-00221-T08,WO-00221,MC-025,Curing Oven CO-01,CL-PAINT,8,Fire suppression and gas detection check,Safety,"System armed, no fault",Yes,Yes,OK,,,TECH-09,2025-04-15,No
WO-00221-T09,WO-00221,MC-025,Curing Oven CO-01,CL-PAINT,9,Exhaust stack and scrubber condition,Visual,No blockage,Yes,No,OK,,,TECH-09,2025-04-15,No
WO-00221-T10,WO-00221,MC-025,Curing Oven CO-01,CL-PAINT,10,Electrical panel cleaning (flame-proof integrity),Electrical,Glands intact,Yes,Yes,OK,,,TECH-09,2025-04-15,No
WO-00222-T01,WO-00222,MC-026,Paint Chiller CH-02,CL-UTIL,1,Lock out / tag out verified before start,Safety,LOTO applied,Yes,Yes,OK,,,TECH-09,2025-04-24,No
WO-00222-T02,WO-00222,MC-026,Paint Chiller CH-02,CL-UTIL,2,General cleaning and housekeeping,Cleaning,No debris,Yes,No,OK,,,TECH-09,2025-04-24,No
WO-00222-T03,WO-00222,MC-026,Paint Chiller CH-02,CL-UTIL,3,Belt / chain tension and alignment,Measurement,As per OEM,Yes,No,OK,41.79,,TECH-09,2025-04-24,No
WO-00222-T04,WO-00222,MC-026,Paint Chiller CH-02,CL-UTIL,4,Bearing greasing as per lube chart,Lubrication,All points,Yes,No,OK,,,TECH-09,2025-04-24,No
WO-00222-T05,WO-00222,MC-026,Paint Chiller CH-02,CL-UTIL,5,Motor current and vibration check,Measurement,"<= FLC, <= 4.5 mm/s",Yes,No,OK,59.92,,TECH-09,2025-04-24,No
WO-00222-T06,WO-00222,MC-026,Paint Chiller CH-02,CL-UTIL,6,Air / oil filter condition,Visual,Clean or replace,Yes,No,OK,,,TECH-09,2025-04-24,No
WO-00222-T07,WO-00222,MC-026,Paint Chiller CH-02,CL-UTIL,7,Condensate drain and moisture trap,Cleaning,Free draining,Yes,No,OK,,,TECH-09,2025-04-24,No
WO-00222-T08,WO-00222,MC-026,Paint Chiller CH-02,CL-UTIL,8,Safety guard and E-stop check,Safety,Functional,Yes,Yes,OK,,,TECH-09,2025-04-24,No
WO-00222-T09,WO-00222,MC-026,Paint Chiller CH-02,CL-UTIL,9,Electrical panel cleaning and terminal tightness,Electrical,"No dust, no loose lug",Yes,Yes,OK,,,TECH-09,2025-04-24,No
WO-00223-T01,WO-00223,MC-024,Paint Booth PB-01,CL-PAINT,1,Lock out / tag out verified before start,Safety,LOTO applied,Yes,Yes,OK,,,TECH-07,2026-02-07,No
WO-00223-T02,WO-00223,MC-024,Paint Booth PB-01,CL-PAINT,2,Replace / clean intake and exhaust filters,Cleaning,dP <= 250 Pa,Yes,No,OK,,,TECH-07,2026-02-07,No
WO-00223-T03,WO-00223,MC-024,Paint Booth PB-01,CL-PAINT,3,Booth air velocity check,Measurement,0.4 - 0.6 m/s,Yes,Yes,OK,59.84,,TECH-07,2026-02-07,No
WO-00223-T04,WO-00223,MC-024,Paint Booth PB-01,CL-PAINT,4,Spray gun / applicator cleaning and nozzle wear,Visual,No orifice wear,Yes,No,OK,,,TECH-07,2026-02-07,No
WO-00223-T05,WO-00223,MC-024,Paint Booth PB-01,CL-PAINT,5,Paint circulation pump pressure,Measurement,3 - 5 bar,Yes,No,OK,48.73,,TECH-07,2026-02-07,No
WO-00223-T06,WO-00223,MC-024,Paint Booth PB-01,CL-PAINT,6,Oven zone temperature uniformity survey,Measurement,+/- 5 deg C,Yes,No,OK,58.07,,TECH-07,2026-02-07,No
WO-00223-T07,WO-00223,MC-024,Paint Booth PB-01,CL-PAINT,7,Conveyor chain lubrication and tension,Lubrication,Sag <= 15 mm,Yes,No,OK,,,TECH-07,2026-02-07,No
WO-00223-T08,WO-00223,MC-024,Paint Booth PB-01,CL-PAINT,8,Fire suppression and gas detection check,Safety,"System armed, no fault",Yes,Yes,Not OK,,Deviation observed - abnormality raised,TECH-07,2026-02-07,Yes
WO-00223-T09,WO-00223,MC-024,Paint Booth PB-01,CL-PAINT,9,Exhaust stack and scrubber condition,Visual,No blockage,Yes,No,OK,,,TECH-07,2026-02-07,No
WO-00223-T10,WO-00223,MC-024,Paint Booth PB-01,CL-PAINT,10,Electrical panel cleaning (flame-proof integrity),Electrical,Glands intact,Yes,Yes,OK,,,TECH-07,2026-02-07,No
WO-00224-T01,WO-00224,MC-025,Curing Oven CO-01,CL-PAINT,1,Lock out / tag out verified before start,Safety,LOTO applied,Yes,Yes,OK,,,TECH-07,2026-02-14,No
WO-00224-T02,WO-00224,MC-025,Curing Oven CO-01,CL-PAINT,2,Replace / clean intake and exhaust filters,Cleaning,dP <= 250 Pa,Yes,No,OK,,,TECH-07,2026-02-14,No
WO-00224-T03,WO-00224,MC-025,Curing Oven CO-01,CL-PAINT,3,Booth air velocity check,Measurement,0.4 - 0.6 m/s,Yes,Yes,OK,18.35,,TECH-07,2026-02-14,No
WO-00224-T04,WO-00224,MC-025,Curing Oven CO-01,CL-PAINT,4,Spray gun / applicator cleaning and nozzle wear,Visual,No orifice wear,Yes,No,OK,,,TECH-07,2026-02-14,No
WO-00224-T05,WO-00224,MC-025,Curing Oven CO-01,CL-PAINT,5,Paint circulation pump pressure,Measurement,3 - 5 bar,Yes,No,OK,9.87,,TECH-07,2026-02-14,No
WO-00224-T06,WO-00224,MC-025,Curing Oven CO-01,CL-PAINT,6,Oven zone temperature uniformity survey,Measurement,+/- 5 deg C,Yes,No,OK,42.72,,TECH-07,2026-02-14,No
WO-00224-T07,WO-00224,MC-025,Curing Oven CO-01,CL-PAINT,7,Conveyor chain lubrication and tension,Lubrication,Sag <= 15 mm,Yes,No,OK,,,TECH-07,2026-02-14,No
WO-00224-T08,WO-00224,MC-025,Curing Oven CO-01,CL-PAINT,8,Fire suppression and gas detection check,Safety,"System armed, no fault",Yes,Yes,OK,,,TECH-07,2026-02-14,No
WO-00224-T09,WO-00224,MC-025,Curing Oven CO-01,CL-PAINT,9,Exhaust stack and scrubber condition,Visual,No blockage,Yes,No,OK,,,TECH-07,2026-02-14,No
WO-00224-T10,WO-00224,MC-025,Curing Oven CO-01,CL-PAINT,10,Electrical panel cleaning (flame-proof integrity),Electrical,Glands intact,Yes,Yes,OK,,,TECH-07,2026-02-14,No
WO-00225-T01,WO-00225,MC-026,Paint Chiller CH-02,CL-UTIL,1,Lock out / tag out verified before start,Safety,LOTO applied,Yes,Yes,OK,,,TECH-07,2026-02-23,No
WO-00225-T02,WO-00225,MC-026,Paint Chiller CH-02,CL-UTIL,2,General cleaning and housekeeping,Cleaning,No debris,Yes,No,OK,,,TECH-07,2026-02-23,No
WO-00225-T03,WO-00225,MC-026,Paint Chiller CH-02,CL-UTIL,3,Belt / chain tension and alignment,Measurement,As per OEM,Yes,No,OK,12.46,,TECH-07,2026-02-23,No
WO-00225-T04,WO-00225,MC-026,Paint Chiller CH-02,CL-UTIL,4,Bearing greasing as per lube chart,Lubrication,All points,Yes,No,OK,,,TECH-07,2026-02-23,No
WO-00225-T05,WO-00225,MC-026,Paint Chiller CH-02,CL-UTIL,5,Motor current and vibration check,Measurement,"<= FLC, <= 4.5 mm/s",Yes,No,OK,8.76,,TECH-07,2026-02-23,No
WO-00225-T06,WO-00225,MC-026,Paint Chiller CH-02,CL-UTIL,6,Air / oil filter condition,Visual,Clean or replace,Yes,No,OK,,,TECH-07,2026-02-23,No
WO-00225-T07,WO-00225,MC-026,Paint Chiller CH-02,CL-UTIL,7,Condensate drain and moisture trap,Cleaning,Free draining,Yes,No,OK,,,TECH-07,2026-02-23,No
WO-00225-T08,WO-00225,MC-026,Paint Chiller CH-02,CL-UTIL,8,Safety guard and E-stop check,Safety,Functional,Yes,Yes,OK,,,TECH-07,2026-02-23,No
WO-00225-T09,WO-00225,MC-026,Paint Chiller CH-02,CL-UTIL,9,Electrical panel cleaning and terminal tightness,Electrical,"No dust, no loose lug",Yes,Yes,OK,,,TECH-07,2026-02-23,No
WO-00229-T01,WO-00229,MC-027,Robot Weld Cell RW-01,CL-WELD,1,Lock out / tag out verified before start,Safety,LOTO applied,Yes,Yes,OK,,,TECH-08,2025-01-09,No
WO-00229-T02,WO-00229,MC-027,Robot Weld Cell RW-01,CL-WELD,2,Torch / nozzle / contact tip replacement,Replacement,New tip fitted,Yes,No,OK,,,TECH-08,2025-01-09,No
WO-00229-T03,WO-00229,MC-027,Robot Weld Cell RW-01,CL-WELD,3,Wire feeder rollers and liner condition,Visual,No wear groove,Yes,No,OK,,,TECH-08,2025-01-09,No
WO-00229-T04,WO-00229,MC-027,Robot Weld Cell RW-01,CL-WELD,4,Shielding gas flow and leak check,Measurement,15 - 20 L/min,Yes,Yes,OK,8.22,,TECH-08,2025-01-09,No
WO-00229-T05,WO-00229,MC-027,Robot Weld Cell RW-01,CL-WELD,5,Robot TCP calibration check,Measurement,<= 0.5 mm deviation,Yes,Yes,OK,53.11,,TECH-08,2025-01-09,No
WO-00229-T06,WO-00229,MC-027,Robot Weld Cell RW-01,CL-WELD,6,Robot axis grease level / battery voltage,Lubrication,Battery >= 3.4 V,Yes,No,OK,,,TECH-08,2025-01-09,No
WO-00229-T07,WO-00229,MC-027,Robot Weld Cell RW-01,CL-WELD,7,Fume extraction flow rate,Measurement,>= 1000 m3/h,Yes,Yes,OK,4.41,,TECH-08,2025-01-09,No
WO-00229-T08,WO-00229,MC-027,Robot Weld Cell RW-01,CL-WELD,8,Positioner rotation and clamp function,Functional,"Smooth, no slip",Yes,No,OK,,,TECH-08,2025-01-09,No
WO-00229-T09,WO-00229,MC-027,Robot Weld Cell RW-01,CL-WELD,9,Weld cell light curtain and door interlock,Safety,Stops within 1 s,Yes,Yes,Not OK,,Deviation observed - abnormality raised,TECH-08,2025-01-09,Yes
WO-00229-T10,WO-00229,MC-027,Robot Weld Cell RW-01,CL-WELD,10,Water cooling circuit flow and leak check,Measurement,">= 4 L/min, no leak",Yes,No,OK,24.19,,TECH-08,2025-01-09,No
WO-00229-T11,WO-00229,MC-027,Robot Weld Cell RW-01,CL-WELD,11,Electrical panel cleaning and terminal tightness,Electrical,"No dust, no loose lug",Yes,Yes,OK,,,TECH-08,2025-01-09,No
WO-00230-T01,WO-00230,MC-028,Robot Weld Cell RW-02,CL-WELD,1,Lock out / tag out verified before start,Safety,LOTO applied,Yes,Yes,OK,,,TECH-04,2025-01-14,No
WO-00230-T02,WO-00230,MC-028,Robot Weld Cell RW-02,CL-WELD,2,Torch / nozzle / contact tip replacement,Replacement,New tip fitted,Yes,No,Not OK,,Deviation observed - abnormality raised,TECH-04,2025-01-14,Yes
WO-00230-T03,WO-00230,MC-028,Robot Weld Cell RW-02,CL-WELD,3,Wire feeder rollers and liner condition,Visual,No wear groove,Yes,No,OK,,,TECH-04,2025-01-14,No
WO-00230-T04,WO-00230,MC-028,Robot Weld Cell RW-02,CL-WELD,4,Shielding gas flow and leak check,Measurement,15 - 20 L/min,Yes,Yes,OK,7.96,,TECH-04,2025-01-14,No
WO-00230-T05,WO-00230,MC-028,Robot Weld Cell RW-02,CL-WELD,5,Robot TCP calibration check,Measurement,<= 0.5 mm deviation,Yes,Yes,OK,19.36,,TECH-04,2025-01-14,No
WO-00230-T06,WO-00230,MC-028,Robot Weld Cell RW-02,CL-WELD,6,Robot axis grease level / battery voltage,Lubrication,Battery >= 3.4 V,Yes,No,OK,,,TECH-04,2025-01-14,No
WO-00230-T07,WO-00230,MC-028,Robot Weld Cell RW-02,CL-WELD,7,Fume extraction flow rate,Measurement,>= 1000 m3/h,Yes,Yes,OK,4.91,,TECH-04,2025-01-14,No
WO-00230-T08,WO-00230,MC-028,Robot Weld Cell RW-02,CL-WELD,8,Positioner rotation and clamp function,Functional,"Smooth, no slip",Yes,No,OK,,,TECH-04,2025-01-14,No
WO-00230-T09,WO-00230,MC-028,Robot Weld Cell RW-02,CL-WELD,9,Weld cell light curtain and door interlock,Safety,Stops within 1 s,Yes,Yes,OK,,,TECH-04,2025-01-14,No
WO-00230-T10,WO-00230,MC-028,Robot Weld Cell RW-02,CL-WELD,10,Water cooling circuit flow and leak check,Measurement,">= 4 L/min, no leak",Yes,No,OK,28.22,,TECH-04,2025-01-14,No
WO-00230-T11,WO-00230,MC-028,Robot Weld Cell RW-02,CL-WELD,11,Electrical panel cleaning and terminal tightness,Electrical,"No dust, no loose lug",Yes,Yes,OK,,,TECH-04,2025-01-14,No
WO-00231-T01,WO-00231,MC-029,Positioner PZ-01,CL-UTIL,1,Lock out / tag out verified before start,Safety,LOTO applied,Yes,Yes,OK,,,TECH-09,2025-01-23,No
WO-00231-T02,WO-00231,MC-029,Positioner PZ-01,CL-UTIL,2,General cleaning and housekeeping,Cleaning,No debris,Yes,No,OK,,,TECH-09,2025-01-23,No
WO-00231-T03,WO-00231,MC-029,Positioner PZ-01,CL-UTIL,3,Belt / chain tension and alignment,Measurement,As per OEM,Yes,No,OK,57.99,,TECH-09,2025-01-23,No
WO-00231-T04,WO-00231,MC-029,Positioner PZ-01,CL-UTIL,4,Bearing greasing as per lube chart,Lubrication,All points,Yes,No,OK,,,TECH-09,2025-01-23,No
WO-00231-T05,WO-00231,MC-029,Positioner PZ-01,CL-UTIL,5,Motor current and vibration check,Measurement,"<= FLC, <= 4.5 mm/s",Yes,No,OK,26.24,,TECH-09,2025-01-23,No
WO-00231-T06,WO-00231,MC-029,Positioner PZ-01,CL-UTIL,6,Air / oil filter condition,Visual,Clean or replace,Yes,No,OK,,,TECH-09,2025-01-23,No
WO-00231-T07,WO-00231,MC-029,Positioner PZ-01,CL-UTIL,7,Condensate drain and moisture trap,Cleaning,Free draining,Yes,No,OK,,,TECH-09,2025-01-23,No
WO-00231-T08,WO-00231,MC-029,Positioner PZ-01,CL-UTIL,8,Safety guard and E-stop check,Safety,Functional,Yes,Yes,OK,,,TECH-09,2025-01-23,No
WO-00231-T09,WO-00231,MC-029,Positioner PZ-01,CL-UTIL,9,Electrical panel cleaning and terminal tightness,Electrical,"No dust, no loose lug",Yes,Yes,OK,,,TECH-09,2025-01-23,No
WO-00232-T01,WO-00232,MC-030,Weld Compressor AC-02,CL-UTIL,1,Lock out / tag out verified before start,Safety,LOTO applied,Yes,Yes,OK,,,TECH-08,2025-01-26,No
WO-00232-T02,WO-00232,MC-030,Weld Compressor AC-02,CL-UTIL,2,General cleaning and housekeeping,Cleaning,No debris,Yes,No,OK,,,TECH-08,2025-01-26,No
WO-00232-T03,WO-00232,MC-030,Weld Compressor AC-02,CL-UTIL,3,Belt / chain tension and alignment,Measurement,As per OEM,Yes,No,OK,56.12,,TECH-08,2025-01-26,No
WO-00232-T04,WO-00232,MC-030,Weld Compressor AC-02,CL-UTIL,4,Bearing greasing as per lube chart,Lubrication,All points,Yes,No,OK,,,TECH-08,2025-01-26,No
WO-00232-T05,WO-00232,MC-030,Weld Compressor AC-02,CL-UTIL,5,Motor current and vibration check,Measurement,"<= FLC, <= 4.5 mm/s",Yes,No,OK,13.92,,TECH-08,2025-01-26,No
WO-00232-T06,WO-00232,MC-030,Weld Compressor AC-02,CL-UTIL,6,Air / oil filter condition,Visual,Clean or replace,Yes,No,OK,,,TECH-08,2025-01-26,No
WO-00232-T07,WO-00232,MC-030,Weld Compressor AC-02,CL-UTIL,7,Condensate drain and moisture trap,Cleaning,Free draining,Yes,No,OK,,,TECH-08,2025-01-26,No
WO-00232-T08,WO-00232,MC-030,Weld Compressor AC-02,CL-UTIL,8,Safety guard and E-stop check,Safety,Functional,Yes,Yes,OK,,,TECH-08,2025-01-26,No
WO-00232-T09,WO-00232,MC-030,Weld Compressor AC-02,CL-UTIL,9,Electrical panel cleaning and terminal tightness,Electrical,"No dust, no loose lug",Yes,Yes,OK,,,TECH-08,2025-01-26,No
WO-00233-T01,WO-00233,MC-027,Robot Weld Cell RW-01,CL-WELD,1,Lock out / tag out verified before start,Safety,LOTO applied,Yes,Yes,OK,,,TECH-09,2025-07-05,No
WO-00233-T02,WO-00233,MC-027,Robot Weld Cell RW-01,CL-WELD,2,Torch / nozzle / contact tip replacement,Replacement,New tip fitted,Yes,No,OK,,,TECH-09,2025-07-05,No
WO-00233-T03,WO-00233,MC-027,Robot Weld Cell RW-01,CL-WELD,3,Wire feeder rollers and liner condition,Visual,No wear groove,Yes,No,OK,,,TECH-09,2025-07-05,No
WO-00233-T04,WO-00233,MC-027,Robot Weld Cell RW-01,CL-WELD,4,Shielding gas flow and leak check,Measurement,15 - 20 L/min,Yes,Yes,OK,33.28,,TECH-09,2025-07-05,No
WO-00233-T05,WO-00233,MC-027,Robot Weld Cell RW-01,CL-WELD,5,Robot TCP calibration check,Measurement,<= 0.5 mm deviation,Yes,Yes,OK,7.95,,TECH-09,2025-07-05,No
WO-00233-T06,WO-00233,MC-027,Robot Weld Cell RW-01,CL-WELD,6,Robot axis grease level / battery voltage,Lubrication,Battery >= 3.4 V,Yes,No,OK,,,TECH-09,2025-07-05,No
WO-00233-T07,WO-00233,MC-027,Robot Weld Cell RW-01,CL-WELD,7,Fume extraction flow rate,Measurement,>= 1000 m3/h,Yes,Yes,OK,18.52,,TECH-09,2025-07-05,No
WO-00233-T08,WO-00233,MC-027,Robot Weld Cell RW-01,CL-WELD,8,Positioner rotation and clamp function,Functional,"Smooth, no slip",Yes,No,OK,,,TECH-09,2025-07-05,No
WO-00233-T09,WO-00233,MC-027,Robot Weld Cell RW-01,CL-WELD,9,Weld cell light curtain and door interlock,Safety,Stops within 1 s,Yes,Yes,OK,,,TECH-09,2025-07-05,No
WO-00233-T10,WO-00233,MC-027,Robot Weld Cell RW-01,CL-WELD,10,Water cooling circuit flow and leak check,Measurement,">= 4 L/min, no leak",Yes,No,OK,32.24,,TECH-09,2025-07-05,No
WO-00233-T11,WO-00233,MC-027,Robot Weld Cell RW-01,CL-WELD,11,Electrical panel cleaning and terminal tightness,Electrical,"No dust, no loose lug",Yes,Yes,OK,,,TECH-09,2025-07-05,No
WO-00234-T01,WO-00234,MC-028,Robot Weld Cell RW-02,CL-WELD,1,Lock out / tag out verified before start,Safety,LOTO applied,Yes,Yes,OK,,,TECH-08,2025-07-16,No
WO-00234-T02,WO-00234,MC-028,Robot Weld Cell RW-02,CL-WELD,2,Torch / nozzle / contact tip replacement,Replacement,New tip fitted,Yes,No,OK,,,TECH-08,2025-07-16,No
WO-00234-T03,WO-00234,MC-028,Robot Weld Cell RW-02,CL-WELD,3,Wire feeder rollers and liner condition,Visual,No wear groove,Yes,No,OK,,,TECH-08,2025-07-16,No
WO-00234-T04,WO-00234,MC-028,Robot Weld Cell RW-02,CL-WELD,4,Shielding gas flow and leak check,Measurement,15 - 20 L/min,Yes,Yes,OK,43.38,,TECH-08,2025-07-16,No
WO-00234-T05,WO-00234,MC-028,Robot Weld Cell RW-02,CL-WELD,5,Robot TCP calibration check,Measurement,<= 0.5 mm deviation,Yes,Yes,OK,36.51,,TECH-08,2025-07-16,No
WO-00234-T06,WO-00234,MC-028,Robot Weld Cell RW-02,CL-WELD,6,Robot axis grease level / battery voltage,Lubrication,Battery >= 3.4 V,Yes,No,OK,,,TECH-08,2025-07-16,No
WO-00234-T07,WO-00234,MC-028,Robot Weld Cell RW-02,CL-WELD,7,Fume extraction flow rate,Measurement,>= 1000 m3/h,Yes,Yes,OK,50.63,,TECH-08,2025-07-16,No
WO-00234-T08,WO-00234,MC-028,Robot Weld Cell RW-02,CL-WELD,8,Positioner rotation and clamp function,Functional,"Smooth, no slip",Yes,No,OK,,,TECH-08,2025-07-16,No
WO-00234-T09,WO-00234,MC-028,Robot Weld Cell RW-02,CL-WELD,9,Weld cell light curtain and door interlock,Safety,Stops within 1 s,Yes,Yes,OK,,,TECH-08,2025-07-16,No
WO-00234-T10,WO-00234,MC-028,Robot Weld Cell RW-02,CL-WELD,10,Water cooling circuit flow and leak check,Measurement,">= 4 L/min, no leak",Yes,No,OK,34.04,,TECH-08,2025-07-16,No
WO-00234-T11,WO-00234,MC-028,Robot Weld Cell RW-02,CL-WELD,11,Electrical panel cleaning and terminal tightness,Electrical,"No dust, no loose lug",Yes,Yes,OK,,,TECH-08,2025-07-16,No
WO-00235-T01,WO-00235,MC-029,Positioner PZ-01,CL-UTIL,1,Lock out / tag out verified before start,Safety,LOTO applied,Yes,Yes,OK,,,TECH-04,2025-07-20,No
WO-00235-T02,WO-00235,MC-029,Positioner PZ-01,CL-UTIL,2,General cleaning and housekeeping,Cleaning,No debris,Yes,No,OK,,,TECH-04,2025-07-20,No
WO-00235-T03,WO-00235,MC-029,Positioner PZ-01,CL-UTIL,3,Belt / chain tension and alignment,Measurement,As per OEM,Yes,No,OK,34.54,,TECH-04,2025-07-20,No
WO-00235-T04,WO-00235,MC-029,Positioner PZ-01,CL-UTIL,4,Bearing greasing as per lube chart,Lubrication,All points,Yes,No,OK,,,TECH-04,2025-07-20,No
WO-00235-T05,WO-00235,MC-029,Positioner PZ-01,CL-UTIL,5,Motor current and vibration check,Measurement,"<= FLC, <= 4.5 mm/s",Yes,No,OK,37.28,,TECH-04,2025-07-20,No
WO-00235-T06,WO-00235,MC-029,Positioner PZ-01,CL-UTIL,6,Air / oil filter condition,Visual,Clean or replace,Yes,No,OK,,,TECH-04,2025-07-20,No
WO-00235-T07,WO-00235,MC-029,Positioner PZ-01,CL-UTIL,7,Condensate drain and moisture trap,Cleaning,Free draining,Yes,No,OK,,,TECH-04,2025-07-20,No
WO-00235-T08,WO-00235,MC-029,Positioner PZ-01,CL-UTIL,8,Safety guard and E-stop check,Safety,Functional,Yes,Yes,OK,,,TECH-04,2025-07-20,No
WO-00235-T09,WO-00235,MC-029,Positioner PZ-01,CL-UTIL,9,Electrical panel cleaning and terminal tightness,Electrical,"No dust, no loose lug",Yes,Yes,OK,,,TECH-04,2025-07-20,No
WO-00236-T01,WO-00236,MC-030,Weld Compressor AC-02,CL-UTIL,1,Lock out / tag out verified before start,Safety,LOTO applied,Yes,Yes,OK,,,TECH-09,2025-08-09,No
WO-00236-T02,WO-00236,MC-030,Weld Compressor AC-02,CL-UTIL,2,General cleaning and housekeeping,Cleaning,No debris,Yes,No,OK,,,TECH-09,2025-08-09,No
WO-00236-T03,WO-00236,MC-030,Weld Compressor AC-02,CL-UTIL,3,Belt / chain tension and alignment,Measurement,As per OEM,Yes,No,OK,48.38,,TECH-09,2025-08-09,No
WO-00236-T04,WO-00236,MC-030,Weld Compressor AC-02,CL-UTIL,4,Bearing greasing as per lube chart,Lubrication,All points,Yes,No,Not OK,,Deviation observed - abnormality raised,TECH-09,2025-08-09,Yes
WO-00236-T05,WO-00236,MC-030,Weld Compressor AC-02,CL-UTIL,5,Motor current and vibration check,Measurement,"<= FLC, <= 4.5 mm/s",Yes,No,OK,41.26,,TECH-09,2025-08-09,No
WO-00236-T06,WO-00236,MC-030,Weld Compressor AC-02,CL-UTIL,6,Air / oil filter condition,Visual,Clean or replace,Yes,No,OK,,,TECH-09,2025-08-09,No
WO-00236-T07,WO-00236,MC-030,Weld Compressor AC-02,CL-UTIL,7,Condensate drain and moisture trap,Cleaning,Free draining,Yes,No,OK,,,TECH-09,2025-08-09,No
WO-00236-T08,WO-00236,MC-030,Weld Compressor AC-02,CL-UTIL,8,Safety guard and E-stop check,Safety,Functional,Yes,Yes,Not OK,,Deviation observed - abnormality raised,TECH-09,2025-08-09,Yes
WO-00236-T09,WO-00236,MC-030,Weld Compressor AC-02,CL-UTIL,9,Electrical panel cleaning and terminal tightness,Electrical,"No dust, no loose lug",Yes,Yes,OK,,,TECH-09,2025-08-09,No
WO-00237-T01,WO-00237,MC-027,Robot Weld Cell RW-01,CL-WELD,1,Lock out / tag out verified before start,Safety,LOTO applied,Yes,Yes,OK,,,TECH-04,2025-12-03,No
WO-00237-T02,WO-00237,MC-027,Robot Weld Cell RW-01,CL-WELD,2,Torch / nozzle / contact tip replacement,Replacement,New tip fitted,Yes,No,OK,,,TECH-04,2025-12-03,No
WO-00237-T03,WO-00237,MC-027,Robot Weld Cell RW-01,CL-WELD,3,Wire feeder rollers and liner condition,Visual,No wear groove,Yes,No,OK,,,TECH-04,2025-12-03,No
WO-00237-T04,WO-00237,MC-027,Robot Weld Cell RW-01,CL-WELD,4,Shielding gas flow and leak check,Measurement,15 - 20 L/min,Yes,Yes,OK,28.13,,TECH-04,2025-12-03,No
WO-00237-T05,WO-00237,MC-027,Robot Weld Cell RW-01,CL-WELD,5,Robot TCP calibration check,Measurement,<= 0.5 mm deviation,Yes,Yes,OK,20.74,,TECH-04,2025-12-03,No
WO-00237-T06,WO-00237,MC-027,Robot Weld Cell RW-01,CL-WELD,6,Robot axis grease level / battery voltage,Lubrication,Battery >= 3.4 V,Yes,No,OK,,,TECH-04,2025-12-03,No
WO-00237-T07,WO-00237,MC-027,Robot Weld Cell RW-01,CL-WELD,7,Fume extraction flow rate,Measurement,>= 1000 m3/h,Yes,Yes,OK,9.05,,TECH-04,2025-12-03,No
WO-00237-T08,WO-00237,MC-027,Robot Weld Cell RW-01,CL-WELD,8,Positioner rotation and clamp function,Functional,"Smooth, no slip",Yes,No,OK,,,TECH-04,2025-12-03,No
WO-00237-T09,WO-00237,MC-027,Robot Weld Cell RW-01,CL-WELD,9,Weld cell light curtain and door interlock,Safety,Stops within 1 s,Yes,Yes,OK,,,TECH-04,2025-12-03,No
WO-00237-T10,WO-00237,MC-027,Robot Weld Cell RW-01,CL-WELD,10,Water cooling circuit flow and leak check,Measurement,">= 4 L/min, no leak",Yes,No,OK,51.76,,TECH-04,2025-12-03,No
WO-00237-T11,WO-00237,MC-027,Robot Weld Cell RW-01,CL-WELD,11,Electrical panel cleaning and terminal tightness,Electrical,"No dust, no loose lug",Yes,Yes,OK,,,TECH-04,2025-12-03,No
WO-00239-T01,WO-00239,MC-029,Positioner PZ-01,CL-UTIL,1,Lock out / tag out verified before start,Safety,LOTO applied,Yes,Yes,OK,,,TECH-08,2025-12-19,No
WO-00239-T02,WO-00239,MC-029,Positioner PZ-01,CL-UTIL,2,General cleaning and housekeeping,Cleaning,No debris,Yes,No,OK,,,TECH-08,2025-12-19,No
WO-00239-T03,WO-00239,MC-029,Positioner PZ-01,CL-UTIL,3,Belt / chain tension and alignment,Measurement,As per OEM,Yes,No,OK,33.92,,TECH-08,2025-12-19,No
WO-00239-T04,WO-00239,MC-029,Positioner PZ-01,CL-UTIL,4,Bearing greasing as per lube chart,Lubrication,All points,Yes,No,OK,,,TECH-08,2025-12-19,No
WO-00239-T05,WO-00239,MC-029,Positioner PZ-01,CL-UTIL,5,Motor current and vibration check,Measurement,"<= FLC, <= 4.5 mm/s",Yes,No,OK,19.49,,TECH-08,2025-12-19,No
WO-00239-T06,WO-00239,MC-029,Positioner PZ-01,CL-UTIL,6,Air / oil filter condition,Visual,Clean or replace,Yes,No,OK,,,TECH-08,2025-12-19,No
WO-00239-T07,WO-00239,MC-029,Positioner PZ-01,CL-UTIL,7,Condensate drain and moisture trap,Cleaning,Free draining,Yes,No,OK,,,TECH-08,2025-12-19,No
WO-00239-T08,WO-00239,MC-029,Positioner PZ-01,CL-UTIL,8,Safety guard and E-stop check,Safety,Functional,Yes,Yes,OK,,,TECH-08,2025-12-19,No
WO-00239-T09,WO-00239,MC-029,Positioner PZ-01,CL-UTIL,9,Electrical panel cleaning and terminal tightness,Electrical,"No dust, no loose lug",Yes,Yes,OK,,,TECH-08,2025-12-19,No
WO-00240-T01,WO-00240,MC-030,Weld Compressor AC-02,CL-UTIL,1,Lock out / tag out verified before start,Safety,LOTO applied,Yes,Yes,OK,,,TECH-04,2025-12-23,No
WO-00240-T02,WO-00240,MC-030,Weld Compressor AC-02,CL-UTIL,2,General cleaning and housekeeping,Cleaning,No debris,Yes,No,OK,,,TECH-04,2025-12-23,No
WO-00240-T03,WO-00240,MC-030,Weld Compressor AC-02,CL-UTIL,3,Belt / chain tension and alignment,Measurement,As per OEM,Yes,No,OK,56.75,,TECH-04,2025-12-23,No
WO-00240-T04,WO-00240,MC-030,Weld Compressor AC-02,CL-UTIL,4,Bearing greasing as per lube chart,Lubrication,All points,Yes,No,OK,,,TECH-04,2025-12-23,No
WO-00240-T05,WO-00240,MC-030,Weld Compressor AC-02,CL-UTIL,5,Motor current and vibration check,Measurement,"<= FLC, <= 4.5 mm/s",Yes,No,OK,51.92,,TECH-04,2025-12-23,No
WO-00240-T06,WO-00240,MC-030,Weld Compressor AC-02,CL-UTIL,6,Air / oil filter condition,Visual,Clean or replace,Yes,No,OK,,,TECH-04,2025-12-23,No
WO-00240-T07,WO-00240,MC-030,Weld Compressor AC-02,CL-UTIL,7,Condensate drain and moisture trap,Cleaning,Free draining,Yes,No,OK,,,TECH-04,2025-12-23,No
WO-00240-T08,WO-00240,MC-030,Weld Compressor AC-02,CL-UTIL,8,Safety guard and E-stop check,Safety,Functional,Yes,Yes,OK,,,TECH-04,2025-12-23,No
WO-00240-T09,WO-00240,MC-030,Weld Compressor AC-02,CL-UTIL,9,Electrical panel cleaning and terminal tightness,Electrical,"No dust, no loose lug",Yes,Yes,OK,,,TECH-04,2025-12-23,No
WO-00242-T01,WO-00242,MC-028,Robot Weld Cell RW-02,CL-WELD,1,Lock out / tag out verified before start,Safety,LOTO applied,Yes,Yes,OK,,,TECH-04,2026-07-06,No
WO-00242-T02,WO-00242,MC-028,Robot Weld Cell RW-02,CL-WELD,2,Torch / nozzle / contact tip replacement,Replacement,New tip fitted,Yes,No,OK,,,TECH-04,2026-07-06,No
WO-00242-T03,WO-00242,MC-028,Robot Weld Cell RW-02,CL-WELD,3,Wire feeder rollers and liner condition,Visual,No wear groove,Yes,No,OK,,,TECH-04,2026-07-06,No
WO-00242-T04,WO-00242,MC-028,Robot Weld Cell RW-02,CL-WELD,4,Shielding gas flow and leak check,Measurement,15 - 20 L/min,Yes,Yes,Not OK,45.91,Deviation observed - abnormality raised,TECH-04,2026-07-06,Yes
WO-00242-T05,WO-00242,MC-028,Robot Weld Cell RW-02,CL-WELD,5,Robot TCP calibration check,Measurement,<= 0.5 mm deviation,Yes,Yes,OK,30.15,,TECH-04,2026-07-06,No
WO-00242-T06,WO-00242,MC-028,Robot Weld Cell RW-02,CL-WELD,6,Robot axis grease level / battery voltage,Lubrication,Battery >= 3.4 V,Yes,No,OK,,,TECH-04,2026-07-06,No
WO-00242-T07,WO-00242,MC-028,Robot Weld Cell RW-02,CL-WELD,7,Fume extraction flow rate,Measurement,>= 1000 m3/h,Yes,Yes,OK,31.13,,TECH-04,2026-07-06,No
WO-00242-T08,WO-00242,MC-028,Robot Weld Cell RW-02,CL-WELD,8,Positioner rotation and clamp function,Functional,"Smooth, no slip",Yes,No,OK,,,TECH-04,2026-07-06,No
WO-00242-T09,WO-00242,MC-028,Robot Weld Cell RW-02,CL-WELD,9,Weld cell light curtain and door interlock,Safety,Stops within 1 s,Yes,Yes,OK,,,TECH-04,2026-07-06,No
WO-00242-T10,WO-00242,MC-028,Robot Weld Cell RW-02,CL-WELD,10,Water cooling circuit flow and leak check,Measurement,">= 4 L/min, no leak",Yes,No,OK,30.18,,TECH-04,2026-07-06,No
WO-00242-T11,WO-00242,MC-028,Robot Weld Cell RW-02,CL-WELD,11,Electrical panel cleaning and terminal tightness,Electrical,"No dust, no loose lug",Yes,Yes,OK,,,TECH-04,2026-07-06,No
WO-00243-T01,WO-00243,MC-029,Positioner PZ-01,CL-UTIL,1,Lock out / tag out verified before start,Safety,LOTO applied,Yes,Yes,Not OK,,Deviation observed - abnormality raised,TECH-09,2026-06-19,Yes
WO-00243-T02,WO-00243,MC-029,Positioner PZ-01,CL-UTIL,2,General cleaning and housekeeping,Cleaning,No debris,Yes,No,OK,,,TECH-09,2026-06-19,No
WO-00243-T03,WO-00243,MC-029,Positioner PZ-01,CL-UTIL,3,Belt / chain tension and alignment,Measurement,As per OEM,Yes,No,OK,3.51,,TECH-09,2026-06-19,No
WO-00243-T04,WO-00243,MC-029,Positioner PZ-01,CL-UTIL,4,Bearing greasing as per lube chart,Lubrication,All points,Yes,No,Not OK,,Deviation observed - abnormality raised,TECH-09,2026-06-19,Yes
WO-00243-T05,WO-00243,MC-029,Positioner PZ-01,CL-UTIL,5,Motor current and vibration check,Measurement,"<= FLC, <= 4.5 mm/s",Yes,No,OK,29.95,,TECH-09,2026-06-19,No
WO-00243-T06,WO-00243,MC-029,Positioner PZ-01,CL-UTIL,6,Air / oil filter condition,Visual,Clean or replace,Yes,No,Not OK,,Deviation observed - abnormality raised,TECH-09,2026-06-19,Yes
WO-00243-T07,WO-00243,MC-029,Positioner PZ-01,CL-UTIL,7,Condensate drain and moisture trap,Cleaning,Free draining,Yes,No,OK,,,TECH-09,2026-06-19,No
WO-00243-T08,WO-00243,MC-029,Positioner PZ-01,CL-UTIL,8,Safety guard and E-stop check,Safety,Functional,Yes,Yes,OK,,,TECH-09,2026-06-19,No
WO-00243-T09,WO-00243,MC-029,Positioner PZ-01,CL-UTIL,9,Electrical panel cleaning and terminal tightness,Electrical,"No dust, no loose lug",Yes,Yes,OK,,,TECH-09,2026-06-19,No
WO-00244-T01,WO-00244,MC-030,Weld Compressor AC-02,CL-UTIL,1,Lock out / tag out verified before start,Safety,LOTO applied,Yes,Yes,OK,,,TECH-08,2026-06-26,No
WO-00244-T02,WO-00244,MC-030,Weld Compressor AC-02,CL-UTIL,2,General cleaning and housekeeping,Cleaning,No debris,Yes,No,OK,,,TECH-08,2026-06-26,No
WO-00244-T03,WO-00244,MC-030,Weld Compressor AC-02,CL-UTIL,3,Belt / chain tension and alignment,Measurement,As per OEM,Yes,No,OK,8.47,,TECH-08,2026-06-26,No
WO-00244-T04,WO-00244,MC-030,Weld Compressor AC-02,CL-UTIL,4,Bearing greasing as per lube chart,Lubrication,All points,Yes,No,OK,,,TECH-08,2026-06-26,No
WO-00244-T05,WO-00244,MC-030,Weld Compressor AC-02,CL-UTIL,5,Motor current and vibration check,Measurement,"<= FLC, <= 4.5 mm/s",Yes,No,OK,16.24,,TECH-08,2026-06-26,No
WO-00244-T06,WO-00244,MC-030,Weld Compressor AC-02,CL-UTIL,6,Air / oil filter condition,Visual,Clean or replace,Yes,No,OK,,,TECH-08,2026-06-26,No
WO-00244-T07,WO-00244,MC-030,Weld Compressor AC-02,CL-UTIL,7,Condensate drain and moisture trap,Cleaning,Free draining,Yes,No,OK,,,TECH-08,2026-06-26,No
WO-00244-T08,WO-00244,MC-030,Weld Compressor AC-02,CL-UTIL,8,Safety guard and E-stop check,Safety,Functional,Yes,Yes,OK,,,TECH-08,2026-06-26,No
WO-00244-T09,WO-00244,MC-030,Weld Compressor AC-02,CL-UTIL,9,Electrical panel cleaning and terminal tightness,Electrical,"No dust, no loose lug",Yes,Yes,OK,,,TECH-08,2026-06-26,No
WO-00253-T01,WO-00253,MC-031,Hyd Press HP-01,CL-PRESS,1,Lock out / tag out and ram blocked,Safety,Safety block inserted,Yes,Yes,OK,,,TECH-08,2025-08-06,No
WO-00253-T02,WO-00253,MC-031,Hyd Press HP-01,CL-PRESS,2,"Hydraulic oil level, temperature and sample",Measurement,"<= 55 deg C, ISO 18/16/13",Yes,No,OK,12.08,,TECH-08,2025-08-06,No
WO-00253-T03,WO-00253,MC-031,Hyd Press HP-01,CL-PRESS,3,Replace / inspect return-line filter,Replacement,dP indicator green,Yes,No,OK,,,TECH-08,2025-08-06,No
WO-00253-T04,WO-00253,MC-031,Hyd Press HP-01,CL-PRESS,4,Check for hydraulic leaks at hoses and manifolds,Visual,Zero leak,Yes,Yes,OK,,,TECH-08,2025-08-06,No
WO-00253-T05,WO-00253,MC-031,Hyd Press HP-01,CL-PRESS,5,Ram parallelism and slide gib clearance,Measurement,<= 0.10 mm,Yes,No,OK,33.42,,TECH-08,2025-08-06,No
WO-00253-T06,WO-00253,MC-031,Hyd Press HP-01,CL-PRESS,6,Brake / clutch response time test,Safety,<= 250 ms,Yes,Yes,OK,,,TECH-08,2025-08-06,No
WO-00253-T07,WO-00253,MC-031,Hyd Press HP-01,CL-PRESS,7,Bolster and die clamp integrity,Visual,"No crack, torque OK",Yes,Yes,OK,,,TECH-08,2025-08-06,No
WO-00253-T08,WO-00253,MC-031,Hyd Press HP-01,CL-PRESS,8,Lubrication system function and grease lines,Lubrication,All points receiving,Yes,No,OK,,,TECH-08,2025-08-06,No
WO-00253-T09,WO-00253,MC-031,Hyd Press HP-01,CL-PRESS,9,Two-hand control and light curtain test,Safety,Stops within spec,Yes,Yes,OK,,,TECH-08,2025-08-06,No
WO-00253-T10,WO-00253,MC-031,Hyd Press HP-01,CL-PRESS,10,Electrical panel cleaning and terminal tightness,Electrical,"No dust, no loose lug",Yes,Yes,OK,,,TECH-08,2025-08-06,No
WO-00254-T01,WO-00254,MC-032,Hyd Press HP-02,CL-PRESS,1,Lock out / tag out and ram blocked,Safety,Safety block inserted,Yes,Yes,OK,,,TECH-04,2025-08-20,No
WO-00254-T02,WO-00254,MC-032,Hyd Press HP-02,CL-PRESS,2,"Hydraulic oil level, temperature and sample",Measurement,"<= 55 deg C, ISO 18/16/13",Yes,No,Not OK,58.52,Deviation observed - abnormality raised,TECH-04,2025-08-20,Yes
WO-00254-T03,WO-00254,MC-032,Hyd Press HP-02,CL-PRESS,3,Replace / inspect return-line filter,Replacement,dP indicator green,Yes,No,Not OK,,Deviation observed - abnormality raised,TECH-04,2025-08-20,Yes
WO-00254-T04,WO-00254,MC-032,Hyd Press HP-02,CL-PRESS,4,Check for hydraulic leaks at hoses and manifolds,Visual,Zero leak,Yes,Yes,OK,,,TECH-04,2025-08-20,No
WO-00254-T05,WO-00254,MC-032,Hyd Press HP-02,CL-PRESS,5,Ram parallelism and slide gib clearance,Measurement,<= 0.10 mm,Yes,No,OK,23.94,,TECH-04,2025-08-20,No
WO-00254-T06,WO-00254,MC-032,Hyd Press HP-02,CL-PRESS,6,Brake / clutch response time test,Safety,<= 250 ms,Yes,Yes,OK,,,TECH-04,2025-08-20,No
WO-00254-T07,WO-00254,MC-032,Hyd Press HP-02,CL-PRESS,7,Bolster and die clamp integrity,Visual,"No crack, torque OK",Yes,Yes,OK,,,TECH-04,2025-08-20,No
WO-00254-T08,WO-00254,MC-032,Hyd Press HP-02,CL-PRESS,8,Lubrication system function and grease lines,Lubrication,All points receiving,Yes,No,OK,,,TECH-04,2025-08-20,No
WO-00254-T09,WO-00254,MC-032,Hyd Press HP-02,CL-PRESS,9,Two-hand control and light curtain test,Safety,Stops within spec,Yes,Yes,OK,,,TECH-04,2025-08-20,No
WO-00254-T10,WO-00254,MC-032,Hyd Press HP-02,CL-PRESS,10,Electrical panel cleaning and terminal tightness,Electrical,"No dust, no loose lug",Yes,Yes,Not OK,,Deviation observed - abnormality raised,TECH-04,2025-08-20,Yes
WO-00257-T01,WO-00257,MC-032,Hyd Press HP-02,CL-PRESS,1,Lock out / tag out and ram blocked,Safety,Safety block inserted,Yes,Yes,OK,,,TECH-04,2026-08-19,No
WO-00257-T02,WO-00257,MC-032,Hyd Press HP-02,CL-PRESS,2,"Hydraulic oil level, temperature and sample",Measurement,"<= 55 deg C, ISO 18/16/13",Yes,No,OK,2.82,,TECH-04,2026-08-19,No
WO-00257-T03,WO-00257,MC-032,Hyd Press HP-02,CL-PRESS,3,Replace / inspect return-line filter,Replacement,dP indicator green,Yes,No,OK,,,TECH-04,2026-08-19,No
WO-00257-T04,WO-00257,MC-032,Hyd Press HP-02,CL-PRESS,4,Check for hydraulic leaks at hoses and manifolds,Visual,Zero leak,Yes,Yes,OK,,,TECH-04,2026-08-19,No
WO-00257-T05,WO-00257,MC-032,Hyd Press HP-02,CL-PRESS,5,Ram parallelism and slide gib clearance,Measurement,<= 0.10 mm,Yes,No,OK,42.96,,TECH-04,2026-08-19,No
WO-00257-T06,WO-00257,MC-032,Hyd Press HP-02,CL-PRESS,6,Brake / clutch response time test,Safety,<= 250 ms,Yes,Yes,OK,,,TECH-04,2026-08-19,No
WO-00257-T07,WO-00257,MC-032,Hyd Press HP-02,CL-PRESS,7,Bolster and die clamp integrity,Visual,"No crack, torque OK",Yes,Yes,OK,,,TECH-04,2026-08-19,No
WO-00257-T08,WO-00257,MC-032,Hyd Press HP-02,CL-PRESS,8,Lubrication system function and grease lines,Lubrication,All points receiving,Yes,No,OK,,,TECH-04,2026-08-19,No
WO-00257-T09,WO-00257,MC-032,Hyd Press HP-02,CL-PRESS,9,Two-hand control and light curtain test,Safety,Stops within spec,Yes,Yes,OK,,,TECH-04,2026-08-19,No
WO-00257-T10,WO-00257,MC-032,Hyd Press HP-02,CL-PRESS,10,Electrical panel cleaning and terminal tightness,Electrical,"No dust, no loose lug",Yes,Yes,OK,,,TECH-04,2026-08-19,No
WO-00258-T01,WO-00258,MC-033,Press Feeder PF-01,CL-UTIL,1,Lock out / tag out verified before start,Safety,LOTO applied,Yes,Yes,OK,,,TECH-09,2026-08-24,No
WO-00258-T02,WO-00258,MC-033,Press Feeder PF-01,CL-UTIL,2,General cleaning and housekeeping,Cleaning,No debris,Yes,No,Not OK,,Deviation observed - abnormality raised,TECH-09,2026-08-24,Yes
WO-00258-T03,WO-00258,MC-033,Press Feeder PF-01,CL-UTIL,3,Belt / chain tension and alignment,Measurement,As per OEM,Yes,No,OK,20.01,,TECH-09,2026-08-24,No
WO-00258-T04,WO-00258,MC-033,Press Feeder PF-01,CL-UTIL,4,Bearing greasing as per lube chart,Lubrication,All points,Yes,No,OK,,,TECH-09,2026-08-24,No
WO-00258-T05,WO-00258,MC-033,Press Feeder PF-01,CL-UTIL,5,Motor current and vibration check,Measurement,"<= FLC, <= 4.5 mm/s",Yes,No,OK,36.98,,TECH-09,2026-08-24,No
WO-00258-T06,WO-00258,MC-033,Press Feeder PF-01,CL-UTIL,6,Air / oil filter condition,Visual,Clean or replace,Yes,No,OK,,,TECH-09,2026-08-24,No
